-- phpMyAdmin SQL Dump
-- version 4.1.14
-- http://www.phpmyadmin.net
--
-- Host: 127.0.0.1
-- Generation Time: Nov 12, 2018 at 03:22 PM
-- Server version: 5.6.17
-- PHP Version: 5.5.12

SET SQL_MODE = "NO_AUTO_VALUE_ON_ZERO";
SET time_zone = "+00:00";


/*!40101 SET @OLD_CHARACTER_SET_CLIENT=@@CHARACTER_SET_CLIENT */;
/*!40101 SET @OLD_CHARACTER_SET_RESULTS=@@CHARACTER_SET_RESULTS */;
/*!40101 SET @OLD_COLLATION_CONNECTION=@@COLLATION_CONNECTION */;
/*!40101 SET NAMES utf8 */;

--
-- Database: `5inarch`
--

-- --------------------------------------------------------

--
-- Stand-in structure for view `absall`
--
CREATE TABLE IF NOT EXISTS `absall` (
`stid` int(5)
,`stname` varchar(25)
,`stmob` varchar(25)
,`sttel` varchar(11)
,`stparenttype` varchar(15)
,`stparentname` varchar(25)
,`stparentmob` varchar(22)
,`stemail` varchar(25)
,`staddress` varchar(30)
,`stnationalid` varchar(14)
,`styear` varchar(15)
,`stterm` varchar(15)
,`stgroup` varchar(25)
,`stbalance` varchar(15)
,`matid` int(4)
,`matname` varchar(45)
,`matyear` varchar(15)
,`matterm` varchar(15)
,`absid` int(10)
,`date` date
,`students_stid` int(5)
,`material_matid` int(4)
);
-- --------------------------------------------------------

--
-- Table structure for table `absence`
--

CREATE TABLE IF NOT EXISTS `absence` (
  `absid` int(10) NOT NULL AUTO_INCREMENT,
  `date` date NOT NULL,
  `students_stid` int(5) NOT NULL,
  `material_matid` int(4) NOT NULL,
  PRIMARY KEY (`absid`,`students_stid`,`material_matid`),
  KEY `fk_absence_students1_idx` (`students_stid`),
  KEY `fk_absence_material1_idx` (`material_matid`)
) ENGINE=InnoDB  DEFAULT CHARSET=utf8 COLLATE=utf8_unicode_ci AUTO_INCREMENT=54 ;

--
-- Dumping data for table `absence`
--

INSERT INTO `absence` (`absid`, `date`, `students_stid`, `material_matid`) VALUES
(4, '2017-09-26', 34, 30),
(5, '2017-09-26', 35, 30),
(6, '2017-09-26', 36, 30),
(7, '2017-09-26', 37, 30),
(8, '2017-09-26', 40, 30),
(9, '2017-09-26', 45, 30),
(10, '2017-09-26', 46, 30),
(11, '2018-02-22', 2, 1),
(12, '2018-02-22', 3, 1),
(13, '2018-02-22', 4, 1),
(14, '2018-02-22', 5, 1),
(15, '2018-02-22', 6, 1),
(16, '2018-02-22', 7, 1),
(17, '2018-02-22', 8, 1),
(18, '2018-02-23', 1, 1),
(19, '2018-02-23', 2, 1),
(20, '2018-02-23', 3, 1),
(21, '2018-02-23', 4, 1),
(22, '2018-02-23', 5, 1),
(23, '2018-02-23', 6, 1),
(24, '2018-02-23', 8, 1),
(25, '2018-02-23', 9, 1),
(26, '2018-02-23', 11, 1),
(27, '2018-02-23', 13, 1),
(28, '2018-02-23', 14, 1),
(29, '2018-02-23', 15, 1),
(30, '2018-02-23', 16, 1),
(31, '2018-02-23', 17, 1),
(32, '2018-02-23', 18, 1),
(33, '2018-02-23', 19, 1),
(34, '2018-02-23', 20, 1),
(35, '2018-02-23', 21, 1),
(36, '2018-02-23', 22, 1),
(43, '2018-02-28', 1, 1),
(44, '2018-02-28', 2, 1),
(45, '2018-02-28', 3, 1),
(46, '2018-02-28', 4, 1),
(47, '2018-02-28', 5, 1),
(48, '2018-02-28', 6, 1),
(49, '2018-02-28', 1, 1),
(50, '2018-02-28', 2, 1),
(51, '2018-02-28', 3, 1),
(52, '2018-02-28', 4, 1),
(53, '2018-02-28', 5, 1);

-- --------------------------------------------------------

--
-- Table structure for table `administrators`
--

CREATE TABLE IF NOT EXISTS `administrators` (
  `adid` int(2) NOT NULL AUTO_INCREMENT,
  `adusername` varchar(25) COLLATE utf8_unicode_ci NOT NULL,
  `adpassword` varchar(25) COLLATE utf8_unicode_ci NOT NULL,
  PRIMARY KEY (`adid`)
) ENGINE=InnoDB  DEFAULT CHARSET=utf8 COLLATE=utf8_unicode_ci AUTO_INCREMENT=2 ;

--
-- Dumping data for table `administrators`
--

INSERT INTO `administrators` (`adid`, `adusername`, `adpassword`) VALUES
(1, '1', '1');

-- --------------------------------------------------------

--
-- Table structure for table `application_setting`
--

CREATE TABLE IF NOT EXISTS `application_setting` (
  `id` int(11) NOT NULL,
  `course_price` int(11) DEFAULT NULL,
  `final_revision_price` int(11) DEFAULT NULL,
  `one_material_price` int(11) DEFAULT NULL,
  `revision_price` int(11) DEFAULT NULL,
  PRIMARY KEY (`id`)
) ENGINE=InnoDB DEFAULT CHARSET=utf8;

--
-- Dumping data for table `application_setting`
--

INSERT INTO `application_setting` (`id`, `course_price`, `final_revision_price`, `one_material_price`, `revision_price`) VALUES
(1, 750, 900, 150, 100);

-- --------------------------------------------------------

--
-- Table structure for table `black_list_students`
--

CREATE TABLE IF NOT EXISTS `black_list_students` (
  `stid` int(5) DEFAULT NULL,
  `stcode` varchar(20) CHARACTER SET utf8 DEFAULT NULL,
  `stname` varchar(25) CHARACTER SET utf8 DEFAULT '-',
  `stmob` varchar(25) CHARACTER SET utf8 DEFAULT '-',
  `sttel` varchar(11) CHARACTER SET utf8 DEFAULT '-',
  `stparenttype` varchar(15) CHARACTER SET utf8 DEFAULT '-',
  `stparentname` varchar(25) CHARACTER SET utf8 DEFAULT '-',
  `stparentmob` varchar(22) CHARACTER SET utf8 DEFAULT '-',
  `stemail` varchar(25) CHARACTER SET utf8 DEFAULT '-',
  `staddress` varchar(30) CHARACTER SET utf8 DEFAULT '-',
  `stnationalid` varchar(14) CHARACTER SET utf8 DEFAULT '-',
  `sttype` int(2) DEFAULT NULL,
  `sttype2` varchar(6) CHARACTER SET utf8 DEFAULT NULL,
  `styear` varchar(15) CHARACTER SET utf8 DEFAULT '-',
  `stterm` varchar(15) CHARACTER SET utf8 DEFAULT '-',
  `stgroup` varchar(25) CHARACTER SET utf8 DEFAULT '-',
  `stbalance` varchar(15) CHARACTER SET utf8 DEFAULT '-',
  `archive_name` varchar(45) COLLATE utf8_unicode_ci DEFAULT NULL
) ENGINE=InnoDB DEFAULT CHARSET=utf8 COLLATE=utf8_unicode_ci;

-- --------------------------------------------------------

--
-- Table structure for table `expenses`
--

CREATE TABLE IF NOT EXISTS `expenses` (
  `exid` int(4) NOT NULL AUTO_INCREMENT,
  `exname` varchar(25) COLLATE utf8_unicode_ci NOT NULL,
  `exdesc` varchar(50) COLLATE utf8_unicode_ci NOT NULL,
  `excode` varchar(5) COLLATE utf8_unicode_ci NOT NULL,
  PRIMARY KEY (`exid`)
) ENGINE=InnoDB  DEFAULT CHARSET=utf8 COLLATE=utf8_unicode_ci AUTO_INCREMENT=15 ;

--
-- Dumping data for table `expenses`
--

INSERT INTO `expenses` (`exid`, `exname`, `exdesc`, `excode`) VALUES
(1, 'سلفة', '', 'm1'),
(2, 'محمول', '', 'm2'),
(3, 'راتب', '', 'm3'),
(4, 'تصوير', '', 'm4'),
(5, 'طباعة', '', 'm5'),
(6, 'مواصلات', '', 'm6'),
(7, 'دعاية', '', 'm7'),
(8, 'مكافأة', '', 'm8'),
(9, 'أخرى', '', 'm9'),
(10, 'أدوات مكتبية', '', 'm10'),
(12, 'name', 'desc', 'm12'),
(13, 'klj', 'klj', 'm33'),
(14, '23', '', 'm34');

-- --------------------------------------------------------

--
-- Table structure for table `material`
--

CREATE TABLE IF NOT EXISTS `material` (
  `matid` int(4) NOT NULL AUTO_INCREMENT,
  `matname` varchar(45) CHARACTER SET utf8 NOT NULL,
  `matyear` varchar(15) CHARACTER SET utf8 NOT NULL,
  `matterm` varchar(15) CHARACTER SET utf8 NOT NULL,
  PRIMARY KEY (`matid`)
) ENGINE=InnoDB  DEFAULT CHARSET=utf8 COLLATE=utf8_unicode_ci AUTO_INCREMENT=37 ;

--
-- Dumping data for table `material`
--

INSERT INTO `material` (`matid`, `matname`, `matyear`, `matterm`) VALUES
(1, 'مدخل إلى علم الأثار', '1', 'first'),
(2, 'مقدمة في الأدب', '1', 'first'),
(3, 'حفائر أثرية', '1', 'first'),
(4, 'تاريخ اليونان ', '1', 'first'),
(5, 'أثار بحر أيجة وأيطاليا', '1', 'second'),
(6, 'أساطير ( أدب - فن )', '1', 'second'),
(7, 'متاحف', '1', 'second'),
(8, 'تاريخ فرعوني', '1', 'second'),
(9, 'عمارة أغريقية', '2', 'first'),
(10, 'نحت أغريقي', '2', 'first'),
(11, 'فخار أغريقي', '2', 'first'),
(12, 'تاريخ الرومان', '2', 'first'),
(13, 'فن هللينستي ( عمارة -نحت )', '2', 'second'),
(14, 'عملة أغريقية وهللينستية', '2', 'second'),
(15, 'تاريخ هللينستي', '2', 'second'),
(16, 'أثار فرعونية', '2', 'second'),
(17, 'عمارة رومانية', '3', 'first'),
(18, 'نحت روماني', '3', 'first'),
(19, 'فخار روماني وقبطي', '3', 'first'),
(20, 'مساحة مستوية', '3', 'first'),
(21, 'تاريخ أمبراطورية رومانية مبكرة', '3', 'first'),
(22, 'رسم وفسيفساء', '3', 'second'),
(23, 'عملة رومانية وبيزنطية', '3', 'second'),
(24, 'أثار أسلامية', '3', 'second'),
(25, 'فن ولايات رومانية', '3', 'second'),
(26, 'تاريخ مصر تحت حكم الأمبراطورية الرومانية', '3', 'second'),
(27, 'أثار أسكندرية والدلتا 1', '4', 'first'),
(28, 'أثار مصر في العصرين اليوناني والروماني', '4', 'first'),
(29, 'تاريخ أمبراطورية رومانية متأخرة ', '4', 'first'),
(30, 'حضارة أسكندرية ', '4', 'first'),
(31, 'أثار بحرية وغارقة', '4', 'first'),
(32, 'أثار أسكندرية والدلتا 2', '4', 'second'),
(33, 'ترميم ', '4', 'second'),
(34, 'أثار بيزنطية وقبطية', '4', 'second'),
(35, 'أثار الوطن العربي في العصرين', '4', 'second'),
(36, 'فنون صغرى', '4', 'second');

-- --------------------------------------------------------

--
-- Table structure for table `prmat`
--

CREATE TABLE IF NOT EXISTS `prmat` (
  `prmatid` int(11) NOT NULL AUTO_INCREMENT,
  `professors_prid` int(4) NOT NULL,
  `material_matid` int(4) NOT NULL,
  PRIMARY KEY (`prmatid`,`professors_prid`,`material_matid`),
  KEY `fk_prmat_professors1_idx` (`professors_prid`),
  KEY `fk_prmat_material1_idx` (`material_matid`)
) ENGINE=InnoDB  DEFAULT CHARSET=utf8 COLLATE=utf8_unicode_ci AUTO_INCREMENT=103 ;

--
-- Dumping data for table `prmat`
--

INSERT INTO `prmat` (`prmatid`, `professors_prid`, `material_matid`) VALUES
(93, 1, 4),
(94, 1, 12),
(95, 1, 14),
(96, 1, 15),
(97, 1, 21),
(98, 1, 26),
(65, 2, 1),
(66, 2, 5),
(67, 2, 9),
(68, 2, 13),
(69, 2, 17),
(70, 2, 22),
(71, 2, 27),
(72, 2, 28),
(73, 2, 32),
(74, 2, 33),
(99, 3, 31),
(100, 3, 35),
(101, 3, 3),
(102, 3, 7),
(84, 5, 2),
(85, 5, 6),
(86, 5, 8),
(87, 5, 16),
(88, 5, 19),
(89, 5, 20),
(90, 5, 25),
(91, 5, 34),
(92, 5, 29);

-- --------------------------------------------------------

--
-- Stand-in structure for view `prmatall`
--
CREATE TABLE IF NOT EXISTS `prmatall` (
`prname` varchar(25)
,`prmob` varchar(11)
,`prtel` varchar(11)
,`prparentname` varchar(25)
,`premail` varchar(40)
,`prparentmob` varchar(11)
,`prbalance` varchar(10)
,`matyear` varchar(15)
,`matterm` varchar(15)
,`prid` int(4)
,`matid` int(4)
,`matname` varchar(45)
);
-- --------------------------------------------------------

--
-- Table structure for table `professors`
--

CREATE TABLE IF NOT EXISTS `professors` (
  `prid` int(4) NOT NULL AUTO_INCREMENT,
  `prname` varchar(25) COLLATE utf8_unicode_ci NOT NULL,
  `prmob` varchar(11) CHARACTER SET utf8 NOT NULL DEFAULT '-',
  `prtel` varchar(11) CHARACTER SET utf8 NOT NULL DEFAULT '-',
  `prparentname` varchar(25) CHARACTER SET utf8 NOT NULL DEFAULT '-',
  `prparentmob` varchar(11) CHARACTER SET utf8 NOT NULL DEFAULT '-',
  `premail` varchar(40) CHARACTER SET utf8 NOT NULL DEFAULT '-',
  `prbalance` varchar(10) CHARACTER SET utf8 NOT NULL DEFAULT '-',
  `professorsappid` varchar(45) COLLATE utf8_unicode_ci NOT NULL,
  `professorsapppw` varchar(45) COLLATE utf8_unicode_ci NOT NULL,
  `professorsrole` int(11) NOT NULL,
  PRIMARY KEY (`prid`)
) ENGINE=InnoDB  DEFAULT CHARSET=utf8 COLLATE=utf8_unicode_ci AUTO_INCREMENT=7 ;

--
-- Dumping data for table `professors`
--

INSERT INTO `professors` (`prid`, `prname`, `prmob`, `prtel`, `prparentname`, `prparentmob`, `premail`, `prbalance`, `professorsappid`, `professorsapppw`, `professorsrole`) VALUES
(1, 'عاصم محمد علي', '01005551545', '01280670145', 'محمد علي', '01226114497', 'assem.mo.ali@gmail.com', '2000', 'assem', 'Five@2020', 3),
(2, 'حسام الدين مصطفي السيد', '01099663014', '035367322', 'والدة حسام', '01274499951', 'hossam.stam08@gmail.com', '3000', '1', '1', 1),
(3, 'محمد عاطف الحويطي', '01272036763', '', 'عاطف الحويطي', '01222513024', '-', '2500', 'mohamed', '2020', 3),
(4, 'اسلام منصور عبد الهادي', '01274175461', '', 'والدة اسلام', '01289356956', '-', '3000', '', '', 3),
(5, 'محمود أحمد ', '01122018162', '', '', '', '', '1750', 'wolf', 'dite', 3),
(6, 'محمد محمد بدر', '01009369402', '035176473', 'والدة محمد', '01005307468', '-', '2500', '2', '2', 2);

-- --------------------------------------------------------

--
-- Table structure for table `stmat`
--

CREATE TABLE IF NOT EXISTS `stmat` (
  `stmatid` int(10) NOT NULL AUTO_INCREMENT,
  `material_matid` int(4) NOT NULL,
  `students_stid` int(5) NOT NULL,
  `status` int(2) NOT NULL,
  PRIMARY KEY (`stmatid`,`material_matid`,`students_stid`),
  KEY `fk_stmat_material1_idx` (`material_matid`),
  KEY `fk_stmat_students1_idx` (`students_stid`)
) ENGINE=InnoDB  DEFAULT CHARSET=utf8 COLLATE=utf8_unicode_ci AUTO_INCREMENT=1443 ;

--
-- Dumping data for table `stmat`
--

INSERT INTO `stmat` (`stmatid`, `material_matid`, `students_stid`, `status`) VALUES
(1, 27, 1, 1),
(2, 28, 1, 1),
(3, 29, 1, 1),
(4, 30, 1, 1),
(5, 31, 1, 1),
(6, 27, 2, 1),
(7, 28, 2, 1),
(8, 29, 2, 1),
(9, 30, 2, 1),
(10, 31, 2, 1),
(11, 27, 3, 0),
(12, 28, 3, 0),
(13, 29, 3, 0),
(14, 30, 3, 0),
(15, 31, 3, 0),
(16, 27, 3, 1),
(17, 28, 3, 1),
(18, 29, 3, 1),
(19, 30, 3, 1),
(20, 31, 3, 1),
(21, 27, 4, 1),
(22, 28, 4, 1),
(23, 29, 4, 1),
(24, 30, 4, 1),
(25, 31, 4, 1),
(26, 27, 5, 1),
(27, 28, 5, 1),
(28, 29, 5, 1),
(29, 30, 5, 1),
(30, 31, 5, 1),
(31, 27, 6, 1),
(32, 28, 6, 1),
(33, 29, 6, 1),
(34, 30, 6, 1),
(35, 31, 6, 1),
(36, 27, 7, 1),
(37, 28, 7, 1),
(38, 29, 7, 1),
(39, 30, 7, 1),
(40, 31, 7, 1),
(41, 27, 8, 0),
(42, 28, 8, 0),
(43, 29, 8, 0),
(44, 30, 8, 0),
(45, 31, 8, 0),
(46, 27, 9, 1),
(47, 28, 9, 1),
(48, 29, 9, 1),
(49, 30, 9, 1),
(50, 31, 9, 1),
(51, 27, 10, 1),
(52, 28, 10, 1),
(53, 29, 10, 1),
(54, 30, 10, 1),
(55, 31, 10, 1),
(56, 27, 11, 1),
(57, 28, 11, 1),
(58, 29, 11, 1),
(59, 30, 11, 1),
(60, 31, 11, 1),
(61, 27, 12, 1),
(62, 28, 12, 1),
(63, 29, 12, 1),
(64, 30, 12, 1),
(65, 31, 12, 1),
(66, 27, 13, 1),
(67, 28, 13, 1),
(68, 29, 13, 1),
(69, 30, 13, 1),
(70, 31, 13, 1),
(71, 27, 14, 1),
(72, 28, 14, 1),
(73, 29, 14, 1),
(74, 30, 14, 1),
(75, 31, 14, 1),
(76, 9, 15, 1),
(77, 10, 15, 1),
(78, 11, 15, 1),
(79, 12, 15, 1),
(80, 9, 16, 1),
(81, 10, 16, 1),
(82, 11, 16, 1),
(83, 12, 16, 1),
(84, 9, 17, 1),
(85, 10, 17, 1),
(86, 11, 17, 1),
(87, 12, 17, 1),
(88, 9, 18, 1),
(89, 10, 18, 1),
(90, 11, 18, 1),
(91, 12, 18, 1),
(92, 9, 19, 1),
(93, 10, 19, 1),
(94, 11, 19, 1),
(95, 12, 19, 1),
(96, 9, 20, 1),
(97, 10, 20, 1),
(98, 11, 20, 1),
(99, 12, 20, 1),
(100, 9, 21, 0),
(101, 10, 21, 0),
(102, 11, 21, 0),
(103, 12, 21, 0),
(104, 9, 22, 1),
(105, 10, 22, 1),
(106, 11, 22, 1),
(107, 12, 22, 1),
(108, 9, 23, 1),
(109, 10, 23, 1),
(110, 11, 23, 1),
(111, 12, 23, 1),
(112, 9, 24, 1),
(113, 10, 24, 1),
(114, 11, 24, 1),
(115, 12, 24, 1),
(116, 9, 25, 1),
(117, 10, 25, 1),
(118, 11, 25, 1),
(119, 12, 25, 1),
(120, 9, 26, 1),
(121, 10, 26, 1),
(122, 11, 26, 1),
(123, 12, 26, 1),
(124, 9, 27, 1),
(125, 10, 27, 1),
(126, 11, 27, 1),
(127, 12, 27, 1),
(128, 9, 28, 1),
(129, 10, 28, 1),
(130, 17, 29, 1),
(131, 18, 29, 1),
(132, 19, 29, 1),
(133, 20, 29, 1),
(134, 21, 29, 1),
(135, 17, 30, 1),
(136, 18, 30, 1),
(137, 19, 30, 1),
(138, 20, 30, 1),
(139, 21, 30, 1),
(140, 17, 31, 1),
(141, 18, 31, 1),
(142, 19, 31, 1),
(143, 20, 31, 1),
(144, 21, 31, 1),
(145, 17, 32, 1),
(146, 18, 32, 1),
(147, 19, 32, 1),
(148, 20, 32, 1),
(149, 21, 32, 1),
(150, 17, 33, 1),
(151, 18, 33, 1),
(152, 19, 33, 1),
(153, 20, 33, 1),
(154, 21, 33, 1),
(155, 17, 34, 1),
(156, 18, 34, 1),
(157, 19, 34, 1),
(158, 20, 34, 1),
(159, 21, 34, 1),
(160, 17, 35, 1),
(161, 18, 35, 1),
(162, 19, 35, 1),
(163, 20, 35, 1),
(164, 21, 35, 1),
(165, 18, 36, 1),
(166, 21, 36, 1),
(167, 17, 37, 1),
(168, 18, 37, 1),
(169, 19, 37, 1),
(170, 20, 37, 1),
(171, 21, 37, 1),
(172, 27, 38, 1),
(173, 28, 38, 1),
(174, 29, 38, 1),
(175, 30, 38, 1),
(176, 31, 38, 1),
(177, 27, 8, 1),
(178, 28, 8, 1),
(179, 29, 8, 1),
(180, 30, 8, 1),
(181, 31, 8, 1),
(182, 27, 39, 1),
(183, 28, 39, 1),
(184, 29, 39, 1),
(185, 30, 39, 1),
(186, 31, 39, 1),
(187, 17, 40, 1),
(188, 18, 40, 1),
(189, 19, 40, 1),
(190, 20, 40, 1),
(191, 21, 40, 1),
(192, 27, 41, 1),
(193, 28, 41, 1),
(194, 29, 41, 1),
(195, 30, 41, 1),
(196, 31, 41, 1),
(197, 27, 42, 1),
(198, 28, 42, 1),
(199, 29, 42, 1),
(200, 30, 42, 1),
(201, 31, 42, 1),
(202, 27, 43, 1),
(203, 28, 43, 1),
(204, 29, 43, 1),
(205, 30, 43, 1),
(206, 31, 43, 1),
(207, 27, 44, 0),
(208, 28, 44, 0),
(209, 29, 44, 0),
(210, 30, 44, 0),
(211, 31, 44, 0),
(212, 17, 45, 1),
(213, 18, 45, 1),
(214, 17, 46, 1),
(215, 18, 46, 1),
(216, 19, 46, 1),
(217, 20, 46, 1),
(218, 21, 46, 1),
(219, 9, 47, 1),
(220, 10, 47, 1),
(221, 11, 47, 1),
(222, 12, 47, 1),
(223, 9, 48, 1),
(224, 10, 48, 1),
(225, 11, 48, 1),
(226, 12, 48, 1),
(227, 9, 49, 1),
(228, 10, 49, 1),
(229, 11, 49, 1),
(230, 12, 49, 1),
(231, 27, 50, 1),
(232, 28, 50, 1),
(233, 29, 50, 1),
(234, 30, 50, 1),
(235, 31, 50, 1),
(236, 27, 51, 1),
(237, 28, 51, 1),
(238, 29, 51, 1),
(239, 30, 51, 1),
(240, 31, 51, 1),
(241, 27, 52, 1),
(242, 28, 52, 1),
(243, 29, 52, 1),
(244, 30, 52, 1),
(245, 31, 52, 1),
(246, 27, 53, 1),
(247, 28, 53, 1),
(248, 29, 53, 1),
(249, 30, 53, 1),
(250, 31, 53, 1),
(251, 9, 54, 1),
(252, 10, 54, 1),
(253, 11, 54, 1),
(254, 12, 54, 1),
(255, 9, 55, 1),
(256, 10, 55, 1),
(257, 11, 55, 1),
(258, 12, 55, 1),
(259, 27, 56, 1),
(260, 28, 56, 1),
(261, 29, 56, 1),
(262, 30, 56, 1),
(263, 31, 56, 1),
(264, 17, 57, 1),
(265, 18, 57, 1),
(266, 19, 57, 1),
(267, 20, 57, 1),
(268, 21, 57, 1),
(269, 9, 58, 1),
(270, 10, 58, 1),
(271, 11, 58, 1),
(272, 12, 58, 1),
(273, 17, 59, 1),
(274, 18, 59, 1),
(275, 19, 59, 1),
(276, 20, 59, 1),
(277, 21, 59, 1),
(278, 17, 60, 1),
(279, 18, 60, 1),
(280, 19, 60, 1),
(281, 20, 60, 1),
(282, 21, 60, 1),
(283, 27, 61, 1),
(284, 28, 61, 1),
(285, 29, 61, 1),
(286, 30, 61, 1),
(287, 31, 61, 1),
(288, 9, 62, 1),
(289, 10, 62, 1),
(290, 11, 62, 1),
(291, 17, 63, 1),
(292, 18, 63, 1),
(293, 19, 63, 1),
(294, 20, 63, 1),
(295, 21, 63, 1),
(296, 27, 44, 1),
(297, 28, 44, 1),
(298, 29, 44, 1),
(299, 30, 44, 1),
(300, 31, 44, 1),
(301, 27, 64, 1),
(302, 28, 64, 1),
(303, 29, 64, 1),
(304, 30, 64, 1),
(305, 31, 64, 1),
(306, 27, 65, 1),
(307, 28, 65, 1),
(308, 29, 65, 1),
(309, 30, 65, 1),
(310, 31, 65, 1),
(311, 27, 66, 1),
(312, 28, 66, 1),
(313, 29, 66, 1),
(314, 30, 66, 1),
(315, 31, 66, 1),
(316, 27, 67, 1),
(317, 28, 67, 1),
(318, 29, 67, 1),
(319, 30, 67, 1),
(320, 31, 67, 1),
(321, 27, 68, 1),
(322, 28, 68, 1),
(323, 29, 68, 1),
(324, 30, 68, 1),
(325, 31, 68, 1),
(326, 27, 69, 1),
(327, 28, 69, 1),
(328, 29, 69, 1),
(329, 30, 69, 1),
(330, 31, 69, 1),
(331, 27, 70, 1),
(332, 28, 70, 1),
(333, 29, 70, 1),
(334, 30, 70, 1),
(335, 31, 70, 1),
(336, 27, 71, 1),
(337, 28, 71, 1),
(338, 29, 71, 1),
(339, 30, 71, 1),
(340, 31, 71, 1),
(341, 27, 72, 1),
(342, 28, 72, 1),
(343, 29, 72, 1),
(344, 30, 72, 1),
(345, 31, 72, 1),
(346, 9, 73, 1),
(347, 10, 73, 1),
(348, 11, 73, 1),
(349, 12, 73, 1),
(350, 9, 74, 1),
(351, 10, 74, 1),
(352, 11, 74, 1),
(353, 12, 74, 1),
(354, 9, 75, 1),
(355, 10, 75, 1),
(356, 9, 76, 0),
(357, 11, 75, 1),
(358, 10, 76, 0),
(359, 11, 76, 0),
(360, 12, 75, 1),
(361, 12, 76, 0),
(362, 9, 77, 1),
(363, 10, 77, 1),
(364, 11, 77, 1),
(365, 12, 77, 1),
(366, 17, 78, 1),
(367, 18, 78, 1),
(368, 19, 78, 1),
(369, 20, 78, 1),
(370, 21, 78, 1),
(371, 1, 79, 1),
(372, 9, 79, 1),
(373, 11, 79, 1),
(374, 17, 80, 0),
(375, 18, 80, 0),
(376, 19, 80, 0),
(377, 20, 80, 0),
(378, 21, 80, 0),
(379, 17, 81, 1),
(380, 18, 81, 1),
(381, 19, 81, 1),
(382, 20, 81, 1),
(383, 21, 81, 1),
(384, 17, 82, 1),
(385, 18, 82, 1),
(386, 19, 82, 1),
(387, 20, 82, 1),
(388, 21, 82, 1),
(389, 9, 83, 1),
(390, 17, 84, 1),
(391, 18, 84, 1),
(392, 19, 84, 1),
(393, 20, 84, 1),
(394, 21, 84, 1),
(395, 17, 85, 1),
(396, 18, 85, 1),
(397, 19, 85, 1),
(398, 20, 85, 1),
(399, 21, 85, 1),
(400, 17, 86, 1),
(401, 18, 86, 1),
(402, 19, 86, 1),
(403, 20, 86, 1),
(404, 21, 86, 1),
(405, 17, 87, 1),
(406, 18, 87, 1),
(407, 19, 87, 1),
(408, 20, 87, 1),
(409, 21, 87, 1),
(410, 27, 88, 1),
(411, 28, 88, 1),
(412, 29, 88, 1),
(413, 30, 88, 1),
(414, 31, 88, 1),
(415, 27, 89, 1),
(416, 28, 89, 1),
(417, 29, 89, 1),
(418, 30, 89, 1),
(419, 31, 89, 1),
(420, 27, 90, 1),
(421, 28, 90, 1),
(422, 29, 90, 1),
(423, 30, 90, 1),
(424, 31, 90, 1),
(425, 27, 91, 1),
(426, 28, 91, 1),
(427, 29, 91, 1),
(428, 30, 91, 1),
(429, 31, 91, 1),
(430, 9, 92, 1),
(431, 10, 92, 1),
(432, 11, 92, 1),
(433, 12, 92, 1),
(434, 27, 93, 1),
(435, 28, 93, 1),
(436, 29, 93, 1),
(437, 30, 93, 1),
(438, 31, 93, 1),
(439, 17, 94, 1),
(440, 18, 94, 1),
(441, 19, 94, 1),
(442, 20, 94, 1),
(443, 21, 94, 1),
(444, 27, 95, 1),
(445, 28, 95, 1),
(446, 29, 95, 1),
(447, 30, 95, 1),
(448, 31, 95, 1),
(449, 27, 96, 0),
(450, 28, 96, 0),
(451, 29, 96, 0),
(452, 30, 96, 0),
(453, 31, 96, 0),
(454, 27, 97, 1),
(455, 28, 97, 1),
(456, 29, 97, 1),
(457, 30, 97, 1),
(458, 31, 97, 1),
(459, 9, 98, 1),
(460, 10, 98, 1),
(461, 11, 98, 1),
(462, 12, 98, 1),
(463, 9, 99, 1),
(464, 10, 99, 1),
(465, 11, 99, 1),
(466, 12, 99, 1),
(467, 27, 100, 1),
(468, 28, 100, 1),
(469, 29, 100, 1),
(470, 30, 100, 1),
(471, 31, 100, 1),
(472, 17, 101, 1),
(473, 18, 101, 1),
(474, 19, 101, 1),
(475, 20, 101, 1),
(476, 21, 101, 1),
(477, 17, 102, 1),
(478, 18, 102, 1),
(479, 19, 102, 1),
(480, 20, 102, 1),
(481, 21, 102, 1),
(482, 17, 103, 1),
(483, 18, 103, 1),
(484, 19, 103, 1),
(485, 20, 103, 1),
(486, 21, 103, 1),
(487, 17, 104, 0),
(488, 18, 104, 0),
(489, 19, 104, 0),
(490, 20, 104, 0),
(491, 21, 104, 0),
(492, 27, 105, 1),
(493, 28, 105, 1),
(494, 29, 105, 1),
(495, 30, 105, 1),
(496, 31, 105, 1),
(497, 17, 104, 1),
(498, 18, 104, 1),
(499, 19, 104, 1),
(500, 20, 104, 1),
(501, 21, 104, 1),
(502, 17, 106, 1),
(503, 18, 106, 1),
(504, 19, 106, 1),
(505, 20, 106, 1),
(506, 21, 106, 1),
(507, 9, 107, 1),
(508, 10, 107, 1),
(509, 11, 107, 1),
(510, 12, 107, 1),
(511, 9, 108, 1),
(512, 10, 108, 1),
(513, 11, 108, 1),
(514, 12, 108, 1),
(515, 9, 109, 1),
(516, 10, 109, 1),
(517, 11, 109, 1),
(518, 12, 109, 1),
(519, 9, 110, 1),
(520, 10, 110, 1),
(521, 11, 110, 1),
(522, 12, 110, 1),
(523, 9, 111, 1),
(524, 10, 111, 1),
(525, 11, 111, 1),
(526, 12, 111, 1),
(527, 9, 112, 0),
(528, 10, 112, 0),
(529, 11, 112, 0),
(530, 12, 112, 0),
(531, 17, 113, 0),
(532, 18, 113, 0),
(533, 19, 113, 0),
(534, 20, 113, 0),
(535, 21, 113, 0),
(536, 27, 114, 0),
(537, 28, 114, 0),
(538, 29, 114, 0),
(539, 30, 114, 0),
(540, 31, 114, 0),
(541, 27, 115, 1),
(542, 28, 115, 1),
(543, 29, 115, 1),
(544, 30, 115, 1),
(545, 31, 115, 1),
(546, 9, 116, 0),
(547, 10, 116, 0),
(548, 11, 116, 0),
(549, 12, 116, 0),
(550, 9, 117, 0),
(551, 10, 117, 0),
(552, 11, 117, 0),
(553, 12, 117, 0),
(554, 27, 114, 1),
(555, 28, 114, 1),
(556, 29, 114, 1),
(557, 30, 114, 1),
(558, 31, 114, 1),
(559, 9, 118, 1),
(560, 10, 118, 1),
(561, 11, 118, 1),
(562, 12, 118, 1),
(563, 9, 119, 1),
(564, 10, 119, 1),
(565, 11, 119, 1),
(566, 12, 119, 1),
(567, 9, 76, 1),
(568, 10, 76, 1),
(569, 11, 76, 1),
(570, 12, 76, 1),
(571, 17, 76, 1),
(572, 18, 76, 1),
(573, 19, 76, 1),
(574, 20, 76, 1),
(575, 21, 76, 1),
(576, 17, 120, 0),
(577, 18, 120, 0),
(578, 19, 120, 0),
(579, 20, 120, 0),
(580, 21, 120, 0),
(581, 17, 121, 1),
(582, 18, 121, 1),
(583, 19, 121, 1),
(584, 20, 121, 1),
(585, 21, 121, 1),
(586, 9, 112, 1),
(587, 10, 112, 1),
(588, 11, 112, 1),
(589, 12, 112, 1),
(590, 17, 122, 1),
(591, 18, 122, 1),
(592, 19, 122, 1),
(593, 20, 122, 1),
(594, 21, 122, 1),
(595, 17, 123, 1),
(596, 18, 123, 1),
(597, 19, 123, 1),
(598, 20, 123, 1),
(599, 21, 123, 1),
(600, 17, 124, 0),
(601, 18, 124, 0),
(602, 19, 124, 0),
(603, 20, 124, 0),
(604, 21, 124, 0),
(605, 17, 125, 1),
(606, 18, 125, 1),
(607, 19, 125, 1),
(608, 20, 125, 1),
(609, 21, 125, 1),
(610, 27, 126, 1),
(611, 28, 126, 1),
(612, 29, 126, 1),
(613, 30, 126, 1),
(614, 31, 126, 1),
(615, 9, 127, 1),
(616, 10, 127, 1),
(617, 11, 127, 1),
(618, 12, 127, 1),
(619, 27, 128, 1),
(620, 28, 128, 1),
(621, 29, 128, 1),
(622, 30, 128, 1),
(623, 31, 128, 1),
(624, 27, 129, 1),
(625, 28, 129, 1),
(626, 29, 129, 1),
(627, 30, 129, 1),
(628, 31, 129, 1),
(629, 27, 130, 1),
(630, 28, 130, 1),
(631, 29, 130, 1),
(632, 30, 130, 1),
(633, 31, 130, 1),
(634, 27, 131, 1),
(635, 28, 131, 1),
(636, 29, 131, 1),
(637, 30, 131, 1),
(638, 31, 131, 1),
(639, 27, 132, 1),
(640, 28, 132, 1),
(641, 29, 132, 1),
(642, 30, 132, 1),
(643, 31, 132, 1),
(644, 1, 133, 1),
(645, 2, 133, 1),
(646, 3, 133, 1),
(647, 4, 133, 1),
(648, 17, 134, 0),
(649, 18, 134, 0),
(650, 19, 134, 0),
(651, 9, 135, 1),
(652, 10, 135, 1),
(653, 11, 135, 1),
(654, 12, 135, 1),
(655, 9, 136, 1),
(656, 10, 136, 1),
(657, 11, 136, 1),
(658, 17, 137, 1),
(659, 18, 137, 1),
(660, 19, 137, 1),
(661, 20, 137, 1),
(662, 21, 137, 1),
(663, 9, 138, 0),
(664, 10, 138, 0),
(665, 11, 138, 0),
(666, 12, 138, 0),
(667, 9, 139, 0),
(668, 10, 139, 0),
(669, 11, 139, 0),
(670, 12, 139, 0),
(671, 17, 140, 1),
(672, 18, 140, 1),
(673, 19, 140, 1),
(674, 20, 140, 1),
(675, 21, 140, 1),
(676, 27, 141, 1),
(677, 28, 141, 1),
(678, 29, 141, 1),
(679, 30, 141, 1),
(680, 31, 141, 1),
(681, 27, 142, 1),
(682, 28, 142, 1),
(683, 29, 142, 1),
(684, 30, 142, 1),
(685, 31, 142, 1),
(686, 27, 143, 1),
(687, 28, 143, 1),
(688, 29, 143, 1),
(689, 30, 143, 1),
(690, 31, 143, 1),
(691, 17, 144, 1),
(692, 18, 144, 1),
(693, 19, 144, 1),
(694, 20, 144, 1),
(695, 21, 144, 1),
(696, 9, 145, 1),
(697, 10, 145, 1),
(698, 11, 145, 1),
(699, 12, 145, 1),
(700, 9, 146, 0),
(701, 10, 146, 0),
(702, 11, 146, 0),
(703, 12, 146, 0),
(704, 1, 147, 1),
(705, 3, 147, 1),
(706, 4, 147, 1),
(707, 9, 146, 0),
(708, 10, 146, 0),
(709, 17, 148, 1),
(710, 18, 148, 1),
(711, 19, 148, 1),
(712, 20, 148, 1),
(713, 21, 148, 1),
(714, 9, 149, 0),
(715, 10, 149, 0),
(716, 11, 149, 0),
(717, 12, 149, 0),
(718, 9, 146, 1),
(719, 10, 146, 1),
(720, 9, 117, 1),
(721, 10, 117, 1),
(722, 11, 117, 1),
(723, 12, 117, 1),
(724, 1, 150, 0),
(725, 2, 150, 0),
(726, 3, 150, 0),
(727, 4, 150, 0),
(728, 1, 151, 1),
(729, 2, 151, 1),
(730, 9, 21, 1),
(731, 10, 21, 1),
(732, 11, 21, 1),
(733, 12, 21, 1),
(734, 11, 152, 1),
(735, 1, 153, 1),
(736, 2, 153, 1),
(737, 3, 153, 1),
(738, 4, 153, 1),
(739, 1, 154, 1),
(740, 3, 154, 1),
(741, 4, 154, 1),
(742, 1, 155, 1),
(743, 2, 155, 1),
(744, 3, 155, 1),
(745, 4, 155, 1),
(746, 1, 156, 1),
(747, 2, 156, 1),
(748, 3, 156, 1),
(749, 4, 156, 1),
(750, 27, 157, 1),
(751, 28, 157, 1),
(752, 29, 157, 1),
(753, 30, 157, 1),
(754, 31, 157, 1),
(755, 27, 158, 0),
(756, 28, 158, 0),
(757, 29, 158, 0),
(758, 30, 158, 0),
(759, 31, 158, 0),
(760, 1, 159, 1),
(761, 2, 159, 1),
(762, 3, 159, 1),
(763, 4, 159, 1),
(764, 27, 158, 1),
(765, 28, 158, 1),
(766, 29, 158, 1),
(767, 30, 158, 1),
(768, 31, 158, 1),
(769, 27, 160, 1),
(770, 28, 160, 1),
(771, 29, 160, 1),
(772, 30, 160, 1),
(773, 31, 160, 1),
(774, 27, 161, 0),
(775, 28, 161, 0),
(776, 29, 161, 0),
(777, 30, 161, 0),
(778, 31, 161, 0),
(779, 17, 162, 1),
(780, 18, 162, 1),
(781, 19, 162, 1),
(782, 20, 162, 1),
(783, 21, 162, 1),
(784, 9, 163, 0),
(785, 10, 163, 0),
(786, 11, 163, 0),
(787, 12, 163, 0),
(788, 29, 164, 1),
(789, 17, 165, 1),
(790, 18, 165, 1),
(791, 19, 165, 1),
(792, 20, 165, 1),
(793, 21, 165, 1),
(794, 17, 166, 1),
(795, 18, 166, 1),
(796, 19, 166, 1),
(797, 20, 166, 1),
(798, 21, 166, 1),
(799, 9, 167, 1),
(800, 10, 167, 1),
(801, 11, 167, 1),
(802, 12, 167, 1),
(803, 1, 168, 0),
(804, 3, 168, 0),
(805, 4, 168, 0),
(806, 5, 168, 0),
(807, 6, 168, 0),
(808, 7, 168, 0),
(809, 8, 168, 0),
(810, 9, 168, 0),
(811, 10, 168, 0),
(812, 11, 168, 0),
(813, 12, 168, 0),
(814, 13, 168, 0),
(815, 14, 168, 0),
(816, 15, 168, 0),
(817, 27, 169, 1),
(818, 28, 169, 1),
(819, 29, 169, 1),
(820, 30, 169, 1),
(821, 31, 169, 1),
(822, 27, 170, 1),
(823, 28, 170, 1),
(824, 29, 170, 1),
(825, 30, 170, 1),
(826, 31, 170, 1),
(827, 9, 171, 1),
(828, 10, 171, 1),
(829, 11, 171, 1),
(830, 12, 171, 1),
(831, 1, 172, 1),
(832, 2, 172, 1),
(833, 3, 172, 1),
(834, 4, 172, 1),
(835, 1, 173, 1),
(836, 2, 173, 1),
(837, 3, 173, 1),
(838, 4, 173, 1),
(839, 1, 174, 1),
(840, 2, 174, 1),
(841, 3, 174, 1),
(842, 4, 174, 1),
(843, 17, 175, 0),
(844, 18, 175, 0),
(845, 19, 175, 0),
(846, 20, 175, 0),
(847, 21, 175, 0),
(848, 17, 176, 1),
(849, 18, 176, 1),
(850, 19, 176, 1),
(851, 20, 176, 1),
(852, 21, 176, 1),
(853, 17, 177, 0),
(854, 18, 177, 0),
(855, 19, 177, 0),
(856, 20, 177, 0),
(857, 21, 177, 0),
(858, 17, 177, 1),
(859, 18, 177, 1),
(860, 19, 177, 1),
(861, 20, 177, 1),
(862, 21, 177, 1),
(863, 9, 178, 1),
(864, 10, 178, 1),
(865, 11, 178, 1),
(866, 27, 179, 1),
(867, 28, 179, 1),
(868, 29, 179, 1),
(869, 30, 179, 1),
(870, 31, 179, 1),
(871, 27, 180, 1),
(872, 28, 180, 1),
(873, 29, 180, 1),
(874, 30, 180, 1),
(875, 31, 180, 1),
(876, 27, 181, 1),
(877, 28, 181, 1),
(878, 29, 181, 1),
(879, 30, 181, 1),
(880, 31, 181, 1),
(881, 27, 182, 1),
(882, 28, 182, 1),
(883, 29, 182, 1),
(884, 30, 182, 1),
(885, 31, 182, 1),
(886, 27, 183, 1),
(887, 28, 183, 1),
(888, 29, 183, 1),
(889, 30, 183, 1),
(890, 31, 183, 1),
(891, 17, 184, 1),
(892, 18, 184, 1),
(893, 19, 184, 1),
(894, 20, 184, 1),
(895, 21, 184, 1),
(896, 1, 185, 1),
(897, 2, 185, 1),
(898, 3, 185, 1),
(899, 4, 185, 1),
(900, 27, 186, 1),
(901, 28, 186, 1),
(902, 29, 186, 1),
(903, 30, 186, 1),
(904, 31, 186, 1),
(905, 27, 187, 1),
(906, 28, 187, 1),
(907, 29, 187, 1),
(908, 30, 187, 1),
(909, 31, 187, 1),
(910, 9, 188, 1),
(911, 10, 188, 1),
(912, 11, 188, 1),
(913, 12, 188, 1),
(914, 9, 189, 1),
(915, 10, 189, 1),
(916, 11, 189, 1),
(917, 12, 189, 1),
(918, 17, 190, 1),
(919, 18, 190, 1),
(920, 19, 190, 1),
(921, 20, 190, 1),
(922, 21, 190, 1),
(923, 1, 191, 1),
(924, 2, 191, 1),
(925, 3, 191, 1),
(926, 4, 191, 1),
(927, 9, 192, 1),
(928, 10, 192, 1),
(929, 11, 192, 1),
(930, 12, 192, 1),
(931, 17, 193, 1),
(932, 18, 193, 1),
(933, 19, 193, 1),
(934, 20, 193, 1),
(935, 21, 193, 1),
(936, 9, 194, 1),
(937, 10, 194, 1),
(938, 11, 194, 1),
(939, 12, 194, 1),
(940, 17, 195, 1),
(941, 18, 195, 1),
(942, 19, 195, 1),
(943, 20, 195, 1),
(944, 21, 195, 1),
(945, 27, 196, 0),
(946, 28, 196, 0),
(947, 29, 196, 0),
(948, 30, 196, 0),
(949, 31, 196, 0),
(950, 17, 197, 1),
(951, 18, 197, 1),
(952, 19, 197, 1),
(953, 20, 197, 1),
(954, 21, 197, 1),
(955, 27, 198, 1),
(956, 28, 198, 1),
(957, 29, 198, 1),
(958, 30, 198, 1),
(959, 31, 198, 1),
(960, 27, 199, 1),
(961, 28, 199, 1),
(962, 29, 199, 1),
(963, 30, 199, 1),
(964, 31, 199, 1),
(965, 27, 163, 0),
(966, 28, 163, 0),
(967, 29, 163, 0),
(968, 30, 163, 0),
(969, 31, 163, 0),
(970, 1, 200, 1),
(971, 2, 200, 1),
(972, 1, 201, 1),
(973, 9, 202, 1),
(974, 10, 202, 1),
(975, 11, 202, 1),
(976, 12, 202, 1),
(977, 27, 203, 1),
(978, 28, 203, 1),
(979, 29, 203, 1),
(980, 30, 203, 1),
(981, 31, 203, 1),
(982, 17, 204, 1),
(983, 18, 204, 1),
(984, 19, 204, 1),
(985, 20, 204, 1),
(986, 21, 204, 1),
(987, 1, 205, 1),
(988, 2, 205, 1),
(989, 3, 205, 1),
(990, 4, 205, 1),
(991, 1, 206, 1),
(992, 2, 206, 1),
(993, 3, 206, 1),
(994, 4, 206, 1),
(995, 17, 207, 1),
(996, 18, 207, 1),
(997, 19, 207, 1),
(998, 20, 207, 1),
(999, 21, 207, 1),
(1000, 11, 208, 1),
(1001, 27, 209, 1),
(1002, 28, 209, 1),
(1003, 29, 209, 1),
(1004, 30, 209, 1),
(1005, 31, 209, 1),
(1006, 17, 210, 1),
(1007, 21, 210, 1),
(1008, 11, 211, 1),
(1009, 1, 212, 1),
(1010, 2, 212, 1),
(1011, 3, 212, 1),
(1012, 4, 212, 1),
(1013, 1, 213, 1),
(1014, 2, 213, 1),
(1015, 3, 213, 1),
(1016, 4, 213, 1),
(1017, 17, 214, 1),
(1018, 18, 214, 1),
(1019, 19, 214, 1),
(1020, 20, 214, 1),
(1021, 21, 214, 1),
(1022, 27, 215, 1),
(1023, 28, 215, 1),
(1024, 29, 215, 1),
(1025, 30, 215, 1),
(1026, 31, 215, 1),
(1027, 27, 216, 0),
(1028, 28, 216, 0),
(1029, 29, 216, 0),
(1030, 30, 216, 0),
(1031, 31, 216, 0),
(1032, 17, 217, 0),
(1033, 18, 217, 0),
(1034, 19, 217, 0),
(1035, 20, 217, 0),
(1036, 21, 217, 0),
(1037, 27, 163, 1),
(1038, 28, 163, 1),
(1039, 29, 163, 1),
(1040, 30, 163, 1),
(1041, 31, 163, 1),
(1042, 9, 218, 1),
(1043, 17, 218, 1),
(1044, 4, 219, 1),
(1045, 17, 219, 1),
(1046, 17, 220, 0),
(1047, 18, 220, 0),
(1048, 19, 220, 0),
(1049, 20, 220, 0),
(1050, 21, 220, 0),
(1051, 1, 221, 1),
(1052, 2, 221, 1),
(1053, 3, 221, 1),
(1054, 4, 221, 1),
(1055, 9, 222, 1),
(1056, 10, 222, 1),
(1057, 11, 222, 1),
(1058, 12, 222, 1),
(1059, 17, 223, 0),
(1060, 18, 223, 0),
(1061, 19, 223, 0),
(1062, 20, 223, 0),
(1063, 21, 223, 0),
(1064, 1, 224, 1),
(1065, 2, 224, 1),
(1066, 27, 225, 1),
(1067, 28, 225, 1),
(1068, 29, 225, 1),
(1069, 30, 225, 1),
(1070, 31, 225, 1),
(1071, 27, 226, 1),
(1072, 28, 226, 1),
(1073, 29, 226, 1),
(1074, 30, 226, 1),
(1075, 31, 226, 1),
(1076, 1, 227, 1),
(1077, 2, 227, 1),
(1078, 3, 227, 1),
(1079, 4, 227, 1),
(1080, 1, 228, 1),
(1081, 2, 228, 1),
(1082, 3, 228, 1),
(1083, 4, 228, 1),
(1084, 9, 139, 1),
(1085, 10, 139, 1),
(1086, 11, 139, 1),
(1087, 12, 139, 1),
(1088, 1, 150, 1),
(1089, 2, 150, 1),
(1090, 3, 150, 1),
(1091, 4, 150, 1),
(1092, 9, 138, 0),
(1093, 10, 138, 0),
(1094, 11, 138, 0),
(1095, 12, 138, 0),
(1096, 17, 80, 0),
(1097, 18, 80, 0),
(1098, 19, 80, 0),
(1099, 20, 80, 0),
(1100, 21, 80, 0),
(1101, 17, 113, 0),
(1102, 18, 113, 0),
(1103, 19, 113, 0),
(1104, 20, 113, 0),
(1105, 21, 113, 0),
(1106, 27, 96, 1),
(1107, 28, 96, 1),
(1108, 29, 96, 1),
(1109, 30, 96, 1),
(1110, 31, 96, 1),
(1111, 27, 161, 1),
(1112, 28, 161, 1),
(1113, 29, 161, 1),
(1114, 30, 161, 1),
(1115, 31, 161, 1),
(1116, 17, 80, 1),
(1117, 18, 80, 1),
(1118, 19, 80, 1),
(1119, 20, 80, 1),
(1120, 21, 80, 1),
(1121, 9, 229, 1),
(1122, 10, 229, 1),
(1123, 11, 229, 1),
(1124, 12, 229, 1),
(1125, 9, 230, 1),
(1126, 10, 230, 1),
(1127, 11, 230, 1),
(1128, 11, 231, 1),
(1129, 9, 232, 1),
(1130, 11, 232, 1),
(1131, 12, 232, 1),
(1132, 1, 233, 1),
(1133, 2, 233, 1),
(1134, 3, 233, 1),
(1135, 4, 233, 1),
(1136, 9, 234, 1),
(1137, 10, 234, 1),
(1138, 11, 234, 1),
(1139, 12, 234, 1),
(1140, 27, 235, 1),
(1141, 28, 235, 1),
(1142, 29, 235, 1),
(1143, 30, 235, 1),
(1144, 31, 235, 1),
(1145, 27, 236, 1),
(1146, 28, 236, 1),
(1147, 29, 236, 1),
(1148, 30, 236, 1),
(1149, 31, 236, 1),
(1150, 1, 237, 1),
(1151, 1, 238, 1),
(1152, 2, 238, 1),
(1153, 3, 238, 1),
(1154, 4, 238, 1),
(1155, 19, 239, 0),
(1156, 21, 239, 0),
(1157, 9, 240, 1),
(1158, 10, 240, 1),
(1159, 11, 240, 1),
(1160, 12, 240, 1),
(1161, 19, 241, 1),
(1162, 21, 241, 1),
(1163, 9, 242, 1),
(1164, 10, 242, 1),
(1165, 11, 242, 1),
(1166, 17, 243, 1),
(1167, 18, 243, 1),
(1168, 19, 243, 1),
(1169, 20, 243, 1),
(1170, 21, 243, 1),
(1171, 9, 244, 1),
(1172, 10, 244, 1),
(1173, 11, 244, 1),
(1174, 12, 244, 1),
(1175, 17, 113, 1),
(1176, 18, 113, 1),
(1177, 19, 113, 1),
(1178, 20, 113, 1),
(1179, 21, 113, 1),
(1180, 9, 245, 1),
(1181, 10, 245, 1),
(1182, 12, 245, 1),
(1183, 17, 245, 1),
(1184, 10, 246, 1),
(1185, 11, 246, 1),
(1186, 9, 247, 1),
(1187, 17, 124, 0),
(1188, 18, 124, 0),
(1189, 19, 124, 0),
(1190, 20, 124, 0),
(1191, 21, 124, 0),
(1192, 9, 149, 1),
(1193, 10, 149, 1),
(1194, 11, 149, 1),
(1195, 12, 149, 1),
(1196, 9, 248, 1),
(1197, 10, 248, 1),
(1198, 11, 248, 1),
(1199, 12, 248, 1),
(1200, 9, 249, 1),
(1201, 10, 249, 1),
(1202, 11, 249, 1),
(1203, 12, 249, 1),
(1204, 1, 250, 1),
(1205, 2, 250, 1),
(1206, 3, 250, 1),
(1207, 4, 250, 1),
(1208, 9, 251, 1),
(1209, 10, 251, 1),
(1210, 11, 251, 1),
(1211, 12, 251, 1),
(1212, 17, 252, 0),
(1213, 18, 252, 0),
(1214, 19, 252, 0),
(1215, 20, 252, 0),
(1216, 17, 253, 1),
(1217, 18, 253, 1),
(1218, 19, 253, 1),
(1219, 20, 253, 1),
(1220, 21, 253, 1),
(1221, 1, 254, 1),
(1222, 2, 254, 1),
(1223, 3, 254, 1),
(1224, 4, 254, 1),
(1225, 17, 252, 0),
(1226, 18, 252, 0),
(1227, 19, 252, 0),
(1228, 20, 252, 0),
(1229, 17, 252, 1),
(1230, 18, 252, 1),
(1231, 19, 252, 1),
(1232, 20, 252, 1),
(1233, 1, 255, 1),
(1234, 2, 255, 1),
(1235, 3, 255, 1),
(1236, 4, 255, 1),
(1237, 17, 124, 1),
(1238, 18, 124, 1),
(1239, 19, 124, 1),
(1240, 20, 124, 1),
(1241, 21, 124, 1),
(1242, 9, 116, 1),
(1243, 10, 116, 1),
(1244, 11, 116, 1),
(1245, 12, 116, 1),
(1246, 17, 256, 1),
(1247, 18, 256, 1),
(1248, 19, 256, 1),
(1249, 20, 256, 1),
(1250, 21, 256, 1),
(1251, 9, 257, 1),
(1252, 10, 257, 1),
(1253, 11, 257, 1),
(1254, 12, 257, 1),
(1255, 17, 258, 1),
(1256, 18, 258, 1),
(1257, 19, 258, 1),
(1258, 20, 258, 1),
(1259, 21, 258, 1),
(1260, 9, 259, 1),
(1261, 10, 259, 1),
(1262, 9, 260, 1),
(1263, 10, 260, 1),
(1264, 11, 260, 1),
(1265, 12, 260, 1),
(1266, 17, 261, 1),
(1267, 19, 261, 1),
(1268, 20, 261, 1),
(1269, 1, 262, 1),
(1270, 3, 262, 1),
(1271, 9, 263, 1),
(1272, 10, 263, 1),
(1273, 11, 263, 1),
(1274, 12, 263, 1),
(1275, 27, 264, 1),
(1276, 29, 264, 1),
(1277, 30, 264, 1),
(1278, 17, 265, 0),
(1279, 18, 265, 0),
(1280, 19, 265, 0),
(1281, 20, 265, 0),
(1282, 21, 265, 0),
(1283, 17, 266, 0),
(1284, 18, 266, 0),
(1285, 19, 266, 0),
(1286, 20, 266, 0),
(1287, 21, 266, 0),
(1288, 27, 267, 1),
(1289, 28, 267, 1),
(1290, 29, 267, 1),
(1291, 30, 267, 1),
(1292, 31, 267, 1),
(1293, 9, 138, 1),
(1294, 10, 138, 1),
(1295, 11, 138, 1),
(1296, 12, 138, 1),
(1297, 17, 268, 1),
(1298, 18, 268, 1),
(1299, 19, 268, 1),
(1300, 20, 268, 1),
(1301, 21, 268, 1),
(1302, 17, 134, 1),
(1303, 18, 134, 1),
(1304, 19, 134, 1),
(1305, 17, 220, 1),
(1306, 18, 220, 1),
(1307, 19, 220, 1),
(1308, 20, 220, 1),
(1309, 21, 220, 1),
(1310, 19, 239, 1),
(1311, 21, 239, 1),
(1312, 17, 265, 1),
(1313, 18, 265, 1),
(1314, 19, 265, 1),
(1315, 20, 265, 1),
(1316, 21, 265, 1),
(1317, 17, 266, 1),
(1318, 18, 266, 1),
(1319, 19, 266, 1),
(1320, 20, 266, 1),
(1321, 21, 266, 1),
(1322, 9, 269, 1),
(1323, 10, 270, 1),
(1324, 1, 271, 1),
(1325, 4, 271, 1),
(1326, 27, 216, 0),
(1327, 28, 216, 0),
(1328, 29, 216, 0),
(1329, 30, 216, 0),
(1330, 31, 216, 0),
(1331, 27, 196, 1),
(1332, 28, 196, 1),
(1333, 29, 196, 1),
(1334, 30, 196, 1),
(1335, 31, 196, 1),
(1336, 27, 216, 1),
(1337, 28, 216, 1),
(1338, 29, 216, 1),
(1339, 30, 216, 1),
(1340, 31, 216, 1),
(1341, 17, 175, 1),
(1342, 18, 175, 1),
(1343, 19, 175, 1),
(1344, 20, 175, 1),
(1345, 21, 175, 1),
(1346, 17, 272, 1),
(1347, 17, 273, 1),
(1348, 17, 274, 1),
(1349, 18, 274, 1),
(1350, 21, 274, 1),
(1351, 17, 275, 1),
(1352, 17, 217, 1),
(1353, 18, 217, 1),
(1354, 19, 217, 1),
(1355, 20, 217, 1),
(1356, 21, 217, 1),
(1357, 1, 168, 0),
(1358, 3, 168, 0),
(1359, 4, 168, 0),
(1360, 5, 168, 0),
(1361, 6, 168, 0),
(1362, 7, 168, 0),
(1363, 8, 168, 0),
(1364, 9, 168, 0),
(1365, 10, 168, 0),
(1366, 11, 168, 0),
(1367, 12, 168, 0),
(1368, 13, 168, 0),
(1369, 14, 168, 0),
(1370, 15, 168, 0),
(1371, 17, 120, 1),
(1372, 18, 120, 1),
(1373, 19, 120, 1),
(1374, 20, 120, 1),
(1375, 21, 120, 1),
(1376, 1, 168, 1),
(1377, 3, 168, 1),
(1378, 4, 168, 1),
(1379, 5, 168, 1),
(1380, 6, 168, 1),
(1381, 7, 168, 1),
(1382, 8, 168, 1),
(1383, 9, 168, 1),
(1384, 10, 168, 1),
(1385, 11, 168, 1),
(1386, 12, 168, 1),
(1387, 13, 168, 1),
(1388, 14, 168, 1),
(1389, 15, 168, 1),
(1390, 17, 276, 1),
(1391, 2, 277, 1),
(1392, 3, 277, 1),
(1393, 4, 277, 1),
(1394, 3, 280, 1),
(1395, 4, 280, 1),
(1396, 5, 280, 1),
(1397, 6, 280, 1),
(1398, 3, 281, 1),
(1399, 4, 281, 1),
(1400, 5, 281, 1),
(1401, 6, 281, 1),
(1402, 1, 282, 1),
(1403, 2, 282, 1),
(1404, 3, 282, 1),
(1405, 4, 282, 1),
(1406, 1, 283, 1),
(1407, 2, 283, 1),
(1408, 3, 283, 1),
(1409, 4, 283, 1),
(1410, 1, 284, 1),
(1411, 2, 284, 1),
(1412, 3, 284, 1),
(1413, 4, 284, 1),
(1414, 1, 285, 1),
(1415, 2, 285, 1),
(1416, 3, 285, 1),
(1417, 4, 285, 1),
(1418, 3, 286, 0),
(1419, 1, 287, 1),
(1420, 2, 287, 1),
(1421, 3, 287, 1),
(1422, 4, 287, 1),
(1423, 5, 287, 1),
(1424, 6, 287, 1),
(1425, 7, 287, 1),
(1426, 8, 287, 1),
(1427, 1, 288, 1),
(1428, 2, 288, 1),
(1429, 3, 288, 1),
(1430, 4, 288, 1),
(1431, 5, 288, 1),
(1432, 6, 288, 1),
(1433, 7, 288, 1),
(1434, 8, 288, 1),
(1435, 1, 289, 0),
(1436, 2, 289, 0),
(1437, 3, 289, 0),
(1438, 4, 289, 0),
(1439, 5, 289, 0),
(1440, 6, 289, 0),
(1441, 7, 289, 0),
(1442, 8, 289, 0);

-- --------------------------------------------------------

--
-- Stand-in structure for view `stmatall`
--
CREATE TABLE IF NOT EXISTS `stmatall` (
`stname` varchar(25)
,`stmob` varchar(25)
,`styear` varchar(15)
,`stterm` varchar(15)
,`stgroup` varchar(25)
,`stbalance` varchar(15)
,`matname` varchar(45)
,`matid` int(4)
,`matyear` varchar(15)
,`matterm` varchar(15)
,`sttel` varchar(11)
,`stparenttype` varchar(15)
,`stparentname` varchar(25)
,`stparentmob` varchar(22)
,`stemail` varchar(25)
,`staddress` varchar(30)
,`stnationalid` varchar(14)
,`stid` int(5)
);
-- --------------------------------------------------------

--
-- Table structure for table `students`
--

CREATE TABLE IF NOT EXISTS `students` (
  `stid` int(5) NOT NULL AUTO_INCREMENT,
  `stcode` varchar(20) COLLATE utf8_unicode_ci NOT NULL,
  `stname` varchar(25) COLLATE utf8_unicode_ci NOT NULL DEFAULT '-',
  `stmob` varchar(25) COLLATE utf8_unicode_ci NOT NULL DEFAULT '-',
  `sttel` varchar(11) COLLATE utf8_unicode_ci NOT NULL DEFAULT '-',
  `stparenttype` varchar(15) CHARACTER SET utf8 NOT NULL DEFAULT '-',
  `stparentname` varchar(25) CHARACTER SET utf8 NOT NULL DEFAULT '-',
  `stparentmob` varchar(22) CHARACTER SET utf8 NOT NULL DEFAULT '-',
  `stemail` varchar(25) CHARACTER SET utf8 NOT NULL DEFAULT '-',
  `staddress` varchar(30) CHARACTER SET utf8 NOT NULL DEFAULT '-',
  `stnationalid` varchar(14) CHARACTER SET utf8 NOT NULL DEFAULT '-',
  `sttype` int(2) NOT NULL,
  `sttype2` varchar(6) COLLATE utf8_unicode_ci NOT NULL,
  `styear` varchar(15) CHARACTER SET utf8 NOT NULL DEFAULT '-',
  `stterm` varchar(15) CHARACTER SET utf8 NOT NULL DEFAULT '-',
  `stgroup` varchar(25) CHARACTER SET utf8 NOT NULL DEFAULT '-',
  `stbalance` varchar(15) CHARACTER SET utf8 NOT NULL DEFAULT '-',
  PRIMARY KEY (`stid`)
) ENGINE=InnoDB  DEFAULT CHARSET=utf8 COLLATE=utf8_unicode_ci AUTO_INCREMENT=290 ;

--
-- Dumping data for table `students`
--

INSERT INTO `students` (`stid`, `stcode`, `stname`, `stmob`, `sttel`, `stparenttype`, `stparentname`, `stparentmob`, `stemail`, `staddress`, `stnationalid`, `sttype`, `sttype2`, `styear`, `stterm`, `stgroup`, `stbalance`) VALUES
(1, '', 'احمد محمد عساف', '01141035135', '', '', '', '	01014054821', '', 'كليوباترا', '29602090201017', 2, 'B', '4', '1', 'A', '0'),
(2, '', 'لطيفة انور سعيد', '01205294873', '', '', '', '	01205294876', '', 'محرم بك', '', 1, 'B', '4', '1', 'A', '1500'),
(3, '', 'يمنى حسام الدين احمد', '01022291317', '', '', '', '0105200508', '', 'سبورتنج', '29604130200101', 2, 'B', '4', '1', 'A', '0'),
(4, '', 'اية اشرف عيسى', '01283666148', '', '', '', '01021276359', '', 'الابراهيمية', '29410010214907', 1, 'B', '4', '1', 'A', '0'),
(5, '', 'مريم احمد محمود', '01206113094', '', '', '', '	01123355227', '', 'مصطفى كامل', '29404300201001', 1, 'B', '4', '1', 'A', '0'),
(6, '', 'امنية انور ذكى', '01274459636', '', '', '', '	01003657080', '', 'كرموز', '29501010223987', 2, 'B', '4', '1', 'A', '0'),
(7, '', 'إسراء احمد عبد الفتاح', '01282711824', '', '', '', '	01061941242', '', 'محطة الرمل', '29607050200427', 1, 'B', '4', '1', 'A', '0'),
(8, '', 'انجى جابر احمد', '01206407241', '', '', '', '01229439274', '', 'محرم بك', '', 1, 'B', '4', '1', 'A', '0'),
(9, '', 'دينا وائل محمد السلامونى', '01012776964', '', '', '', '	01151364459', '', 'ستانلى', '29508271601584', 1, 'B', '4', '1', 'A', '0'),
(10, '', 'الاء نبيل صلاح', '01002852574', '', '', '', '	01204741626', '', 'محرم بك', '', 1, 'B', '4', '1', 'A', '0'),
(11, '', 'ندى محمد اشرف', '01005446708', '', '', '', '	01095001564', '', '', '29512020200383', 2, 'B', '4', '1', 'A', '0'),
(12, '', 'ياسمين سعيد صديق ', '01285613393', '', '', '', '	01203239658', '', 'السيوف شماعة', '29508020200882', 1, 'B', '4', '1', 'A', '0'),
(13, '', 'ندى خميس خميس', '01284368953', '', '', '', '	01275634579', '', 'اسكندرية', '29505190200845', 1, 'B', '4', '1', 'A', '0'),
(14, '', 'هدير سامى المبروك ', '01064094297', '', '', '', '	01148687799', '', 'الازاريطة', '29406160204147', 1, 'B', '4', '1', 'A', '0'),
(15, '', 'نورهان طارق محمود ', '01099213910', '', '', '', '	01224520416', '', 'محرم بك', '29712220200441', 2, 'B', '2', '1', 'A', '0'),
(16, '', 'إسراء ياسر محمد ', '', '', '', '', '	01150569624', '', 'سيدى بشر', '', 1, 'B', '2', '1', 'A', '0'),
(17, '', 'حبيبة احمد محمد ', '01062559525', '', '', '', '	01208046748', '', 'سموحة', '29803270200588', 2, 'B', '2', '1', 'A', '0'),
(18, '', 'لينا عادل ابراهيم', '01203428274', '', '', '', '	01203426872', '', 'العطارين', '29603010203789', 2, 'B', '2', '1', 'A', '0'),
(19, '', 'يمنى محمد وهبة', '01229367883', '', '', '', '	01060812451', '', 'سان ستيفانو', '29706060201144', 2, 'B', '2', '1', 'A', '0'),
(20, '', 'الاء عبد العليم', '01202320395', '', '', '', '	01282319703', '', 'العجمى', '29804280202321', 1, 'B', '2', '1', 'A', '0'),
(21, '', 'محمد محمود محمد القصرى', '01288162707', '', '', '', '	01220459984', '', 'الحضرة الجديدة', '29803010201751', 1, 'B', '2', '1', 'A', '0'),
(22, '', 'دينا محمد نجيب ', '01010052706', '', '', '', '	01153262828', '', 'فليمينج', '29703160201029', 1, 'B', '2', '1', 'A', '0'),
(23, '', 'رضوى صلاح الدين حنفى', '01093553734', '', '', '', '	01090222509', '', 'سابا باشا', '29709170200525', 1, 'B', '2', '1', 'A', '0'),
(24, '', 'اميمة عبد الله الشيخ', '01153940101', '', '', '', '	01229599576', '', 'الابراهيمية', '29713180300648', 2, 'B', '2', '1', 'A', '0'),
(25, '', 'دعاء محمد عبد الراوق', '01271670187', '', '', '', '	01208829973', '', 'العامرية', '29807260200968', 1, 'B', '2', '1', 'A', '0'),
(26, '', 'رودينا حمدى ابراهيم', '01206860416', '', '', '', '	01208410555', '', 'العجمى', '', 1, 'B', '2', '1', 'A', '0'),
(27, '', 'عبد الله محمد ابراهيم الن', '01211399775', '', '', '', '	01280042001', '', 'سموحة', '', 2, 'B', '2', '1', 'A', '0'),
(28, '', ' هناء محمد على', '01287517187', '', '', '', '	01229595339', '', 'شدس', '', 2, 'A', '2', '1', 'A', '0'),
(29, '', 'إيثار خالد منجد ', '01004358508', '', '', '', '	01099807013', '', 'ميامى', '29410050201841', 1, 'B', '3', '1', 'A', '0'),
(30, '', 'امنية سعيد احمد ', '01288973315', '', '', '', '	01288973316', '', 'اسكندرية', '29506120200208', 1, 'B', '3', '1', 'A', '0'),
(31, '', 'مها هشام ممدوح', '01275324403', '', '', '', '	01157393092', '', 'ميامى', '29604280200125', 1, 'B', '3', '1', 'A', '0'),
(32, '', 'مصطفى النجار', '01274982640', '', '', '', '	01017069930', '', 'المندرة', '29603160201415', 1, 'B', '3', '1', 'A', '0'),
(33, '', 'كيرلس زكريا بخيت', '01226657676', '', '', '', '	01275886632', '', 'سيدى بشر', '29506160300413', 2, 'B', '3', '1', 'A', '0'),
(34, '', 'محمد حسن السيد', '01276346104', '', '', '', '	', '', 'الازاريطة', '29508160200814', 2, 'B', '3', '1', 'A', '0'),
(35, '', 'روينا علاء الدين على المغ', '01220225609', '', '', '', '	01147768181', '', 'العجمى', '12940715020290', 1, 'B', '3', '1', 'A', '0'),
(36, '', 'شروق السيد الشاطبى', '01202471927', '', '', '', '	01281720022', '', '', '', 2, 'A', '3', '1', 'A', '0'),
(37, '', 'اميرة محمد الامام ', '01274946964', '', '', '', '	01024004957', '', 'السيةف', '29605140200806', 1, 'B', '3', '1', 'A', '0'),
(38, '', 'اريج اشرف ابراهيم', '01112144364', '', '', '', '	01225845929', '', 'فلمنج', '29508030200465', 2, 'B', '4', '1', 'A', '0'),
(39, '', 'الاء جابر فتحى', '01021161844', '', '', '', '	01223618810', '', 'ميامى', '', 1, 'B', '4', '1', 'A', '0'),
(40, '', 'اية محمد احمد ', '01279650391', '', '', '', '	01201880790', '', 'العجمى', '29510230202146', 2, 'B', '3', '1', 'A', '0'),
(41, '', 'ندا محمد ابراهيم', '01276377038', '', '', '', '	01223276116', '', 'العجمى', '', 1, 'B', '4', '1', 'A', '0'),
(42, '', 'اسماء يوسف اسماعيل', '01150734353', '', '', '', '	01224299810', '', 'محرم بك', '', 1, 'B', '4', '1', 'A', '0'),
(43, '', 'الاء ياسر محمد', '01283322455', '', '', '', '	01270009329', '', '', '', 2, 'B', '4', '1', 'A', '0'),
(44, '', 'ميرنا احمد لطفى', '01288374866', '', '', '', '	01288374866', '', 'الابراهيمية', '', 1, 'B', '4', '1', 'A', '0'),
(45, '', 'ريوان احمد محمد ', '01275460234', '', '', '', '	01272930716', '', 'بحرى', '', 2, 'A', '3', '1', 'A', '0'),
(46, '', 'فريدة طارق ابراهيم', '01111879330', '', '', '', '	01001326081', '', 'سموحة', '29411250203682', 2, 'B', '3', '1', 'A', '0'),
(47, '', 'مروة السيد رجب', '01207258933', '', '', '', '	01228461451', '', 'البيطاش ', '29810010203229', 2, 'B', '2', '1', 'A', '0'),
(48, '', 'ميرولا مكرم سليمان', '01289236721', '', '', '', '	01272912201', '', 'محرم بك', '', 2, 'B', '2', '1', 'A', '0'),
(49, '', 'نوال عادل السيد', '01273181009', '', '', '', '	01207968898', '', 'محرم بك', '', 1, 'B', '2', '1', 'A', '0'),
(50, '', 'منى محمد حسن', '01144474668', '', '', '', '	01144475669', '', 'محرم بك', '', 1, 'B', '4', '1', 'A', '0'),
(51, '', 'فاطمة محمد عبد اله ', '01229171024', '', '', '', '	01279886238', '', 'السيوف شماعة', '', 1, 'B', '4', '1', 'A', '0'),
(52, '', 'نسمة علاء حسن', '01287620665', '', '', '', '	01223412618', '', 'بولكلى', '29504180201682', 1, 'B', '4', '1', 'A', '0'),
(53, '', 'يسرا محمد حسن', '01018263302', '', '', '', '	01223430751', '', 'ميامى', '29609010202527', 2, 'B', '4', '1', 'A', '0'),
(54, '', 'اندرو مسعود نسيم ', '01227102584', '', '', '', '	01225585772', '', 'سيدى بشر', '29707010206559', 1, 'B', '2', '1', 'A', '0'),
(55, '', 'دنيا جمال محمود', '01091723738', '', '', '', '	01016045084', '', 'الابراهيمية ', '29803050200901', 1, 'B', '2', '1', 'A', '0'),
(56, '', 'نيرمين عادل أحمد', '01271744611', '', '', '', '	01276383931', '', 'العجمى', '29702170200946', 2, 'B', '4', '1', 'A', '0'),
(57, '', 'مصطفى ايهاب فتحى', '01282862797', '', '', '', '	', '', 'الورديان', '', 1, 'B', '3', '1', 'A', '0'),
(58, '', 'عنان وائل محمد', '01000582459', '', '', '', '	0100905003', '', 'السيوف', '2980701020361', 1, 'B', '2', '1', 'A', '0'),
(59, '', 'ريهام حسام صابر', '0120838707', '', '', '', '	01003505255', '', 'ميامى', '29603090200769', 1, 'B', '3', '1', 'A', '0'),
(60, '', 'هاجر فؤاد على محمد', '01116655178', '', '', '', '	01287700066', '', 'سموحة', '', 1, 'B', '3', '1', 'A', '87.5'),
(61, '', 'ليندا مروان يوسف', '01226368480', '', '', '', '	01281768015', '', 'سيدى بشر', '29508300200365', 1, 'B', '4', '1', 'A', '0'),
(62, '', 'امانى ابراهيم فؤاد', '01222392236', '', '', '', '	010926999146', '', 'العامرية', '', 1, 'A', '2', '1', 'A', '0'),
(63, '', 'امنية عبد الحكيم', '01279068144', '', '', '', '	', '', 'فلمنج', '295061921121', 2, 'B', '3', '1', 'A', '0'),
(64, '', 'ياسمين أحمد الغباشى', '01272396000', '', '', '', '	01207415759', '', 'لوران', '29507230201249', 1, 'B', '4', '1', 'A', '0'),
(65, '', 'نهى عبد الخالق محمد ', '01208435932', '', '', '', '	01017657964', '', 'فيكتوريا', '', 1, 'B', '4', '1', 'A', '0'),
(66, '', 'باسنت محمد محمد على', '01148689996', '', '', '', '	01223390353', '', 'السيةف شماعة', '29505130201281', 1, 'B', '4', '1', 'A', '50'),
(67, '', 'مارينا ماهر مترى', '01204377049', '', '', '', '	01204540779', '', 'سيدى بشر', '', 1, 'B', '4', '1', 'A', '0'),
(68, '', 'كريم خالد عبد الغنى', '01025500135', '', '', '', '	01210143051', '', 'سيدى بشر', '29609150203451', 2, 'B', '4', '1', 'A', '0'),
(69, '', 'ندى طارق صلاح', '01274166885', '', '', '', '	011559988114', '', 'سان ستيفانو', '29407170202688', 1, 'B', '4', '1', 'A', '0'),
(70, '', 'نيرة علاء الدين محمود ', '01091440048', '', '', '', '	01224067837', '', 'سيدى جابر', '', 1, 'B', '4', '1', 'A', '0'),
(71, '', 'مى هانى الخطيب', '01201627643', '', '', '', '	', '', 'لوران', '', 2, 'B', '4', '1', 'A', '0'),
(72, '', 'ندى امين ذكى', '0120848852', '', '', '', '	', '', 'محرم بك', '', 1, 'B', '4', '1', 'A', '0'),
(73, '', 'معتز صابر البرنس', '01289928686', '', '', '', '	01276085040', '', 'العطارين', '', 1, 'B', '2', '1', 'A', '-2.5'),
(74, '', 'نادين سعد احمد', '01206607619', '', '', '', '	01281860684', '', 'الاسكندرية', '29806300200706', 1, 'B', '2', '1', 'A', '0'),
(75, '', 'هاجر احمد ابراهيم احمد', '01226952089', '', '', '', '	01220368968', '', 'العوايد', '29708250202221', 1, 'B', '2', '1', 'A', '0'),
(76, '', 'باسم رضا اسماعيل', '0127011528', '', '', '', '	', '', 'جناكليس', '', 2, 'B', '3', '1', 'A', '0'),
(77, '', 'ندى رمضان عبد النبى', '012887109070', '', '', '', '	01280950677', '', 'الاسكندرية', '2980202022721', 1, 'B', '2', '1', 'A', '-2.5'),
(78, '', 'اية محمد مصطفى', '01121297206', '', '', '', '	01008447887', '', 'شدس', '29706010203367', 2, 'B', '3', '1', 'A', '0'),
(79, '', 'مصطفى حسين محمد -تاكى-', '01279234996', '', '', '', '	01278577080', '', 'باموس', '2949150205675', 2, 'A', '2', '1', 'A', '0.25'),
(80, '', 'سلمى صلاح السيد', '01007700324', '', '', '', '	01118713572', '', 'ميامى', '29503150202443', 2, 'B', '3', '1', 'A', '0'),
(81, '', 'ماريو نبيل فهيم ', '01273355597', '', '', '', '	01276757976', '', '', '', 2, 'B', '3', '1', 'A', '-2.5'),
(82, '', 'سارة نصر محمد', '01210513829', '', '', '', '	01283441704', '', 'فيكتوريا', '', 1, 'B', '3', '1', 'A', '0'),
(83, '', 'روان محمد اسماعيل', '01224310330', '', '', '', '	0100508898', '', 'مطروح', '', 2, 'A', '3', '1', 'A', '0'),
(84, '', 'بسنت حسن محمود', '01152747279', '', '', '', '	033822446', '', 'محرم بك', '29608140200066', 1, 'B', '3', '1', 'A', '0'),
(85, '', 'مى محمد سعيد', '01148823374', '', '', '', '	011572705856', '', 'محمد نجيب', '', 1, 'B', '3', '1', 'A', '-2.5'),
(86, '', 'بسنت يحيى زكريا', '01065436775', '', '', '', '	1065404778', '', 'الاسكندرية', '29507100200445', 1, 'B', '3', '1', 'A', '-2.5'),
(87, '', 'مونيكا مدحت ميخائيل ', '011281866513', '', '', '', '	01274381779', '', 'سبورتنج', '29609100200825', 1, 'B', '3', '1', 'A', '-2.5'),
(88, '', 'مارتينا ثابت لبيب', '01227310907', '', '', '', '	01271717312', '', 'الورديان', '', 1, 'B', '4', '1', 'B', '0'),
(89, '', 'ناردين وجدى هلال', '01212505087', '', '', '', '	01229104324', '', 'الابراهيمية ', '', 1, 'B', '4', '1', 'B', '0'),
(90, '', 'اسراء محمود عبد الحليم', '0100474481', '', '', '', '	', '', 'المندرة ', '29411140203342', 2, 'B', '4', '1', 'B', '0'),
(91, '', 'ريهام ابراهيم السيد ', '01064342684', '', '', '', '	', '', 'كفر الشيخ', '', 1, 'B', '4', '1', 'B', '0'),
(92, '', 'مينا سمير ابراهيم', '01284860606', '', '', '', '	01223252173', '', 'العصافرة', '297012602219', 2, 'B', '2', '1', 'A', '0'),
(93, '', 'رانيا علاء احمد ', '0128665466', '', '', '', '	01260146258', '', 'ابو قير ', '', 1, 'B', '4', '1', 'B', '0'),
(94, '', 'جهاد محمد احمد', '01200778372', '', '', '', '	01272926972', '', 'العجمى', '', 1, 'B', '3', '1', 'A', '0'),
(95, '', 'ميار ابراهيم مبارك ', '01122454191', '', '', '', '	01128125673', '', 'فيكتوريا', '29506060202141', 1, 'B', '4', '1', 'B', '0'),
(96, '', 'نيفين مجدى شفيق', '01202747505', '', '', '', '	01210084105', '', 'محرم بك', '', 1, 'B', '5', '1', 'B', '-550'),
(97, '', 'محمد سعيد ابو زيد', '01285710461', '', '', '', '	01227363740', '', 'عوبة محسن', '', 1, 'B', '4', '1', 'B', '-112.5'),
(98, '', 'سمر محمد حماد ', '011117093587', '', '', '', '	01279410921', '', 'العجمى', '29703190200835', 2, 'B', '2', '1', 'A', '0'),
(99, '', 'ندى محسن ابو باشا', '01062099284', '', '', '', '	01094155664', '', 'ميامى', '', 2, 'B', '2', '1', 'A', '0'),
(100, '', 'عهود مرسى عسران', '01284297169', '', '', '', '	01270396046', '', 'ابو سليمان', '', 1, 'B', '4', '1', 'B', '0'),
(101, '', 'فادى احمد محمد ', '0127305254', '', '', '', '	01004500147', '', 'الابراهيمية', '29610010214779', 1, 'B', '3', '1', 'A', '0'),
(102, '', 'ندى صابر عامر', '01203023351', '', '', '', '	', '', 'كليوباترا', '', 1, 'B', '3', '1', 'A', '0'),
(103, '', 'سهر سمير نحند', '01125662933', '', '', '', '	01125565531', '', '', '', 1, 'B', '3', '1', 'A', '-2.5'),
(104, '', 'رانيا صلاح محمد', '01282883724', '', '', '', '	01025500135', '', 'سيدى بشر', '29509150203451', 1, 'B', '3', '1', 'A', '-2.5'),
(105, '', 'علا خميس لبسيد', '01285444709', '', '', '', '	', '', 'لوران', '29509040200109', 2, 'B', '4', '1', 'B', '0'),
(106, '', 'اسراء بدر', '01288104602', '', '', '', '	01281304935', '', 'العطارين', '', 1, 'B', '3', '1', 'A', '0'),
(107, '', 'دنيا محمد ابراهيم', '01016187465', '', '', '', '	01220710345', '', 'محرم بك', '', 2, 'B', '2', '1', 'A', '0'),
(108, '', 'نسمة محمد معوض ', '01204323690', '', '', '', '	01288713477', '', 'الاسكندرية', '2980606020967', 1, 'B', '2', '1', 'A', '-2.5'),
(109, '', 'روميسة صالح ابراهيم', '01280110161', '', '', '', '	', '', 'المندرة', '29406820020148', 2, 'B', '2', '1', 'A', '0'),
(110, '', 'ايمان عباس على', '01069872038', '', '', '', '	01008266110', '', 'القبارى', '29807010277620', 2, 'B', '2', '1', 'A', '0'),
(111, '', 'ندى حمدى على', '01283253146', '', '', '', '	01201515095', '', 'الورديان', '29603150200143', 2, 'B', '2', '1', 'A', '0'),
(112, '', 'محمد صلاح الدين فتح الله', '01150477133', '', '', '', '	', '', 'الجمرك', '29501220200912', 2, 'B', '2', '1', 'A', '0'),
(113, '', 'احمد ايمن سعيد', '01287670988', '', '', '', '	01210582175', '', 'المندرة', '', 2, 'B', '3', '1', 'A', '25'),
(114, '', 'الاء مختار اسماعيل', '01001052909', '', '', '', '	01208522283', '', 'السيوف شماعة', '2901200201661', 1, 'B', '4', '1', 'B', '-2.5'),
(115, '', 'فاطمة الزهراء محمد على ', '01008208908', '', '', '', '	01275753397', '', 'محرم بك', '29509260202684', 2, 'B', '4', '1', 'B', '0'),
(116, '', 'نادين محمد اشرف', '01280937473', '', '', '', '	01227607516', '', 'فيكتوريا', '29806018800407', 1, 'B', '5', '1', 'B', '-500'),
(117, '', 'ندى مصطفى احمد ', '01204426698', '', '', '', '	01205847658', '', 'الهانوفيل', '29808030200142', 1, 'B', '5', '1', 'B', '-500'),
(118, '', 'ممدوح حسن محمد', '01288968833', '', '', '', '	01202739907', '', '', '', 1, 'B', '2', '1', 'B', '0'),
(119, '', 'ايمان سعيد محمد', '01281024959', '', '', '', '	01227634503', '', 'الترسانة', '2980110200368', 2, 'B', '2', '1', 'B', '0'),
(120, '', 'خالد خميس محمد', '01278503235', '', '', '', '	01010138010', '', 'العصافرة', '295053200997', 2, 'B', '5', '1', 'A', '-300'),
(121, '', 'روان عمرو مصطفى', '011145024502405', '', '', '', '	01220841804', '', 'فيكتوريا', '29703150201641', 1, 'B', '3', '1', 'A', '0'),
(122, '', 'مى سالم ابو الفتوح', '01277979642', '', '', '', '	01287528976', '', 'البيطاش', '', 2, 'B', '3', '1', 'B', '0'),
(123, '', 'اسراء عبد الحميد احمد', '011118749100', '', '', '', '	01282837466', '', 'ميامى', '', 2, 'B', '3', '1', 'B', '-2.5'),
(124, '', 'امنية سعيد عبد الباقى', '0106316483', '', '', '', '	01276101801', '', 'الاسكندرية', '29507190201402', 1, 'B', '3', '1', 'B', '-212.5'),
(125, '', 'عبد الرحمن عزت عبد المنعم', '0120572101', '', '', '', '	034941150', '', 'محرم بك', '29709230200198', 1, 'B', '3', '1', 'B', '0'),
(126, '', 'وسيم عبد العزيز ابراهيم', '01205567503', '', '', '', '	01006615092', '', 'طوسون', '29312080200316', 2, 'B', '4', '1', 'B', '-62.5'),
(127, '', 'احمد قدرى السيد', '01003355514', '', '', '', '	', '', 'سيدى بشر', '', 1, 'B', '2', '1', 'B', '-2.5'),
(128, '', 'بشاير حسن كامل ', '01019922500', '', '', '', '	01284788825', '', 'العطارين', '29508020201145', 1, 'B', '4', '1', 'B', '0'),
(129, '', 'علياء شوقى محمد ', '01220875340', '', '', '', '	01002637076', '', 'سموحة', '', 1, 'B', '4', '1', 'B', '0'),
(130, '', 'اسماء عادل محمود', '01203697314', '', '', '', '	01121612694', '', '', '', 1, 'B', '4', '1', 'B', '0'),
(131, '', 'سمر جمال شاكر', '01201303598', '', '', '', '	01208804316', '', 'المطار', '', 1, 'B', '4', '1', 'B', '0'),
(132, '', 'محمد محروس مهوض', '01023377105', '', '', '', '	01017735935', '', 'فيكتوريا', '', 1, 'B', '4', '1', 'B', '-62.5'),
(133, '', 'رانيا شريف انور الجندى ', '01065482211', '', '', '', '	01094131391', '', 'سيدى جابر', '29908121602424', 1, 'B', '1', '1', 'A', '0'),
(134, '', 'الاء كمال علام', '01008725196', '', '', '', '	01113870636', '', '', '', 1, 'A', '5', '1', 'B', '-375'),
(135, '', 'نجوى سعيد محمد ', '01009509741', '', '', '', '	0106656571', '', 'الابراهيمية', '', 1, 'B', '2', '1', 'B', '0'),
(136, '', 'اكرم عادل عبد الحميد', '01212137301', '', '', '', '	0122192477', '', 'العجمى', '', 2, 'A', '2', '1', 'B', '0'),
(137, '', 'محمد سعيد فتحى', '01221689298', '', '', '', '	01283894634', '', 'الهصافرة', '29508200200333', 2, 'B', '3', '1', 'B', '-25'),
(138, '', 'اسماء محى الدين عبد العزي', '01275199808', '', '', '', '	01201928403', '', 'الشاطبى', '29806290201164', 2, 'B', '2', '1', 'B', '75'),
(139, '', 'احمد سمير حسن', '01288769261', '', '', '', '	01203649251', '', 'الورديان', '2950915200635', 2, 'B', '5', '1', 'B', '-575'),
(140, '', 'ريهام محمود محمد ', '01202014341', '', '', '', '	01220875340', '', 'جليم', '', 2, 'B', '3', '1', 'B', '-50'),
(141, '', 'اميرة حمدى محمود حسنين', '01205534400', '', '', '', '	01284791465', '', 'الظاهرية', '29509080202147', 1, 'B', '4', '1', 'B', '0'),
(142, '', 'اية حسن محمد حسن', '01155113285', '', '', '', '	01223462536', '', 'ابو قير', '29509010202701', 1, 'B', '4', '1', 'B', '0'),
(143, '', 'رضوى محمود عمر', '01210286736', '', '', '', '	01287323949', '', 'العامريى', '', 1, 'B', '4', '1', 'B', '0'),
(144, '', 'مؤمن محمد ذكى ', '01212797825', '', '', '', '	', '', 'الدخيلة', '', 2, 'B', '3', '1', 'B', '0'),
(145, '', 'احمد محمد السيد ', '01205526228', '', '', '', '	01229347841', '', 'الحضرة الجديدة', '29704140200731', 1, 'B', '2', '1', 'B', '0'),
(146, '', 'مهاب الدين محمد فتحى', '01280116971', '', '', '', '	01227939127', '', 'البيطاش', '29610010214434', 1, 'A', '2', '1', 'B', '0'),
(147, '', 'منة الله عدلى ابراهيم ', '01284263443', '', '', '', '	01114410408', '', 'الشاطبى', '29610010207403', 2, 'A', '1', '1', 'A', '0'),
(148, '', 'بديع محمد عبد المنعم ', '01278366991', '', '', '', '	034856249', '', 'الجمرك', '', 2, 'B', '3', '1', 'B', '-112.5'),
(149, '', 'خالد السمان احمد', '01201337879', '', '', '', '	', '', 'العوايد', '', 2, 'B', '5', '1', 'B', '-400'),
(150, '', 'انجى عادل ابراهيم ', '01278788180', '', '', '', '	034369651', '', 'العجمى', '29810040200363', 1, 'B', '5', '1', 'A', '-500'),
(151, '', 'عبد الرحمن حسن مصطفى', '01132165725', '', '', '', '	01284106936', '', '', '29803010201891', 1, 'A', '1', '1', 'A', '-2.5'),
(152, '', 'دينا حسين', '01068200905', '', '', '', '	01224859238', '', 'ثروت', '29512250200421', 1, 'A', '2', '1', 'B', '0'),
(153, '2', 'علياء احمد المرسى ', '01202915189', '', '', '', '	01065185464', '', 'سيدى بشر', '29707200200662', 1, 'B', '2', '1', 'B', '0'),
(154, '', 'لوجين السيد ابراهيم جابر', '01129880144', '', '', '', '	01274125004', '', 'ميامى', '29805220200288', 2, 'A', '1', '1', 'A', '0'),
(155, '', 'شذا وليد مجدى ', '01012641057', '', '', '', '	01099338434', '', 'بولكلى', '2990528020664', 1, 'B', '1', '1', 'A', '0'),
(156, '', 'نيرمين عبد النبى ', '01211433391', '', '', '', '	01221713173', '', 'اسكندرية', '', 2, 'B', '1', '1', 'A', '0'),
(157, '', 'ميار محسن عبد العزيز', '01277695355', '', '', '', '	', '', 'العجمى', '', 1, 'B', '4', '1', 'B', '-100'),
(158, '', 'منتصر حسين سرى', '01279949705', '', '', '', '	', '', 'سموحة', '29501228800277', 1, 'B', '4', '1', 'B', '0'),
(159, '', 'احمد عوض  الله ', '01011700696', '', '', '', '	01227623600', '', 'العصافرة', '29780701219', 2, 'B', '1', '1', 'A', '-2.5'),
(160, '', 'امانى محمد نجيب ', '01158465861', '', '', '', '	01227843559', '', 'ميامى', '295092521352', 2, 'B', '4', '1', 'B', '0'),
(161, '', 'محمد كمال عيد ', '01202510543', '', '', '', '	01210533984', '', 'البيطاش', '', 1, 'B', '5', '1', 'B', '-600'),
(162, '', 'عمر هادل حسن', '01212244347', '', '', '', '	', '', 'كامب شيزار', '29411260202218', 2, 'B', '3', '1', 'B', '0'),
(163, '', 'امنية احمد عبد الماجد', '01220502858', '', '', '', '	01013778914', '', 'السيوف', '', 2, 'B', '3', '1', 'B', '0'),
(164, '', 'نورهان السيد محمود محمد ', '01220384284', '', '', '', '	01270485552', '', 'شدس', '29601010220249', 1, 'A', '4', '1', 'B', '0'),
(165, '', 'احمد محمد احمد ', '012114205009', '', '', '', '	', '', 'العجمى', '2956107200218', 1, 'B', '3', '1', 'B', '37.5'),
(166, '', 'محمد عبد الرازق ابراهيم ', '01210874430', '', '', '', '	01286872052', '', 'العجمى', '2956160200812', 2, 'B', '3', '1', 'B', '37.5'),
(167, '', 'سارة مصطفى عبد المنعم', '01201588769', '', '', '', '	', '', 'سموحة', '29805130200505', 1, 'B', '2', '1', 'B', '0'),
(168, '', 'فايف ان ارك', '01060555625', '', '', '', '	', '', 'الابراهيمية', '', 1, 'B', '5', '1', 'A', '-750'),
(169, '', 'نهى محمد محمود ', '011500794', '', '', '', '	', '', 'باكوس', '', 1, 'B', '4', '1', 'B', '0'),
(170, '', 'مى حامد عطا', '01203092431', '', '', '', '	01276521818', '', 'فيكتوريا', '29508030200627', 1, 'B', '4', '1', 'B', '47.5'),
(171, '', 'سارة هشام ', '00000000000000', '', '', '', '	', '', '', '', 1, 'B', '2', '1', 'B', '0'),
(172, '1', 'روان اشرف محمد ', '01229304179', '', '', '', '	01205488700', '', 'بحرى', '29901210201943', 1, 'B', '1', '1', 'A', '0'),
(173, '', 'روان محمد حنفى', '01280063822', '', '', '', '	01202582328', '', 'اسكندرية', '2990920204841', 1, 'B', '1', '1', 'A', '0'),
(174, '', 'الاء كريم عبد الفتاح', '01289990548', '', '', '', '	01205549355', '', 'البيطاش', '29908070202345', 2, 'B', '1', '1', 'A', '-12.5'),
(175, '', 'مصعب سعد ياسين', '01200334328', '', '', '', '	01143224729', '', 'ابو تلات', '', 2, 'B', '5', '1', 'B', '-212.5'),
(176, '', 'محمد شعبان عبد العزيز', '01022855825', '', '', '', '	', '', 'سيدى يشر', '', 2, 'B', '3', '1', 'B', '0'),
(177, '', 'محمد شعبان عبد العزيز', '01022855825', '', '', '', '	', '', 'سيدى يشر', '', 2, 'B', '5', '1', 'B', '-750'),
(178, '', 'محمد مجدى جابر', '01126769191', '', '', '', '	01094242566', '', 'البيطاش', '', 2, 'A', '2', '1', 'B', '0'),
(179, '', 'احمد محمد احمد حسب النبى ', '01203672441', '', '', '', '	01220363817', '', 'سيدى بشر', '', 1, 'B', '4', '1', 'B', '0'),
(180, '', 'محمد فايز ابو اليزيد', '010022340200', '', '', '', '	01157606399', '', 'سيدى بشر', '29412210201853', 2, 'B', '4', '1', 'B', '-2.5'),
(181, '', 'مروان محمد سليمان السيسى', '01002925102', '', '', '', '	01284490201', '', 'جليم', '29403030203531', 1, 'B', '4', '1', 'B', '75'),
(182, '', 'اسراء ابرلاهيم رشاد', '0000000000', '', '', '', '	000000000000000', '', '', '', 1, 'B', '4', '1', 'B', '0'),
(183, '', 'شروق عبد الفتاح', '01276476167', '', '', '', '	01206665789', '', 'ميامى', '29503200200366', 1, 'B', '4', '1', 'B', '0'),
(184, '', 'اشرقت بهاء ابراهيم', '01201707316', '', '', '', '	01270807847', '', 'سيدى بشر', '2960103208201', 1, 'B', '3', '1', 'B', '0'),
(185, '', 'سمر سعيد رمضان', '01026601771', '', '', '', '	01271822616', '', '', '19803041601580', 1, 'B', '1', '1', 'A', '0'),
(186, '', 'احمد محمود كامل', '01229011165', '', '', '', '	01287807739', '', 'محرم بك', '', 1, 'B', '4', '1', 'B', '-12.5'),
(187, '', 'رولا ابرهيم الخواجة', '01284977506', '', '', '', '	', '', 'الساحل الشمالى', '', 1, 'B', '4', '1', 'B', '0'),
(188, '', 'نهاد اشرف محمد ', '01014246338', '', '', '', '	01220017021', '', 'العصافرة', '', 2, 'B', '2', '1', 'B', '0'),
(189, '', 'هاجر حمدى محمد ', '01141228790', '', '', '', '	01281553930', '', 'اسكندرية', '29806280200925', 2, 'B', '2', '1', 'B', '0'),
(190, '', 'نور احمد الجندى', '01270506348', '', '', '', '	01150454177', '', 'غيكتوريا', '', 1, 'B', '3', '1', 'B', '-2.5'),
(191, '', 'عمرو سمير توفيق', '0115541542', '', '', '', '	01228641637', '', 'النبى دانيال', '2990223020176', 1, 'B', '1', '1', 'A', '0'),
(192, '', 'نورهان محمد عبد الرازق', '01148439825', '', '', '', '	01063776131', '', 'العوايد', '29807150201128', 1, 'B', '2', '1', 'B', '-2.5'),
(193, '', 'اية عبد  السلام', '01121849201', '', '', '', '	01225454515', '', 'جناكليس', '', 1, 'B', '3', '1', 'B', '-2.5'),
(194, '', 'امينة على السيد', '012742940070', '', '', '', '	01286286750', '', '', '', 2, 'B', '2', '1', 'B', '0'),
(195, '', 'ياسمين احمد السيد', '01203129377', '', '', '', '	0110012488', '', 'لوران', '29607007120306', 2, 'B', '3', '1', 'B', '0'),
(196, '', 'مصطفى رمضان', '01201781391', '', '', '', '	5346815', '', 'محرم بك', '', 2, 'B', '5', '1', 'B', '-250'),
(197, '', 'كريم محمد السيد ', '0128956090', '', '', '', '	01114113135', '', 'محرم بك', '', 2, 'B', '3', '1', 'B', '0'),
(198, '', 'احمد حسين دهب', '01287753221', '', '', '', '	', '', 'بحرى', '', 2, 'B', '4', '1', 'B', '-12.5'),
(199, '', 'محمد مجدى محمود', '01201518764', '', '', '', '	01126928502', '', 'محرم بك', '', 2, 'B', '4', '1', 'B', '-2.5'),
(200, '', 'مهند ناصر احمد ', '01201538777', '', '', '', '	', '', 'حجر النواتية', '', 1, 'A', '1', '1', 'A', '0'),
(201, '1', 'عزام محمد اسماعيل ', '01149867474', '', '', '', '	5214768', '', 'كليوباترا', '29801012733595', 1, 'A', '1', '1', 'A', '0'),
(202, '', 'زينة اسامة فاروق', '01272702776', '', '', '', '	01222793577', '', 'الهانوفيل', '29704010201469', 2, 'B', '2', '1', 'B', '0'),
(203, '', 'ميار طارق محمد ', '01097101218', '', '', '', '	01222936054', '', 'جناكليس', '', 2, 'B', '4', '1', 'B', '0'),
(204, '', 'سلمى حسن على', '01018848660', '', '', '', '	01007590393', '', '', '', 1, 'B', '3', '1', 'B', '-2.5'),
(205, '', 'ندى محمد يوسف', '01288154637', '', '', '', '	0122703248', '', 'كرموز', '', 2, 'B', '1', '1', 'A', '0'),
(206, '', 'حسام فرج السيد', '01096595663', '', '', '', '	', '', 'سيدى بشر', '', 2, 'B', '1', '1', 'A', '25'),
(207, '', 'عبد الرحمن عادل محمد', '01202666172', '', '', '', '	01007749420', '', '', '2941226022793', 2, 'B', '3', '1', 'B', '0'),
(208, '', 'ايمان محمد فرج', '01060498243', '', '', '', '	01285484504', '', 'العطارين', '', 1, 'A', '4', '1', 'B', '0'),
(209, '', 'خلود على محمود', '01114778446', '', '', '', '	01003766301', '', 'بولكلى', '29501030200584', 2, 'B', '4', '1', 'B', '0'),
(210, '', 'ايمان ابراهيم احمد ', '01276117978', '', '', '', '	01097788072', '', 'العجمى', '', 2, 'A', '3', '1', 'B', '0'),
(211, '', 'نورهان صلاح الدين مظهر', '01223564541', '', '', '', '	', '', 'كليوباترا', '', 1, 'A', '2', '1', 'B', '12.5'),
(212, '', 'مريم عمرو محمد', '01275617152', '', '', '', '	0120752845', '', 'كامب شيزار', '29906230200864', 1, 'B', '1', '1', 'A', '-2.5'),
(213, '', 'بدر احمد عجمى', '01277910119', '', '', '', '	01224371611', '', 'الابراهيمية', '', 1, 'B', '1', '1', 'A', '0'),
(214, '', 'يارا جمال صالح', '012107992338', '', '', '', '	01004728248', '', 'محرم بك', '', 2, 'B', '3', '1', 'B', '-2.5'),
(215, '', 'هشام على محمد ', '01279889413', '', '', '', '	01276889413', '', 'فيكتوريا', '', 1, 'B', '4', '1', 'B', '-12.5'),
(216, '', 'عمر صلاح رشاد', '01281080425', '', '', '', '	', '', 'محرم بك', '', 1, 'B', '5', '1', 'B', '-412.5'),
(217, '', 'احمد الشناوى', '01114909594', '', '', '', '	01064959992', '', 'العوايد', '', 1, 'B', '5', '1', 'B', '-262.5'),
(218, '', 'بيشوى ايميل وديع', '01212119679', '', '', '', '	01225131765', '', 'محرم بك', '', 1, 'A', '3', '1', 'B', '0'),
(219, '', 'مارينا سعد حليم', '91286833068', '', '', '', '	', '', 'كليو باترا', '', 1, 'A', '3', '1', 'B', '0'),
(220, '', 'ايمان احمد السيد', '01026443087', '', '', '', '	01003340934', '', 'البيطاش', '', 1, 'B', '5', '1', 'B', '-402.5'),
(221, '', 'امنية مصطفى ممدوح', '01026677994', '', '', '', '	01026677995', '', 'كوبرى الناموس', '', 1, 'B', '1', '1', 'A', '0'),
(222, '', 'هاجر انور مصطفى', '01285876455', '', '', '', '	01281870930', '', 'كوبرى الناموس', '', 2, 'B', '2', '1', 'B', '0'),
(223, '', 'امنية عبد الرحيم', '01155405400', '', '', '', '	01000654046', '', '', '', 1, 'B', '5', '1', 'B', '-300'),
(224, '', 'اسراء حسن السيد ', '01277256253', '', '', '', '	01204078028', '', 'الساعة', '', 1, 'A', '1', '1', 'A', '-2.5'),
(225, '', 'اشرقت على السعيد', '01098005211', '', '', '', '	', '', 'سيدى بشر', '', 1, 'B', '4', '1', 'B', '-2.5'),
(226, '', 'الاء اشرف فودة', '01110115484', '', '', '', '	', '', 'سموحة', '', 1, 'B', '4', '1', 'B', '-2.5'),
(227, '', 'سلمى البدرى صابر', '01205244978', '', '', '', '	', '', 'محرم بك', '', 1, 'B', '1', '1', 'A', '-2.5'),
(228, '', 'سلمى احمد على', '01128307802', '', '', '', '	', '', 'محرم بك', '', 1, 'B', '1', '1', 'A', '-2.5'),
(229, '', 'ندى اشرف محمد الجندى', '01140609895', '', '', '', '	', '', 'كليوباترا', '', 1, 'B', '2', '1', 'B', '25'),
(230, '', 'رؤيا مدحت', '01204699113', '', '', '', '	', '', 'مصطفى كامل', '', 2, 'A', '2', '1', 'B', '0'),
(231, '', 'وسام عبد النبى', '0101118058', '', '', '', '	', '', 'فيكتوريا', '', 1, 'A', '2', '1', 'B', '0'),
(232, '', 'ابانوب عادل ثابت', '01223923814', '', '', '', '	', '', 'العصافرة', '', 1, 'A', '2', '1', 'B', '37.5'),
(233, '', 'ايمان جمال صالح مالك', '01202243793', '', '', '', '	', '', 'باكوس', '', 2, 'B', '1', '1', 'A', '75'),
(234, '', 'اميرة عصام الدين', '01270859984', '', '', '', '	', '', 'العطارين', '', 1, 'B', '2', '1', 'B', '185'),
(235, '', 'احمد شوقى محمد', '01153639333', '', '', '', '	', '', 'محرم بك', '', 2, 'B', '4', '1', 'B', '0'),
(236, '', 'امجد محمد ', '01286880344', '', '', '', '	', '', 'خورشيد', '', 1, 'B', '4', '1', 'B', '25'),
(237, '', 'محمد احمد شكرى', '012849489525', '', '', '', '	', '', '', '', 2, 'A', '1', '1', 'A', '0'),
(238, '', 'عمرو عبد القادر', '01100443711', '', '', '', '	', '', '', '', 1, 'B', '1', '1', 'A', '25'),
(239, '', 'بيتر مكرم', '01221461419', '', '', '', '	', '', '', '', 1, 'A', '5', '1', 'B', '-162.5'),
(240, '', 'مريم ابراهيم السيد', '01223019561', '', '', '', '	', '', 'غيط العنب', '', 1, 'B', '2', '1', 'B', '-2.5'),
(241, '', 'اسماء مصطفى محمود', '01000097493', '', '', '', '	', '', '', '', 2, 'A', '3', '1', 'B', '25'),
(242, '', 'امانى صلاح الدين', '01203033644', '', '', '', '	', '', 'العجمى', '', 2, 'A', '2', '1', 'B', '37.5'),
(243, '', 'امنية حلمى احمد', '01007738177', '', '', '', '	', '', '', '', 2, 'B', '3', '1', 'B', '-2.5'),
(244, '', 'عبد الرحمن عيد ابراهيم', '01227344112', '', '', '', '	', '', '', '', 1, 'B', '2', '1', 'B', '25'),
(245, '', 'سارة عبد اللطيف', '01126639662', '', '', '', '	', '', '', '', 2, 'A', '3', '1', 'B', '275'),
(246, '', 'اميرة حسين احمد', '01122633519', '', '', '', '	', '', '', '', 1, 'A', '2', '1', 'B', '25'),
(247, '', 'عمر صبرى سليمان', '01284862506', '', '', '', '	', '', '', '', 2, 'A', '2', '1', 'B', '12.5'),
(248, '', 'ياسمين محمد ابراهيم', '01286592263', '', '', '', '	', '', '', '', 2, 'B', '2', '1', 'B', '25'),
(249, '', 'حبيبة احمد سيد', '01119698713', '', '', '', '	', '', '', '', 1, 'B', '2', '1', 'B', '25'),
(250, '', 'اسماعيل عبد العال', '01201306345', '', '', '', '	', '', '', '', 1, 'B', '1', '1', 'A', '25'),
(251, '', 'اميرة محمد غباشى', '01273301122', '', '', '', '	', '', '', '', 1, 'A', '2', '1', 'B', '50'),
(252, '', 'فريدة طارق ابراهيم', '01111879330', '', '', '', '	', '', '', '', 2, 'B', '3', '1', 'B', '25'),
(253, '', 'احمد محمد محمد ابو شعبان', '0128056577', '', '', '', '	', '', '', '', 2, 'B', '3', '1', 'B', '25'),
(254, '', 'سلمى امين ', '01220791904', '', '', '', '	', '', '', '', 2, 'B', '1', '1', 'A', '25'),
(255, '', 'اسراء عزت محمد', '01204868648', '', '', '', '	', '', '', '', 1, 'B', '1', '1', 'A', '25'),
(256, '', 'رضوى محمد على', '01121563233', '', '', '', '	', '', '', '', 1, 'B', '3', '1', 'B', '25'),
(257, '', 'هاجر محمد خميس', '0121235209', '', '', '', '	', '', '', '', 1, 'B', '2', '1', 'B', '0'),
(258, '', 'جوزيف عادل', '01222405740', '', '', '', '	', '', '', '', 1, 'B', '3', '1', 'B', '0'),
(259, '', 'سلمى محمد هشام', '01222678612', '', '', '', '	', '', '', '', 2, 'A', '2', '1', 'B', '25'),
(260, '', 'هبة محمد', '01201361335', '', '', '', '	', '', '', '', 2, 'B', '2', '1', 'B', '0'),
(261, '', 'دينا فؤاد', '01270973897', '', '', '', '	', '', '', '', 1, 'A', '3', '1', 'B', '37.5'),
(262, '', 'سلمى محمد على', '01214771956', '', '', '', '	', '', '', '', 2, 'A', '1', '1', 'A', '25'),
(263, '', 'حسام عبد الباسط', '01278890712', '', '', '', '	', '', '', '', 2, 'A', '2', '1', 'B', '-150'),
(264, '', 'هاجر عبد البارى', '01004440451', '', '', '', '	', '', '', '', 1, 'B', '4', '1', 'B', '-50'),
(265, '', 'محمود حازم محمد', '01207744330', '', '', '', '	', '', '', '', 2, 'B', '5', '1', 'B', '-275'),
(266, '', 'محمد قدرى احمد', '0127401457', '', '', '', '	', '', '', '', 2, 'B', '5', '1', 'B', '-275'),
(267, '', 'احمد على محمد على', '00000000000', '', '', '', '	', '', '', '', 2, 'B', '4', '1', 'B', '125'),
(268, '', 'شاهندة السيد خليل', '01283874015', '', '', '', '	', '', '', '', 1, 'B', '3', '1', 'B', '25'),
(269, '', 'دنيا رمضان صابر', '01220330689', '', '', '', '	', '', '', '', 1, 'A', '2', '1', 'B', '12.5'),
(270, '', 'مصطفى عبد الفتاح', '01270072778', '', '', '', '	', '', '', '', 2, 'A', '3', '1', 'B', '12.5'),
(271, '', 'محمد طارق محمد', '0127001295', '', '', '', '	', '', '', '', 2, 'A', '1', '1', 'A', '25'),
(272, '', 'بسنت نجيب صبحى ', '01018935678', '', '', '', '	', '', '', '', 1, 'A', '3', '1', 'B', '12.5'),
(273, '', 'مريهان محمد محمود', '01124485485', '', '', '', '	', '', '', '', 2, 'A', '3', '1', 'B', '12.5'),
(274, '', 'محمد اشرف بودا', '01229802078', '', '', '', '	', '', '', '', 2, 'A', '3', '1', 'B', '37.5'),
(275, '', 'عمر فتحى محمد ', '01200210199', '', '', '', '	', '', '', '', 2, 'A', '3', '1', 'B', '12.5'),
(276, '', 'اسلام محروس', '01272564198', '', '', '', '	', '', '', '', 1, 'A', '3', '1', 'B', '12.5'),
(277, '78', 'ahmed', '0879087', '67987', 'asd', 'asd', '	1231234', 'a@a.com', 'kjh', '124124', 1, 'B', '1', '1', 'A', '0'),
(280, '7', 'test1', '897987', '90870987', 'jh', 'kjh', '	897', 'a@a.com', 'kj', '897', 1, 'B', '2', '1', 'A', '-750'),
(281, '7', 'test1', '897987', '90870987', 'jh', 'kjh', '	897', 'a@a.com', 'kj', '897', 1, 'A', '2', '1', 'A', '-600'),
(282, '098', 'jkhkljhjklhjkl', '897987', '89070987', 'kljlk', 'lkjlkj', '	987987', 'a@a.com', 'kjlkj', '987897', 1, 'C', '3', '2', 'B', ''),
(283, '098', 'jkhkljhjklhjkl', '897987', '89070987', 'kljlk', 'lkjlkj', '	987987', 'a@a.com', 'kjlkj', '987897', 1, 'C', '3', '2', 'B', '100'),
(284, '098', 'jkhkljhjklhjkl', '897987', '89070987', 'kljlk', 'lkjlkj', '	987987', 'a@a.com', 'kjlkj', '987897', 1, 'C', '3', '2', 'B', '100'),
(285, '098', 'jkhkljhjklhjkl', '897987', '89070987', 'kljlk', 'lkjlkj', '	987987', 'a@a.com', 'kjlkj', '987897', 1, 'C', '3', '2', 'B', '100'),
(286, 'Al Iskandarîyah', 'kljlk;j', '897', '987', 'jh', 'kjh', '	098', '', '098', '07', 2, 'C', '2', '2', 'B', '-50'),
(287, '2', 'KLJ', '987', '897', 'kuj', 'iuiu', '	898', 'a@a.com', 'kj', '897', 1, 'B', '3', '2', 'B', '-750'),
(288, '2', 'KLJ', '987', '897', 'kuj', 'iuiu', '	898', 'a@a.com', 'kj', '897', 1, 'C', '3', '2', 'B', '-100'),
(289, '2', 'KLJ', '987', '897', 'kuj', 'iuiu', '	898', 'a@a.com', 'kj', '897', 1, 'C', '3', '2', 'B', '-500');

-- --------------------------------------------------------

--
-- Table structure for table `tickets`
--

CREATE TABLE IF NOT EXISTS `tickets` (
  `tiid` int(11) NOT NULL AUTO_INCREMENT,
  `tiamount` int(10) NOT NULL,
  `tidonor` varchar(15) COLLATE utf8_unicode_ci NOT NULL,
  `tidonortype` int(4) NOT NULL,
  `tirecipient` varchar(15) COLLATE utf8_unicode_ci NOT NULL,
  `tirecipienttype` int(4) NOT NULL,
  `tirealdate` date NOT NULL,
  `tisysdate` datetime NOT NULL,
  `tireason` varchar(20) COLLATE utf8_unicode_ci NOT NULL,
  `tinumber` varchar(8) COLLATE utf8_unicode_ci NOT NULL,
  `tidescription` varchar(40) COLLATE utf8_unicode_ci NOT NULL,
  `titype` varchar(25) COLLATE utf8_unicode_ci NOT NULL,
  PRIMARY KEY (`tiid`)
) ENGINE=InnoDB  DEFAULT CHARSET=utf8 COLLATE=utf8_unicode_ci AUTO_INCREMENT=926 ;

--
-- Dumping data for table `tickets`
--

INSERT INTO `tickets` (`tiid`, `tiamount`, `tidonor`, `tidonortype`, `tirecipient`, `tirecipienttype`, `tirealdate`, `tisysdate`, `tireason`, `tinumber`, `tidescription`, `titype`) VALUES
(1, 250, '27', 2, '3', 1, '2017-09-09', '2017-09-17 08:19:19', 'p1', '1501', '', '1'),
(2, 750, '26', 2, '3', 1, '2017-09-10', '2017-09-17 08:21:07', 'p1', '1502', '', '1'),
(3, 250, '25', 2, '3', 1, '2017-09-10', '2017-09-17 08:22:28', 'p1', '1503', '', '1'),
(4, 400, '10', 2, '1', 1, '2017-09-10', '2017-09-17 08:24:00', 'p1', '1504', '', '1'),
(5, 100, '24', 2, '3', 1, '2017-09-10', '2017-09-17 08:41:07', 'p1', '1505', '', '1'),
(6, 250, '14', 2, '3', 1, '2017-09-11', '2017-09-17 08:43:20', 'p1', '1506', '', '1'),
(7, 250, '37', 2, '3', 1, '2017-09-11', '2017-09-17 08:45:36', 'p1', '1507', '', '1'),
(8, 250, '13', 2, '2', 1, '2017-09-11', '2017-09-17 08:54:40', 'p1', '1508', '', '1'),
(9, 250, '12', 2, '3', 1, '2017-09-11', '2017-09-17 08:56:06', 'p1', '1509', '', '1'),
(10, 300, '11', 2, '3', 1, '2017-09-12', '2017-09-17 08:57:56', 'p1', '1510', '', '1'),
(11, 300, '9', 2, '3', 1, '2017-09-12', '2017-09-17 08:58:47', 'p1', '1511', '', '1'),
(12, 350, '36', 2, '3', 1, '2017-09-12', '2017-09-17 08:59:47', 'p1', '1512', '', '1'),
(13, 250, '15', 2, '3', 1, '2017-09-12', '2017-09-17 09:00:55', 'p1', '1513', '', '1'),
(14, 200, '23', 2, '3', 1, '2017-09-12', '2017-09-17 09:04:45', 'p1', '1514', '', '1'),
(15, 250, '22', 2, '2', 1, '2017-09-12', '2017-09-17 09:05:31', 'p1', '1515', '', '1'),
(16, 200, '35', 2, '3', 1, '2017-09-13', '2017-09-17 09:06:10', 'p1', '1516', '', '1'),
(17, 250, '8', 2, '3', 1, '2017-09-13', '2017-09-17 09:07:39', 'p1', '1517', '', '1'),
(18, 250, '7', 2, '3', 1, '2017-09-13', '2017-09-17 09:08:29', 'p1', '1518', '', '1'),
(19, 200, '4', 2, '3', 1, '2017-09-14', '2017-09-17 09:10:56', 'p1', '1519', '', '1'),
(20, 250, '5', 2, '3', 1, '2017-09-14', '2017-09-17 09:11:45', 'p1', '1520', '', '1'),
(21, 200, '6', 2, '3', 1, '2017-09-14', '2017-09-17 09:12:33', 'p1', '1521', '', '1'),
(22, 350, '21', 2, '3', 1, '2017-09-14', '2017-09-17 09:15:59', 'p1', '1522', '', '1'),
(23, 200, '34', 2, '3', 1, '2017-09-14', '2017-09-17 09:16:49', 'p1', '1523', '', '1'),
(24, 200, '3', 2, '3', 1, '2017-09-14', '2017-09-17 09:17:34', 'p1', '1524', '', '1'),
(25, 200, '2', 2, '3', 1, '2017-09-14', '2017-09-17 09:18:12', 'p1', '1525', '', '1'),
(26, 250, '33', 2, '3', 1, '2017-09-14', '2017-09-17 09:18:55', 'p1', '1526', '', '1'),
(27, 250, '20', 2, '3', 1, '2017-09-14', '2017-09-17 09:19:52', 'p1', '1527', '', '1'),
(28, 300, '16', 2, '3', 1, '2017-09-14', '2017-09-17 09:20:47', 'p1', '1528', '', '1'),
(29, 300, '1', 2, '3', 1, '2017-09-14', '2017-09-17 09:21:40', 'p1', '1530', '', '1'),
(30, 250, '31', 2, '3', 1, '2017-09-16', '2017-09-17 09:22:35', 'p1', '1531', '', '1'),
(31, 250, '17', 2, '3', 1, '2017-09-16', '2017-09-17 09:23:30', 'p1', '1532', '', '1'),
(32, 250, '19', 2, '3', 1, '2017-09-16', '2017-09-17 09:24:13', 'p1', '1533', '', '1'),
(33, 200, '18', 2, '3', 1, '2017-09-16', '2017-09-17 09:25:03', 'p1', '1534', '', '1'),
(34, 250, '29', 2, '3', 1, '2017-09-16', '2017-09-17 09:25:56', 'p1', '1535', '', '1'),
(35, 250, '30', 2, '3', 1, '2017-09-16', '2017-09-17 09:26:47', 'p1', '1536', '', '1'),
(36, 175, '28', 2, '3', 1, '2017-09-17', '2017-09-17 09:27:26', 'p1', '1537', '', '1'),
(37, 200, '38', 2, '3', 1, '2017-09-17', '2017-09-17 09:30:18', 'p1', '1538', '', '1'),
(38, -170, '3', 1, '2', 1, '2017-09-10', '2017-09-17 09:32:24', 'm7', '501', '', '2'),
(39, -10, '3', 1, '2', 1, '2017-09-10', '2017-09-17 09:33:10', 'm4', '502', '', '2'),
(40, -10, '3', 1, '3', 1, '2017-09-12', '2017-09-17 09:33:48', 'm4', '503', '', '2'),
(41, -111, '3', 1, '3', 1, '2017-09-13', '2017-09-17 09:35:07', 'm2', '504', '', '2'),
(42, -260, '3', 1, '6', 1, '2017-09-13', '2017-09-17 09:36:12', 'm9', '505', 'اكل السمك الهرم الرابع', '2'),
(43, -10, '3', 1, '3', 1, '2017-09-14', '2017-09-17 09:37:14', 'm4', '506', '', '2'),
(44, -140, '3', 1, '3', 1, '2017-09-17', '2017-09-17 09:40:48', 'm9', '507', 'مصاريف نةت السمر كورس ', '2'),
(45, 250, '32', 2, '3', 1, '2017-09-14', '2017-09-17 10:07:12', 'p1', '1529', '', '1'),
(46, 250, '40', 2, '6', 1, '2017-09-19', '2017-09-19 07:41:09', 'p1', '1539', '', '1'),
(47, 750, '39', 2, '3', 1, '2017-09-19', '2017-09-19 07:43:49', 'p1', '1540', '', '1'),
(48, -10, '3', 1, '3', 1, '2017-09-18', '2017-09-19 07:46:47', 'm4', '508', 'تصوير استمارات حجز ', '2'),
(49, -10, '3', 1, '3', 1, '2017-09-19', '2017-09-19 07:47:40', 'm6', '509', 'المنشية', '2'),
(50, -327, '3', 1, '3', 1, '2017-09-19', '2017-09-19 07:52:23', 'm10', '510', 'نوتات و حافظات ورق و فايلات بلاستك ', '2'),
(51, 400, '41', 2, '3', 1, '2017-09-21', '2017-09-21 08:38:39', 'p1', '1541', '', '1'),
(52, 250, '43', 2, '3', 1, '2017-09-21', '2017-09-21 08:39:23', 'p1', '1542', '', '1'),
(53, 400, '42', 2, '3', 1, '2017-09-21', '2017-09-21 08:39:55', 'p1', '1543', '', '1'),
(54, 750, '44', 2, '3', 1, '2017-09-21', '2017-09-21 08:40:33', 'p1', '1544', '', '1'),
(55, 750, '46', 2, '3', 1, '2017-09-21', '2017-09-21 08:41:17', 'p1', '1545', '', '1'),
(56, 175, '45', 2, '3', 1, '2017-09-21', '2017-09-21 08:41:50', 'p1', '1546', '', '1'),
(57, 750, '48', 2, '3', 1, '2017-09-21', '2017-09-21 08:58:06', 'p1', '1547', '', '1'),
(58, 750, '47', 2, '3', 1, '2017-09-21', '2017-09-21 08:59:55', 'p1', '1548', '', '1'),
(59, 300, '49', 2, '3', 1, '2017-09-21', '2017-09-21 09:02:21', 'p1', '1549', '', '1'),
(60, -500, '6', 1, '4', 1, '2017-09-19', '2017-09-21 09:05:30', 'm8', '511', 'بداية الترم', '2'),
(61, -100, '6', 1, '2', 1, '2017-09-19', '2017-09-21 09:06:17', 'm8', '512', 'بداية الترم', '2'),
(63, -500, '3', 1, '3', 1, '2017-09-21', '2017-09-21 09:28:58', 'm8', '513', 'بداية الترم', '2'),
(64, -25, '6', 1, '2', 1, '2017-09-26', '2017-09-27 06:07:49', 'm4', '514', 'ابليكيشن', '2'),
(65, -500, '6', 1, '6', 1, '2017-09-26', '2017-09-27 06:09:59', 'm8', '515', 'بداية الترم', '2'),
(66, -400, '6', 1, '2', 1, '2017-09-26', '2017-09-27 06:10:49', 'm8', '517', 'بداية الترم', '2'),
(67, -1250, '6', 1, '6', 1, '2017-09-26', '2017-09-27 06:11:39', 'm3', '518', 'نصف راتب شهر 9', '2'),
(68, -500, '6', 1, '4', 1, '2017-09-27', '2017-09-27 06:12:14', 'm1', '519', 'من شهر 10-11-12-1', '2'),
(69, 250, '55', 2, '3', 1, '2017-09-24', '2017-09-27 06:15:06', 'p1', '1550', '', '1'),
(70, 300, '54', 2, '6', 1, '2017-09-26', '2017-09-27 06:15:40', 'p1', '1551', '', '1'),
(71, 100, '53', 2, '6', 1, '2017-09-26', '2017-09-27 06:16:25', 'p1', '1552', '', '1'),
(72, 300, '51', 2, '6', 1, '2017-09-26', '2017-09-27 06:17:10', 'p1', '1553', '', '1'),
(73, 250, '52', 2, '6', 1, '2017-09-26', '2017-09-27 06:18:06', 'p1', '1554', '', '1'),
(74, 300, '50', 2, '6', 1, '2017-09-26', '2017-09-27 06:18:37', 'p1', '1555', '', '1'),
(76, -500, '6', 1, '1', 1, '2017-09-27', '2017-09-27 07:20:55', 'm8', '520', 'بداية الترم', '2'),
(77, 300, '60', 2, '3', 1, '2017-09-27', '2017-09-28 07:00:20', 'p1', '1557', '', '1'),
(78, 400, '59', 2, '3', 1, '2017-09-27', '2017-09-28 07:01:38', 'p1', '1558', '', '1'),
(79, 250, '58', 2, '6', 1, '2017-09-28', '2017-09-28 07:02:47', 'p1', '1559', '', '1'),
(80, 100, '57', 2, '6', 1, '2017-09-28', '2017-09-28 07:03:42', 'p1', '1560', '', '1'),
(81, 250, '56', 2, '6', 1, '2017-09-28', '2017-09-28 07:04:32', 'p1', '1561', '', '1'),
(82, 400, '61', 2, '6', 1, '2017-09-28', '2017-09-28 07:05:35', 'p1', '1562', '', '1'),
(83, 300, '62', 2, '6', 1, '2017-09-28', '2017-09-28 07:06:38', 'p1', '1563', '', '1'),
(85, -20, '6', 1, '2', 1, '2017-09-28', '2017-09-28 07:57:26', 'm10', '521', 'هاى لايتر و اظرف', '2'),
(86, 150, '63', 2, '6', 1, '2017-09-28', '2017-09-28 07:59:32', 'p1', '1564', '', '1'),
(87, -25, '6', 1, '6', 1, '2017-09-28', '2017-09-28 09:16:05', 'm9', '522', 'ضيافة مهندس ', '2'),
(88, 250, '64', 2, '3', 1, '2017-09-30', '2017-09-30 08:27:06', 'p1', '1565', '', '1'),
(89, 150, '53', 2, '3', 1, '2017-09-30', '2017-09-30 08:28:07', 'p1', '1566', '', '1'),
(90, 200, '65', 2, '6', 1, '2017-09-30', '2017-09-30 08:29:01', 'p1', '1567', '', '1'),
(91, 250, '66', 2, '6', 1, '2017-09-30', '2017-09-30 08:30:53', 'p1', '1568', '', '1'),
(92, 250, '67', 2, '6', 1, '2017-09-30', '2017-09-30 08:32:35', 'p1', '1569', '', '1'),
(93, 300, '68', 2, '6', 1, '2017-09-30', '2017-09-30 08:34:28', 'p1', '1570', '', '1'),
(94, 400, '69', 2, '6', 1, '2017-09-30', '2017-09-30 08:36:14', 'p1', '1571', '', '1'),
(95, 350, '70', 2, '6', 1, '2017-09-30', '2017-09-30 08:36:54', 'p1', '1572', '', '1'),
(96, 250, '71', 2, '3', 1, '2017-09-30', '2017-09-30 08:37:43', 'p1', '1573', '', '1'),
(97, 200, '72', 2, '6', 1, '2017-09-30', '2017-09-30 08:38:27', 'p1', '1574', '', '1'),
(98, -30, '6', 1, '6', 1, '2017-09-30', '2017-09-30 08:39:52', 'm9', '523', 'معطر', '2'),
(99, -5, '3', 1, '3', 1, '2017-09-30', '2017-09-30 08:41:17', 'm4', '524', 'طباعة بحرية ', '2'),
(100, -4, '3', 1, '3', 1, '2017-09-30', '2017-09-30 08:42:23', 'm5', '525', 'غياب 4', '2'),
(101, -10, '6', 1, '4', 1, '2017-09-30', '2017-09-30 08:45:43', 'm5', '526', 'حضارة 4 ', '2'),
(102, -200, '6', 1, '6', 1, '2017-09-30', '2017-10-02 11:26:24', 'm9', '527', 'معاينة السنتر', '2'),
(103, -15, '3', 1, '1', 1, '2017-10-01', '2017-10-02 11:29:14', 'm5', '528', 'تاريخ 2 و خريطة', '2'),
(104, -19, '6', 1, '4', 1, '2017-10-01', '2017-10-02 11:31:28', 'm5', '529', 'نحت و فخار', '2'),
(105, -19, '6', 1, '4', 1, '2017-10-01', '2017-10-02 11:32:30', 'm10', '530', 'ورق فلسكاب', '2'),
(106, -7, '6', 1, '2', 1, '2017-10-01', '2017-10-02 11:33:41', 'm5', '531', 'عمارة 3 ', '2'),
(107, 175, '83', 2, '3', 1, '2017-10-01', '2017-10-02 11:59:34', 'p1', '1575', '', '1'),
(108, 200, '73', 2, '6', 1, '2017-09-30', '2017-10-02 12:00:45', 'p1', '1576', '', '1'),
(109, 500, '20', 2, '3', 1, '2017-10-01', '2017-10-02 12:02:00', 'p1', '1577', '', '1'),
(110, 400, '74', 2, '3', 1, '2017-10-01', '2017-10-02 12:03:09', 'p1', '1578', '', '1'),
(111, 400, '75', 2, '3', 1, '2017-10-01', '2017-10-02 12:04:21', 'p1', '1579', '', '1'),
(112, 200, '77', 2, '3', 1, '2017-10-01', '2017-10-02 12:06:21', 'p1', '1580', '', '1'),
(113, 150, '57', 2, '3', 1, '2017-10-01', '2017-10-02 12:07:41', 'p1', '1581', '', '1'),
(114, 250, '82', 2, '3', 1, '0000-00-00', '2017-10-02 12:08:36', 'p1', '1582', '', '1'),
(115, 250, '84', 2, '3', 1, '2017-10-01', '2017-10-02 12:12:20', 'p1', '1583', '', '1'),
(116, 250, '78', 2, '3', 1, '2017-10-01', '2017-10-02 12:13:17', 'p1', '1584', '', '1'),
(117, 250, '87', 2, '3', 1, '2017-10-01', '2017-10-02 12:14:09', 'p1', '1585', '', '1'),
(118, 200, '86', 2, '3', 1, '2017-10-01', '2017-10-02 12:20:59', 'p1', '1586', '', '1'),
(119, 300, '85', 2, '3', 1, '2017-10-01', '2017-10-02 12:21:53', 'p1', '1587', '', '1'),
(120, 100, '81', 2, '6', 1, '2017-10-01', '2017-10-02 12:22:55', 'p1', '1588', '', '1'),
(121, 175, '79', 2, '3', 1, '2017-10-01', '2017-10-02 12:24:30', 'p1', '1589', '', '1'),
(122, 250, '80', 2, '6', 1, '2017-10-01', '2017-10-02 12:25:18', 'p1', '1590', '', '1'),
(123, 200, '94', 2, '3', 1, '0000-00-00', '2017-10-02 12:50:47', 'p1', '1591', '', '1'),
(124, 200, '90', 2, '3', 1, '0000-00-00', '2017-10-02 12:52:26', 'p1', '1592', '', '1'),
(126, 300, '92', 2, '3', 1, '2017-10-02', '2017-10-02 12:59:25', 'p1', '1593', '', '1'),
(127, 100, '91', 2, '3', 1, '2017-10-02', '2017-10-02 13:00:43', 'p1', '1594', '', '1'),
(128, 250, '93', 2, '3', 1, '2017-10-02', '2017-10-02 13:01:54', 'p1', '1595', '', '1'),
(129, 750, '89', 2, '6', 1, '2017-10-02', '2017-10-02 13:03:51', 'p1', '1596', '', '1'),
(130, 200, '88', 2, '3', 1, '2017-10-02', '2017-10-02 13:04:43', 'p1', '1597', '', '1'),
(131, 250, '99', 2, '3', 1, '2017-10-02', '2017-10-03 15:58:50', 'p1', '1598', '', '1'),
(132, 250, '98', 2, '3', 1, '2017-10-02', '2017-10-03 15:59:43', 'p1', '1599', '', '1'),
(133, 250, '95', 2, '3', 1, '2017-10-02', '2017-10-03 16:00:38', 'p1', '1600', '', '1'),
(134, 500, '13', 2, '3', 1, '2017-10-03', '2017-10-03 16:02:09', 'p1', '1601', '', '1'),
(135, 200, '96', 2, '3', 1, '2017-10-03', '2017-10-03 16:02:49', 'p1', '1602', '', '1'),
(136, -10, '6', 1, '2', 1, '2017-10-02', '2017-10-03 16:04:25', 'm5', '532', 'اثار اسكندرية', '2'),
(137, -6, '6', 1, '3', 1, '2017-10-02', '2017-10-03 16:05:31', 'm5', '533', 'تاريخ 4', '2'),
(138, 250, '97', 2, '3', 1, '2017-10-03', '2017-10-03 16:12:10', 'p1', '1603', '', '1'),
(140, 100, '105', 2, '3', 1, '2017-10-04', '2017-10-04 14:13:31', 'p1', '1605', '', '1'),
(141, 250, '101', 2, '3', 1, '2017-10-04', '2017-10-04 14:15:13', 'p1', '1606', '', '1'),
(142, 750, '102', 2, '3', 1, '2017-10-04', '2017-10-04 14:16:40', 'p1', '1607', '', '1'),
(143, 200, '103', 2, '6', 1, '2017-10-04', '2017-10-04 14:17:58', 'p1', '1608', '', '1'),
(144, 250, '104', 2, '6', 1, '2017-10-04', '2017-10-04 14:19:10', 'p1', '1609', '', '1'),
(145, 200, '106', 2, '6', 1, '2017-10-04', '2017-10-04 15:52:51', 'p1', '1610', '', '1'),
(146, 200, '84', 2, '3', 1, '2017-10-04', '2017-10-04 15:54:14', 'p1', '1611', '', '1'),
(147, 200, '81', 2, '3', 1, '2017-10-04', '2017-10-04 15:55:28', 'p1', '1612', '', '1'),
(148, 200, '110', 2, '3', 1, '2017-10-05', '2017-10-05 16:02:59', 'p1', '1613', '', '1'),
(149, 200, '108', 2, '3', 1, '2017-10-05', '2017-10-05 16:03:47', 'p1', '1614', '', '1'),
(150, 250, '109', 2, '3', 1, '2017-10-05', '2017-10-05 16:04:42', 'p1', '1615', '', '1'),
(151, 200, '107', 2, '3', 1, '2017-10-05', '2017-10-05 16:07:10', 'p1', '1616', '', '1'),
(152, -80, '6', 1, '6', 1, '2017-10-04', '2017-10-05 16:09:43', 'm9', '534', 'ضيافة ياسر و طارق', '2'),
(153, -833, '6', 1, '3', 1, '2017-10-05', '2017-10-05 16:15:30', 'm8', '535', 'تلت شهر ', '2'),
(154, -833, '6', 1, '6', 1, '2017-10-05', '2017-10-05 16:16:39', 'm8', '536', 'تلت شهر', '2'),
(155, 100, '63', 2, '6', 1, '2017-10-05', '2017-10-05 16:17:50', 'p1', '1617', '', '1'),
(156, -500, '6', 1, '5', 1, '2017-10-05', '2017-10-05 18:36:55', 'm8', '537', 'بداية الترم', '2'),
(157, -1000, '6', 1, '4', 1, '2017-10-05', '2017-10-05 18:37:51', 'm8', '538', 'تلت شهر', '2'),
(158, -1000, '6', 1, '2', 1, '2017-10-05', '2017-10-05 18:39:06', 'm8', '539', 'تلت شهر', '2'),
(159, -666, '6', 1, '1', 1, '2017-10-05', '2017-10-05 18:42:45', 'm8', '540', 'تلت شهر ', '2'),
(160, 250, '111', 2, '3', 1, '2017-10-05', '2017-10-05 18:43:54', 'p1', '1618', '', '1'),
(161, 600, '112', 2, '6', 1, '2017-10-05', '2017-10-05 18:45:29', 'p1', '1619', '', '1'),
(162, 50, '35', 2, '3', 1, '2017-10-05', '2017-10-05 18:46:21', 'p1', '1620', '', '1'),
(163, 250, '113', 2, '3', 1, '0000-00-00', '2017-10-05 18:47:39', 'p1', '1621', '', '1'),
(164, 200, '100', 2, '3', 1, '2017-10-03', '2017-10-05 21:17:03', 'p1', '1604', '', '1'),
(165, 200, '115', 2, '3', 1, '2017-10-07', '2017-10-08 13:31:12', 'p1', '1622', '', '1'),
(166, 250, '114', 2, '3', 1, '2017-10-07', '2017-10-08 13:35:38', 'p1', '1623', '', '1'),
(167, 250, '116', 2, '3', 1, '2017-10-08', '2017-10-08 13:37:13', 'p1', '1624', '', '1'),
(168, 250, '117', 2, '3', 1, '2017-10-07', '2017-10-08 13:39:04', 'p1', '1625', '', '1'),
(169, -54, '6', 1, '1', 1, '2017-10-05', '2017-10-08 13:45:07', 'm7', '541', 'بوست سبونسر', '2'),
(170, -30, '3', 1, '3', 1, '2017-10-07', '2017-10-08 13:47:09', 'm10', '542', 'كوابيل رفوف', '2'),
(171, -12, '3', 1, '3', 1, '2017-10-07', '2017-10-08 13:48:33', 'm5', '543', 'غياب و تاريخ 3', '2'),
(172, 200, '118', 2, '6', 1, '2017-10-08', '2017-10-08 13:58:25', 'p1', '1626', '', '1'),
(173, 200, '119', 2, '3', 1, '2017-10-08', '2017-10-08 13:59:21', 'p1', '1627', '', '1'),
(174, 250, '120', 2, '6', 1, '2017-10-08', '2017-10-08 15:21:14', 'p1', '1628', '', '1'),
(175, 200, '76', 2, '3', 1, '2017-10-08', '2017-10-08 15:22:13', 'p1', '1629', '', '1'),
(176, 250, '121', 2, '3', 1, '2017-10-08', '2017-10-08 15:24:00', 'p1', '1630', '', '1'),
(177, 200, '27', 2, '3', 1, '2017-10-08', '2017-10-08 16:35:01', 'p1', '1631', '', '1'),
(178, -32, '6', 1, '2', 1, '2017-10-08', '2017-10-08 16:37:00', 'm5', '544', 'اسكندرية - عصرين-عمارة 3 و 4', '2'),
(179, -5, '6', 1, '2', 1, '2017-10-08', '2017-10-08 16:38:27', 'm5', '545', 'عمارة رومانى', '2'),
(180, 200, '123', 2, '3', 1, '2017-10-08', '2017-10-08 18:04:30', 'p1', '1632', '', '1'),
(181, 250, '124', 2, '3', 1, '2017-10-08', '2017-10-08 18:05:36', 'p1', '1633', '', '1'),
(182, 300, '122', 2, '3', 1, '2017-10-08', '2017-10-08 18:06:35', 'p1', '1634', '', '1'),
(183, 200, '43', 2, '3', 1, '2017-10-09', '2017-10-09 14:22:39', 'p1', '1635', '', '1'),
(184, -900, '6', 1, '3', 1, '2017-10-10', '2017-10-10 15:08:31', 'm1', '546', 'من راتب 10 ', '2'),
(185, 100, '126', 2, '3', 1, '2017-10-11', '2017-10-11 14:19:30', 'p1', '1636', '', '1'),
(186, 350, '125', 2, '3', 1, '2017-10-11', '2017-10-11 14:20:27', 'p1', '1637', '', '1'),
(187, -312, '3', 1, '3', 1, '2017-10-11', '2017-10-11 17:01:38', 'm7', '547', '250 قلم دعايا بدون طباعة ', '2'),
(188, -10, '3', 1, '3', 1, '2017-10-11', '2017-10-11 17:03:10', 'm6', '548', 'منشية للمطابع', '2'),
(189, -5, '3', 1, '3', 1, '2017-10-11', '2017-10-11 17:04:43', 'm7', '549', 'غينة طباعة القلم', '2'),
(190, -124, '3', 1, '3', 1, '2017-10-12', '2017-10-12 15:58:02', 'm2', '550', 'شحن', '2'),
(191, -10, '3', 1, '3', 1, '2017-10-12', '2017-10-12 15:59:00', 'm5', '551', 'نحت و فهار', '2'),
(192, 175, '28', 2, '3', 1, '2017-10-12', '2017-10-12 16:01:12', 'p1', '1638', '', '1'),
(193, 250, '127', 2, '6', 1, '2017-10-12', '2017-10-12 16:21:39', 'p1', '1639', '', '1'),
(194, 200, '107', 2, '3', 1, '2017-10-12', '2017-10-12 17:49:47', 'p1', '1640', '', '1'),
(195, -1250, '6', 1, '1', 1, '2017-10-12', '2017-10-14 16:33:31', 'm1', '552', 'من راتب 10 - 11 - 12 - 1', '2'),
(196, -13, '3', 1, '2', 1, '2017-10-12', '2017-10-14 16:34:57', 'm5', '553', 'اسكندرية و  عمارة', '2'),
(197, 250, '128', 2, '6', 1, '2017-10-14', '2017-10-14 16:38:32', 'p1', '1641', '', '1'),
(198, 350, '129', 2, '6', 1, '2017-10-14', '2017-10-14 16:40:00', 'p1', '1642', '', '1'),
(199, 250, '131', 2, '6', 1, '2017-10-14', '2017-10-14 16:41:00', 'p1', '1643', '', '1'),
(200, 250, '130', 2, '6', 1, '2017-10-14', '2017-10-14 16:41:57', 'p1', '1644', '', '1'),
(201, 250, '132', 2, '6', 1, '2017-10-14', '2017-10-14 17:40:36', 'p1', '1645', '', '1'),
(202, 200, '133', 2, '6', 1, '2017-10-14', '2017-10-14 18:22:14', 'p1', '1646', '', '1'),
(203, 300, '27', 2, '3', 1, '2017-10-15', '2017-10-15 16:54:25', 'p1', '1647', '', '1'),
(204, 550, '119', 2, '3', 1, '2017-10-15', '2017-10-15 16:56:21', 'p1', '1648', '', '1'),
(205, 250, '138', 2, '3', 1, '2017-10-15', '2017-10-15 16:57:29', 'p1', '1649', '', '1'),
(206, 175, '139', 2, '3', 1, '2017-10-15', '2017-10-15 16:58:55', 'p1', '1650', '', '1'),
(207, 150, '137', 2, '3', 1, '2017-10-15', '2017-10-15 17:00:01', 'p1', '1651', '', '1'),
(208, 250, '136', 2, '3', 1, '2017-10-15', '2017-10-15 17:03:13', 'p1', '1652', '', '1'),
(209, 150, '134', 2, '6', 1, '2017-10-15', '2017-10-15 17:09:11', 'p1', '1653', '', '1'),
(210, 200, '135', 2, '6', 1, '2017-10-15', '2017-10-15 17:10:06', 'p1', '1654', '', '1'),
(211, 200, '140', 2, '3', 1, '0000-00-00', '2017-10-15 18:15:25', 'p1', '1655', '', '1'),
(212, -1000, '6', 1, '2', 1, '2017-10-15', '2017-10-15 18:17:03', 'm1', '554', '10_11_12_1', '2'),
(213, -10, '3', 1, '3', 1, '2017-10-15', '2017-10-15 18:17:54', 'm6', '555', 'المنشية', '2'),
(214, -1000, '6', 1, '4', 1, '2017-10-15', '2017-10-15 18:19:04', 'm1', '556', '10_11_12_1', '2'),
(215, -1500, '6', 1, '6', 1, '2017-10-15', '2017-10-15 18:19:54', 'm1', '557', '10_11_12_1', '2'),
(216, -250, '6', 1, '1', 1, '2017-10-15', '2017-10-15 18:21:47', 'm1', '558', '10_11_12_1', '2'),
(217, 200, '141', 2, '3', 1, '2017-10-16', '2017-10-21 16:19:03', 'p1', '1656', '', '1'),
(218, 200, '37', 2, '3', 1, '2017-10-16', '2017-10-21 16:19:59', 'p1', '1657', '', '1'),
(219, 100, '105', 2, '3', 1, '2017-10-16', '2017-10-21 16:20:39', 'p1', '1658', '', '1'),
(220, 300, '147', 2, '3', 1, '2017-10-17', '2017-10-21 16:21:15', 'p1', '1659', '', '1'),
(221, 300, '110', 2, '3', 1, '2017-10-19', '2017-10-21 16:21:48', 'p1', '1660', '', '1'),
(222, 350, '146', 2, '3', 1, '2017-10-19', '2017-10-21 16:22:16', 'p1', '1661', '', '1'),
(223, 250, '145', 2, '3', 1, '2017-10-19', '2017-10-21 16:23:39', 'p1', '1662', '', '1'),
(224, 100, '144', 2, '3', 1, '2017-10-19', '2017-10-21 16:24:32', 'p1', '1663', '', '1'),
(225, -500, '6', 1, '1', 1, '2017-10-19', '2017-10-21 16:26:55', 'm8', '559', 'شرم و دهب', '2'),
(226, -500, '6', 1, '2', 1, '2017-10-19', '2017-10-21 16:27:39', 'm8', '560', 'شرم و دهب', '2'),
(227, -500, '6', 1, '4', 1, '2017-10-19', '2017-10-21 16:28:33', 'm8', '561', 'شرم و دهب', '2'),
(228, -500, '6', 1, '6', 1, '2017-10-19', '2017-10-21 16:29:51', 'm8', '562', 'شرم و دهب', '2'),
(229, -800, '6', 1, '3', 1, '2017-10-19', '2017-10-21 16:30:39', 'm8', '563', 'مش شرم و دهب ', '2'),
(230, -200, '6', 1, '3', 1, '2017-10-19', '2017-10-21 16:31:36', 'm7', '564', 'نجار بنر', '2'),
(231, -50, '6', 1, '1', 1, '2017-10-19', '2017-10-21 16:32:35', 'm7', '565', 'بوست سبونسر', '2'),
(232, 200, '143', 2, '3', 1, '2017-10-21', '2017-10-22 18:11:01', 'p1', '1664', '', '1'),
(233, 200, '142', 2, '3', 1, '2017-10-21', '2017-10-22 18:12:35', 'p1', '1665', '', '1'),
(234, 550, '23', 2, '3', 1, '2017-10-22', '2017-10-22 18:13:57', 'p1', '1666', '', '1'),
(235, 500, '25', 2, '3', 1, '2017-10-22', '2017-10-22 18:15:06', 'p1', '1667', '', '1'),
(236, 250, '148', 2, '3', 1, '2017-10-22', '2017-10-22 18:16:35', 'p1', '1668', '', '1'),
(237, -400, '6', 1, '1', 1, '2017-10-22', '2017-10-22 18:18:31', 'm1', '566', 'من راتب 10-11-12-1', '2'),
(238, -2720, '3', 1, '3', 1, '2017-10-22', '2017-10-22 18:19:52', 'm7', '567', 'طباعة بنر و فولدرات و اقلام', '2'),
(239, -100, '3', 1, '3', 1, '2017-10-22', '2017-10-22 18:21:52', 'm7', '568', 'باقى حساب النجار تعليق البنر', '2'),
(240, -30, '3', 1, '3', 1, '2017-10-22', '2017-10-22 18:23:26', 'm6', '569', 'المنشية استلام فولدر', '2'),
(241, -1000, '6', 1, '6', 1, '2017-10-23', '2017-10-23 12:52:46', 'm7', '570', 'جزء من تكلفة الديواين', '2'),
(242, 350, '42', 2, '3', 1, '2017-10-23', '2017-10-23 15:24:57', 'p1', '1669', '', '1'),
(243, 350, '41', 2, '3', 1, '2017-10-23', '2017-10-23 15:26:48', 'p1', '1670', '', '1'),
(244, 250, '149', 2, '3', 1, '2017-10-23', '2017-10-23 15:30:55', 'p1', '1671', '', '1'),
(245, -250, '3', 1, '3', 1, '2017-10-23', '2017-10-23 16:08:23', 'm9', '571', 'استرداد مصاريف كورس  ندى مصطفى احمد الفر', '2'),
(246, 250, '150', 2, '3', 1, '2017-10-24', '2017-10-24 16:46:43', 'p1', '1672', '', '1'),
(247, 200, '53', 2, '6', 1, '2017-10-24', '2017-10-24 16:47:55', 'p1', '1673', '', '1'),
(248, -110, '3', 1, '3', 1, '2017-10-24', '2017-10-24 18:09:31', 'm4', '572', 'تصوير و طباعة اثار اسكندرية و امتحان ', '2'),
(249, 260, '151', 2, '3', 1, '2017-10-25', '2017-10-25 16:55:42', 'p1', '1674', '', '1'),
(250, 250, '153', 2, '3', 1, '2017-10-26', '2017-10-26 16:52:26', 'p1', '1675', '', '1'),
(251, 175, '152', 2, '3', 1, '2017-10-26', '2017-10-26 16:59:05', 'p1', '1676', '', '1'),
(252, -100, '6', 1, '1', 1, '2017-10-26', '2017-10-26 17:00:27', 'm7', '573', 'بوست سبونسر', '2'),
(253, -500, '6', 1, '4', 1, '2017-10-26', '2017-10-26 17:01:35', 'm1', '574', 'من 10 - 11 - 12 - 1', '2'),
(254, 350, '59', 2, '3', 1, '2017-10-26', '2017-10-28 12:01:16', 'p1', '1677', '', '1'),
(255, 250, '155', 2, '3', 1, '2017-10-28', '2017-10-28 12:02:36', 'p1', '1678', '', '1'),
(256, 250, '154', 2, '3', 1, '2017-10-28', '2017-10-28 12:03:29', 'p1', '1679', '', '1'),
(257, -100, '6', 1, '1', 1, '2017-10-26', '2017-10-28 12:05:17', 'm1', '575', 'من 10 - 11- 12- 1', '2'),
(258, -10, '3', 1, '3', 1, '2017-10-26', '2017-10-28 12:07:37', 'm9', '576', 'ضيافة نادين محمد الفرقة التانية مرض', '2'),
(259, 250, '156', 2, '3', 1, '2017-10-28', '2017-10-28 12:17:14', 'p1', '1680', '', '1'),
(260, 300, '159', 2, '3', 1, '2017-10-28', '2017-10-28 15:23:41', 'p1', '1681', '', '1'),
(261, 150, '157', 2, '6', 1, '2017-10-28', '2017-10-28 15:24:57', 'p1', '1682', '', '1'),
(262, 250, '158', 2, '3', 1, '2017-10-28', '2017-10-28 15:28:03', 'p1', '1683', '', '1'),
(263, 450, '1', 2, '6', 1, '2017-10-28', '2017-10-28 15:29:53', 'p1', '1684', '', '1'),
(264, 250, '160', 2, '3', 1, '2017-10-28', '2017-10-28 15:36:24', 'p1', '1685', '', '1'),
(265, 150, '161', 2, '3', 1, '2017-10-28', '2017-10-29 16:29:42', 'p1', '1686', '', '1'),
(266, 250, '110', 2, '3', 1, '2017-10-29', '2017-10-29 16:31:33', 'p1', '1687', '', '1'),
(267, 250, '40', 2, '6', 1, '2017-10-29', '2017-10-29 16:32:56', 'p1', '1688', '', '1'),
(268, 750, '162', 2, '6', 1, '2017-10-29', '2017-10-29 16:34:15', 'p1', '1689', '', '1'),
(269, -100, '6', 1, '4', 1, '2017-10-29', '2017-10-29 16:35:55', 'm1', '577', 'من 10 \r\n', '2'),
(270, 250, '163', 2, '6', 1, '2017-10-29', '2017-10-29 17:55:25', 'p1', '1690', '', '1'),
(271, 300, '37', 2, '3', 1, '2017-11-29', '2017-11-01 14:31:01', 'p1', '1691', '', '1'),
(272, 200, '52', 2, '3', 1, '2017-11-30', '2017-11-01 14:32:26', 'p1', '1692', '', '1'),
(273, 50, '91', 2, '3', 1, '2017-11-30', '2017-11-01 14:34:13', 'p1', '1693', '', '1'),
(274, -100, '6', 1, '2', 1, '2017-11-29', '2017-11-01 14:36:33', 'm1', '578', 'من 10', '2'),
(275, 250, '63', 2, '3', 1, '2017-12-01', '2017-11-02 17:02:56', 'p1', '1694', '', '1'),
(276, 175, '164', 2, '3', 1, '2017-12-01', '2017-11-02 17:03:54', 'p1', '1695', '', '1'),
(277, 225, '147', 2, '3', 1, '2017-12-01', '2017-11-02 17:05:00', 'p1', '1696', '', '1'),
(278, 100, '126', 2, '3', 1, '2017-12-02', '2017-11-02 17:06:23', 'p1', '1697', '', '1'),
(279, 450, '54', 2, '3', 1, '2017-12-02', '2017-11-02 17:08:25', 'p1', '1698', '', '1'),
(280, 400, '76', 2, '3', 1, '2017-12-02', '2017-11-02 17:09:16', 'p1', '1699', '', '1'),
(281, 100, '159', 2, '3', 1, '2017-11-05', '2017-11-05 16:20:58', 'p1', '1700', '', '1'),
(282, 200, '167', 2, '3', 1, '2017-11-05', '2017-11-05 16:26:19', 'p1', '1701', '', '1'),
(283, 250, '19', 2, '3', 1, '2017-11-05', '2017-11-05 16:27:53', 'p1', '1702', '', '1'),
(284, -25, '6', 1, '2', 1, '2017-11-01', '2017-11-05 16:37:49', 'm5', '579', 'اسكندرية و عصرين و عمارة', '2'),
(285, -2600, '6', 1, '4', 1, '2017-11-01', '2017-11-05 16:39:30', 'm3', '580', 'شهر 10', '2'),
(286, -2050, '6', 1, '6', 1, '2017-11-01', '2017-11-05 16:40:39', 'm3', '581', 'شهر 10', '2'),
(287, -1800, '6', 1, '3', 1, '2017-11-01', '2017-11-05 16:41:44', 'm3', '582', 'شهر 10', '2'),
(288, -1500, '6', 1, '1', 1, '2017-11-01', '2017-11-05 16:46:37', 'm3', '583', 'شهر 10', '2'),
(289, -1750, '6', 1, '5', 1, '2017-11-01', '2017-11-05 16:48:19', 'm3', '584', 'شهر 10', '2'),
(290, -2575, '6', 1, '2', 1, '2017-11-01', '2017-11-05 16:50:05', 'm3', '585', 'شهر 10', '2'),
(291, -100, '6', 1, '4', 1, '2017-11-01', '2017-11-05 16:51:23', 'm1', '586', 'من 11', '2'),
(292, -20, '6', 1, '4', 1, '2017-11-05', '2017-11-05 16:52:44', 'm10', '587', 'رومة ورق', '2'),
(293, 250, '166', 2, '6', 1, '2017-11-05', '2017-11-08 16:52:20', 'p1', '1703', '', '1'),
(294, 250, '165', 2, '6', 1, '2017-11-05', '2017-11-08 16:54:08', 'p1', '1704', '', '1'),
(295, 250, '169', 2, '3', 1, '2017-11-07', '2017-11-08 17:06:15', 'p1', '1705', '', '1'),
(296, 250, '170', 2, '3', 1, '2017-11-07', '2017-11-08 17:07:51', 'p1', '1706', '', '1'),
(297, 200, '51', 2, '3', 1, '2017-11-07', '2017-11-08 17:10:02', 'p1', '1707', '', '1'),
(298, 200, '100', 2, '3', 1, '2017-11-07', '2017-11-08 17:12:08', 'p1', '1708', '', '1'),
(299, 500, '121', 2, '3', 1, '2017-11-08', '2017-11-08 17:16:26', 'p1', '1709', '', '1'),
(300, 550, '133', 2, '6', 1, '2017-11-08', '2017-11-08 17:23:15', 'p1', '1710', '', '1'),
(301, -2400, '3', 1, '3', 1, '2017-11-05', '2017-11-08 17:51:05', 'm4', '588', 'شهر 10\r\n13353 ورقة', '2'),
(302, -75, '3', 1, '3', 1, '2017-11-05', '2017-11-08 17:52:44', 'm9', '589', 'بروديكتور 5 مرات شهر 10', '2'),
(303, -50, '3', 1, '3', 1, '2017-11-05', '2017-11-08 17:54:32', 'm5', '590', '122\r\n ورقة شهر 10', '2'),
(304, -300, '3', 1, '3', 1, '2017-11-05', '2017-11-08 17:56:04', 'm9', '591', 'ايجار شهر 10 قاعة', '2'),
(305, -10, '3', 1, '3', 1, '2017-11-05', '2017-11-08 17:57:13', 'm5', '592', 'بحرية و حفائر', '2'),
(306, -200, '6', 1, '1', 1, '2017-11-06', '2017-11-08 17:58:13', 'm1', '593', 'من شعر 11', '2'),
(307, -100, '6', 1, '1', 1, '2017-11-06', '2017-11-08 17:59:29', 'm8', '594', 'رحلة', '2'),
(308, -100, '6', 1, '6', 1, '2017-11-06', '2017-11-08 18:00:41', 'm8', '595', 'رحلة', '2'),
(309, -100, '6', 1, '2', 1, '2017-11-06', '2017-11-08 18:01:47', 'm8', '596', 'رحلة', '2'),
(310, -100, '6', 1, '3', 1, '2017-11-06', '2017-11-08 18:02:44', 'm8', '597', 'رحلة', '2'),
(311, -100, '6', 1, '4', 1, '2017-11-06', '2017-11-08 18:03:39', 'm8', '598', 'رحلة', '2'),
(312, 300, '174', 2, '3', 1, '2017-11-08', '2017-11-11 12:41:49', 'p1', '1711', '', '1'),
(313, 500, '15', 2, '3', 1, '2017-11-09', '2017-11-11 12:43:59', 'p1', '1712', '', '1'),
(315, 200, '171', 2, '3', 1, '2017-11-09', '2017-11-11 13:29:20', 'p1', '1714', '', '1'),
(316, 300, '68', 2, '3', 1, '2017-11-09', '2017-11-11 13:30:22', 'p1', '1715', '', '1'),
(317, 250, '80', 2, '3', 1, '2017-11-12', '2017-11-11 13:31:34', 'p1', '1716', '', '1'),
(318, 250, '173', 2, '3', 1, '2017-11-11', '2017-11-11 13:33:12', 'p1', '1717', '', '1'),
(319, 250, '172', 2, '3', 1, '2017-11-11', '2017-11-11 13:34:08', 'p1', '1718', '', '1'),
(320, 500, '29', 2, '3', 1, '2017-11-11', '2017-11-11 13:35:33', 'p1', '1719', '', '1'),
(321, 100, '159', 2, '3', 1, '2017-11-11', '2017-11-11 13:36:29', 'p1', '1720', '', '1'),
(322, 400, '176', 2, '3', 1, '2017-11-11', '2017-11-11 13:50:56', 'p1', '1721', '', '1'),
(323, 250, '175', 2, '3', 1, '2017-11-11', '2017-11-11 13:52:22', 'p1', '1722', '', '1'),
(324, 100, '176', 2, '3', 1, '2017-11-11', '2017-11-11 13:53:26', 'p1', '1723', '', '1'),
(325, -90, '6', 1, '6', 1, '2017-11-09', '2017-11-11 14:05:28', 'm4', '599', 'عمارة ايه ثرى', '2'),
(326, -10, '6', 1, '6', 1, '2017-11-09', '2017-11-11 14:07:10', 'm10', '600', 'مسطرة 50 سم ', '2'),
(327, -125, '3', 1, '3', 1, '2017-11-09', '2017-11-11 14:13:41', 'm2', '601', 'شحن', '2'),
(328, -100, '6', 1, '1', 1, '2017-11-09', '2017-11-11 14:14:54', 'm1', '602', 'من 11', '2'),
(329, -10, '3', 1, '3', 1, '2017-11-09', '2017-11-11 14:16:06', 'm5', '603', 'بحرية و حفائر', '2'),
(330, -200, '6', 1, '1', 1, '2017-11-09', '2017-11-11 14:17:19', 'm1', '604', 'من 11', '2'),
(331, -30, '6', 1, '2', 1, '2017-11-09', '2017-11-11 14:18:38', 'm5', '605', 'كل المواد', '2'),
(332, 225, '62', 2, '3', 1, '2017-11-09', '2017-11-11 17:06:18', 'p1', '1713', '', '1'),
(333, 500, '3', 2, '3', 1, '2017-11-11', '2017-11-11 17:08:59', 'p1', '1724', '', '1'),
(334, 500, '14', 2, '3', 1, '2017-11-11', '2017-11-11 17:10:15', 'p1', '1725', '', '1'),
(335, 500, '157', 2, '3', 1, '2017-11-11', '2017-11-11 17:11:20', 'p1', '1726', '', '1'),
(336, 300, '9', 2, '3', 1, '2017-11-11', '2017-11-11 17:12:57', 'p1', '1727', '', '1'),
(337, 500, '5', 2, '6', 1, '2017-11-11', '2017-11-11 17:21:49', 'p1', '1728', '', '1'),
(338, 350, '10', 2, '6', 1, '2017-11-11', '2017-11-11 17:23:15', 'p1', '1729', '', '1'),
(339, 200, '7', 2, '3', 1, '2017-11-11', '2017-11-12 15:49:09', 'p1', '1730', '', '1'),
(340, 100, '107', 2, '3', 1, '2017-11-12', '2017-11-12 15:50:50', 'p1', '1731', '', '1'),
(341, 250, '92', 2, '3', 1, '2017-11-12', '2017-11-12 15:51:51', 'p1', '1732', '', '1'),
(342, 300, '58', 2, '3', 1, '2017-11-12', '2017-11-12 15:52:42', 'p1', '1733', '', '1'),
(343, 400, '135', 2, '3', 1, '2017-11-12', '2017-11-12 15:53:33', 'p1', '1734', '', '1'),
(344, 500, '145', 2, '3', 1, '2017-11-12', '2017-11-12 15:54:32', 'p1', '1735', '', '1'),
(345, 100, '137', 2, '3', 1, '2017-11-12', '2017-11-12 15:55:42', 'p1', '1736', '', '1'),
(346, 525, '178', 2, '3', 1, '2017-11-12', '2017-11-12 16:02:45', 'p1', '1737', '', '1'),
(347, 100, '149', 2, '3', 1, '2017-11-12', '2017-11-12 16:03:42', 'p1', '1738', '', '1'),
(348, 500, '8', 2, '3', 1, '2017-11-13', '2017-11-13 15:31:04', 'p1', '1739', '', '1'),
(349, 300, '38', 2, '3', 1, '2017-11-13', '2017-11-13 15:32:10', 'p1', '1740', '', '1'),
(350, 300, '183', 2, '3', 1, '2017-11-13', '2017-11-13 15:33:08', 'p1', '1741', '', '1'),
(351, 400, '11', 2, '3', 1, '2017-11-13', '2017-11-13 15:36:11', 'p1', '1742', '', '1'),
(352, 100, '181', 2, '3', 1, '2017-11-13', '2017-11-13 15:37:00', 'p1', '1743', '', '1'),
(353, 250, '182', 2, '3', 1, '2017-11-13', '2017-11-13 15:37:59', 'p1', '1744', '', '1'),
(354, 400, '22', 2, '3', 1, '2017-11-13', '2017-11-13 15:39:00', 'p1', '1745', '', '1'),
(355, 300, '179', 2, '3', 1, '2017-11-13', '2017-11-13 15:40:03', 'p1', '1746', '', '1'),
(356, 500, '180', 2, '3', 1, '2017-11-13', '2017-11-13 15:41:13', 'p1', '1747', '', '1'),
(357, 200, '108', 2, '3', 1, '2017-11-13', '2017-11-13 15:44:58', 'p1', '1748', '', '1'),
(358, 500, '99', 2, '3', 1, '2017-11-13', '2017-11-13 15:45:49', 'p1', '1749', '', '1'),
(359, -400, '6', 1, '1', 1, '2017-11-12', '2017-11-13 15:50:01', 'm1', '606', 'من 11', '2'),
(360, -500, '6', 1, '6', 1, '2017-11-12', '2017-11-13 15:51:05', 'm9', '608', 'ابديت الابليكيشن', '2'),
(361, -50, '6', 1, '6', 1, '2017-11-12', '2017-11-13 15:52:47', 'm9', '609', 'ضيافة افطار سنة 3', '2'),
(362, -200, '6', 1, '3', 1, '2017-11-13', '2017-11-13 15:53:58', 'm1', '610', 'من 11', '2'),
(363, -20, '6', 1, '2', 1, '2017-11-13', '2017-11-13 15:55:52', 'm5', '611', 'عمارة رومانى و يونانى و مدخل', '2'),
(365, 50, '11', 2, '3', 1, '2017-11-13', '2017-11-15 16:19:53', 'p1', '1750', '', '1'),
(366, 600, '187', 2, '3', 1, '2017-11-13', '2017-11-15 16:21:15', 'p1', '1751', '', '1'),
(367, 200, '186', 2, '3', 1, '2017-11-14', '2017-11-15 16:22:18', 'p1', '1752', '', '1'),
(368, 200, '24', 2, '6', 1, '2017-11-15', '2017-11-15 17:32:26', 'p1', '1753', '', '1'),
(369, 200, '184', 2, '3', 1, '2017-11-15', '2017-11-16 15:36:51', 'p1', '1754', '', '1'),
(370, 500, '35', 2, '3', 1, '2017-11-15', '2017-11-16 15:39:35', 'p1', '1755', '', '1'),
(371, 300, '185', 2, '6', 1, '2017-11-15', '2017-11-16 15:42:04', 'p1', '1756', '', '1'),
(372, 500, '32', 2, '3', 1, '2017-11-15', '2017-11-16 15:43:11', 'p1', '1757', '', '1'),
(373, 500, '156', 2, '3', 1, '2017-11-15', '2017-11-16 15:44:07', 'p1', '1758', '', '1'),
(374, 400, '33', 2, '3', 1, '2017-11-16', '2017-11-16 15:46:07', 'p1', '1759', '', '1'),
(375, 500, '188', 2, '3', 1, '2017-11-16', '2017-11-16 16:20:10', 'p1', '1760', '', '1'),
(376, 450, '16', 2, '3', 1, '2017-11-16', '2017-11-16 16:24:22', 'p1', '1761', '', '1'),
(377, 350, '75', 2, '3', 1, '2017-11-16', '2017-11-16 16:25:27', 'p1', '1762', '', '1'),
(378, 500, '55', 2, '3', 1, '2017-11-16', '2017-11-16 16:26:26', 'p1', '1763', '', '1'),
(379, 300, '31', 2, '3', 1, '2017-11-16', '2017-11-16 16:27:23', 'p1', '1764', '', '1'),
(380, 200, '148', 2, '3', 1, '2017-11-16', '2017-11-16 18:24:26', 'p1', '1765', '', '1'),
(381, 200, '82', 2, '3', 1, '2017-11-16', '2017-11-16 18:25:41', 'p1', '1766', '', '1'),
(382, 150, '190', 2, '3', 1, '2017-11-16', '2017-11-16 18:27:15', 'p1', '1767', '', '1'),
(383, 750, '189', 2, '3', 1, '2017-11-16', '2017-11-16 18:28:26', 'p1', '1768', '', '1'),
(384, 400, '21', 2, '3', 1, '2017-11-16', '2017-11-16 18:32:41', 'p1', '1769', '', '1'),
(385, -100, '6', 1, '2', 1, '2017-11-15', '2017-11-16 18:34:56', 'm1', '612', 'من 11', '2'),
(386, -85, '6', 1, '6', 1, '2017-11-16', '2017-11-16 18:35:49', 'm9', '613', 'ميمورى', '2'),
(387, -100, '6', 1, '1', 1, '2017-11-16', '2017-11-16 18:36:46', 'm1', '614', 'من 11', '2'),
(388, 100, '22', 2, '3', 1, '2017-11-17', '2017-11-18 13:31:12', 'p1', '1770', '', '1'),
(389, 300, '192', 2, '3', 1, '2017-11-17', '2017-11-18 13:36:00', 'p1', '1771', '', '1'),
(390, 500, '17', 2, '3', 1, '2017-11-17', '2017-11-18 13:36:57', 'p1', '1772', '', '1'),
(391, 250, '191', 2, '3', 1, '2017-11-18', '2017-11-18 13:38:02', 'p1', '1773', '', '1'),
(392, 150, '193', 2, '3', 1, '2017-11-18', '2017-11-18 13:43:49', 'p1', '1774', '', '1'),
(393, 500, '101', 2, '3', 1, '2017-11-18', '2017-11-18 13:44:47', 'p1', '1775', '', '1'),
(394, 550, '94', 2, '3', 1, '2017-11-18', '2017-11-18 13:45:33', 'p1', '1776', '', '1'),
(395, -65, '6', 1, '6', 1, '2017-11-18', '2017-11-19 15:56:32', 'm4', '615', 'عمارة 3', '2'),
(396, -25, '6', 1, '6', 1, '2017-11-18', '2017-11-19 16:00:40', 'm4', '616', 'تاريخ 1', '2'),
(397, -100, '6', 1, '3', 1, '2017-11-19', '2017-11-19 16:01:43', 'm9', '617', 'اكرامية ابراهيم', '2'),
(398, -15, '6', 1, '6', 1, '2017-11-19', '2017-11-19 16:03:04', 'm9', '618', 'ضيافة ابراهيم', '2'),
(399, -15, '6', 1, '6', 1, '2017-11-19', '2017-11-19 16:04:06', 'm10', '619', 'ورق و قلم', '2'),
(400, -100, '6', 1, '3', 1, '2017-11-19', '2017-11-19 16:05:10', 'm1', '620', 'من 11', '2'),
(401, -15, '6', 1, '4', 1, '2017-11-19', '2017-11-19 16:06:16', 'm9', '621', '2 كيت كات كبير هدايا للأوائل', '2'),
(402, 350, '60', 2, '3', 1, '2017-11-18', '2017-11-19 16:21:36', 'p1', '1777', '', '1'),
(403, 100, '176', 2, '3', 1, '2017-11-18', '2017-11-19 16:23:05', 'p1', '1778', '', '1'),
(404, 200, '196', 2, '3', 1, '2017-11-18', '2017-11-19 16:23:50', 'p1', '1779', '', '1'),
(405, 200, '81', 2, '3', 1, '2017-11-18', '2017-11-19 16:24:42', 'p1', '1780', '', '1'),
(406, 200, '195', 2, '3', 1, '2017-11-19', '2017-11-19 16:58:34', 'p1', '1781', '', '1'),
(407, 175, '45', 2, '3', 1, '2017-11-19', '2017-11-19 17:00:45', 'p1', '1782', '', '1'),
(408, 100, '107', 2, '3', 1, '2017-11-19', '2017-11-19 17:01:57', 'p1', '1783', '', '1'),
(409, 450, '49', 2, '3', 1, '2017-11-19', '2017-11-19 17:25:55', 'p1', '1784', '', '1'),
(410, 200, '194', 2, '3', 1, '2017-11-19', '2017-11-19 17:28:48', 'p1', '1785', '', '1'),
(411, 300, '84', 2, '3', 1, '2017-11-19', '2017-11-19 17:30:19', 'p1', '1786', '', '1'),
(412, 500, '57', 2, '3', 1, '2017-11-19', '2017-11-20 13:20:16', 'p1', '1787', '', '1'),
(413, 100, '68', 2, '6', 1, '2017-11-19', '2017-11-20 13:21:18', 'p1', '1788', '', '1'),
(414, 100, '108', 2, '3', 1, '2017-11-19', '2017-11-20 13:23:20', 'p1', '1789', '', '1'),
(415, 250, '197', 2, '6', 1, '2017-11-20', '2017-11-20 13:28:12', 'p1', '1790', '', '1'),
(416, 200, '52', 2, '3', 1, '2017-11-20', '2017-11-20 13:29:10', 'p1', '1791', '', '1'),
(417, 500, '93', 2, '6', 1, '2017-11-20', '2017-11-20 13:30:12', 'p1', '1792', '', '1'),
(418, 300, '43', 2, '6', 1, '2017-11-20', '2017-11-20 13:31:00', 'p1', '1793', '', '1'),
(419, 200, '88', 2, '6', 1, '2017-11-20', '2017-11-20 13:31:44', 'p1', '1794', '', '1'),
(420, 150, '181', 2, '6', 1, '2017-11-20', '2017-11-20 13:32:36', 'p1', '1795', '', '1'),
(421, -188, '6', 1, '123', 2, '2017-11-20', '2017-11-20 13:56:59', 'm0', '1', 'مواد', '25'),
(422, -188, '6', 1, '86', 2, '2017-11-20', '2017-11-20 13:59:02', 'm0', '2', 'مواد', '25'),
(423, -188, '6', 1, '85', 2, '2017-11-20', '2017-11-20 14:00:03', 'm0', '3', 'مواد', '25'),
(424, -188, '6', 1, '103', 2, '2017-11-20', '2017-11-20 14:01:02', 'm0', '4', 'مواد', '25'),
(425, -188, '6', 1, '159', 2, '2017-11-20', '2017-11-20 14:02:11', 'm0', '5', 'شغال معانا', '25'),
(426, -375, '3', 1, '184', 2, '2017-11-20', '2017-11-20 14:03:19', 'm0', '6', 'ظروف مادية', '50'),
(428, -188, '3', 1, '108', 2, '2017-11-20', '2017-11-20 14:07:32', 'm0', '8', 'ظروف مادية', '25'),
(429, -375, '6', 1, '137', 2, '2017-11-20', '2017-11-20 14:09:35', 'm0', '9', 'ظروف مادية', '50'),
(430, -188, '3', 1, '186', 2, '2017-11-20', '2017-11-20 14:11:40', 'm0', '10', 'ظروف مادية', '25'),
(432, -188, '3', 1, '77', 2, '2017-11-20', '2017-11-20 14:14:48', 'm0', '12', 'ظروف مادية', '25'),
(433, -188, '6', 1, '97', 2, '2017-11-20', '2017-11-20 14:17:32', 'm0', '13', 'مسابقة الماتش ', '25'),
(434, -188, '3', 1, '198', 2, '2017-11-20', '2017-11-20 14:31:22', 'm0', '14', 'ظروف مادية', '25'),
(435, -188, '3', 1, '73', 2, '2017-11-20', '2017-11-20 14:35:51', 'm0', '15', 'ظروف مادية', '25'),
(436, -188, '3', 1, '199', 2, '2017-11-20', '2017-11-20 14:41:19', 'm0', '16', 'ظروف مادية', '25'),
(437, -188, '6', 1, '132', 2, '2017-11-20', '2017-11-20 14:42:28', 'm0', '17', 'ظروف مادية', '25'),
(438, 500, '191', 2, '3', 1, '2017-11-20', '2017-11-20 15:51:45', 'p1', '1796', '', '1'),
(439, 250, '38', 2, '3', 1, '2017-11-20', '2017-11-20 15:54:04', 'p1', '1797', '', '1'),
(440, 300, '199', 2, '3', 1, '2017-11-20', '2017-11-20 15:55:38', 'p1', '1798', '', '1'),
(441, 200, '100', 2, '3', 1, '2017-11-20', '2017-11-20 15:56:37', 'p1', '1799', '', '1'),
(442, 300, '131', 2, '3', 1, '2017-11-20', '2017-11-20 15:57:34', 'p1', '1800', '', '1'),
(443, 300, '130', 2, '3', 1, '2017-11-20', '2017-11-20 15:58:39', 'p1', '1801', '', '1'),
(444, 550, '65', 2, '3', 1, '2017-11-20', '2017-11-20 15:59:33', 'p1', '1802', '', '1'),
(445, 150, '61', 2, '3', 1, '2017-11-20', '2017-11-20 16:00:21', 'p1', '1803', '', '1'),
(446, 200, '56', 2, '3', 1, '2017-11-20', '2017-11-20 16:02:27', 'p1', '1804', '', '1'),
(447, 300, '53', 2, '3', 1, '2017-11-20', '2017-11-20 16:03:10', 'p1', '1805', '', '1'),
(448, -60, '6', 1, '2', 1, '2017-11-20', '2017-11-20 16:05:25', 'm4', '622', 'عمارة 2 ', '2'),
(449, -200, '6', 1, '1', 1, '2017-11-20', '2017-11-20 16:06:49', 'm8', '623', 'معونة ', '2'),
(450, -200, '6', 1, '3', 1, '2017-11-20', '2017-11-20 16:07:43', 'm8', '624', 'معونة', '2'),
(451, -200, '6', 1, '6', 1, '2017-11-20', '2017-11-20 16:08:28', 'm8', '625', 'معونة', '2'),
(452, -200, '6', 1, '4', 1, '2017-11-20', '2017-11-20 16:09:17', 'm8', '626', 'معونة', '2'),
(453, -200, '6', 1, '2', 1, '2017-11-20', '2017-11-20 16:10:11', 'm8', '627', 'معونة', '2'),
(454, 400, '70', 2, '3', 1, '2017-11-21', '2017-11-23 14:41:14', 'p1', '1806', '', '1'),
(455, 60, '159', 2, '6', 1, '2017-11-21', '2017-11-23 14:42:15', 'p1', '1807', '', '1'),
(456, 275, '154', 2, '3', 1, '2017-11-21', '2017-11-23 14:43:07', 'p1', '1808', '', '1'),
(457, 175, '201', 2, '3', 1, '2017-11-21', '2017-11-23 14:43:58', 'p1', '1809', '', '1'),
(458, 350, '200', 2, '3', 1, '2017-11-22', '2017-11-23 14:44:56', 'p1', '1810', '', '1'),
(459, 150, '76', 2, '3', 1, '2017-11-22', '2017-11-23 14:45:41', 'p1', '1811', '', '1'),
(460, 450, '122', 2, '3', 1, '2017-11-22', '2017-11-23 14:47:28', 'p1', '1812', '', '1'),
(461, 500, '30', 2, '3', 1, '2017-11-22', '2017-11-23 14:54:14', 'p1', '1813', '', '1'),
(462, -500, '6', 1, '3', 1, '2017-11-21', '2017-11-23 14:56:17', 'm10', '628', 'ايصالات جديدة', '2'),
(463, -500, '6', 1, '3', 1, '2017-11-21', '2017-11-23 14:57:37', 'm1', '629', 'من 11', '2'),
(464, -20, '6', 1, '3', 1, '2017-11-22', '2017-11-23 14:58:44', 'm6', '630', 'المنشية ايصالات', '2'),
(465, -50, '6', 1, '6', 1, '2017-11-23', '2017-11-23 14:59:57', 'm7', '631', 'جزء من الديزاين', '2'),
(466, -200, '6', 1, '4', 1, '2017-11-23', '2017-11-23 15:00:53', 'm1', '632', 'من 11', '2'),
(467, 300, '74', 2, '3', 1, '2017-11-23', '2017-11-26 13:14:23', 'p1', '1814', '', '1'),
(468, 550, '118', 2, '6', 1, '2017-11-23', '2017-11-26 13:15:28', 'p1', '1815', '', '1'),
(469, 150, '205', 2, '3', 1, '2017-11-23', '2017-11-26 13:16:35', 'p1', '1816', '', '1'),
(470, 250, '127', 2, '3', 1, '2017-11-23', '2017-11-26 13:17:38', 'p1', '1817', '', '1'),
(471, 200, '204', 2, '3', 1, '2017-11-24', '2017-11-26 13:18:42', 'p1', '1818', '', '1'),
(472, 150, '135', 2, '3', 1, '2017-11-24', '2017-11-26 13:20:03', 'p1', '1819', '', '1'),
(473, 750, '203', 2, '3', 1, '2017-11-25', '2017-11-26 13:21:21', 'p1', '1820', '', '1'),
(474, 350, '202', 2, '3', 1, '2017-11-26', '2017-11-26 13:24:31', 'p1', '1821', '', '1'),
(475, 200, '144', 2, '3', 1, '2017-11-26', '2017-11-26 13:25:20', 'p1', '1824', '', '1'),
(476, 500, '98', 2, '3', 1, '2017-11-26', '2017-11-26 13:26:16', 'p1', '1825', '', '1'),
(477, -100, '6', 1, '1', 1, '2017-11-23', '2017-11-26 13:28:00', 'm1', '633', 'من 11', '2'),
(478, -200, '6', 1, '1', 1, '2017-11-26', '2017-11-26 13:28:50', 'm1', '634', 'من 11', '2'),
(479, 275, '79', 2, '3', 1, '2017-11-26', '2017-11-29 12:41:24', 'p1', '1826', '', '1'),
(480, 50, '112', 2, '6', 1, '2017-11-26', '2017-11-29 12:44:09', 'p1', '1827', '', '1'),
(481, 300, '207', 2, '3', 1, '2017-11-26', '2017-11-29 12:45:15', 'p1', '1828', '', '1'),
(482, 250, '155', 2, '3', 1, '2017-11-27', '2017-11-29 12:46:42', 'p1', '1829', '', '1'),
(483, 200, '206', 2, '3', 1, '2017-11-29', '2017-11-29 12:47:45', 'p1', '1830', '', '1'),
(484, -50, '6', 1, '6', 1, '2017-11-26', '2017-11-29 12:50:27', 'm7', '635', 'عمولة طالب للكافورى عن زيمة 2', '2'),
(485, -100, '6', 1, '3', 1, '2017-11-26', '2017-11-29 12:52:20', 'm1', '636', 'من 11', '2'),
(486, -1000, '6', 1, '6', 1, '2017-11-29', '2017-11-29 12:53:38', 'm7', '637', 'باقى حق ديزاين عاطف', '2'),
(487, -100, '6', 1, '1', 1, '2017-11-29', '2017-11-29 13:01:02', 'm1', '638', 'من 11', '2'),
(488, 150, '107', 2, '6', 1, '2017-11-29', '2017-11-29 15:47:13', 'p1', '1831', '', '1'),
(489, 200, '73', 2, '6', 1, '2017-11-29', '2017-11-29 15:52:51', 'p1', '1833', '', '1'),
(490, 550, '205', 2, '3', 1, '2017-11-29', '2017-11-29 15:55:05', 'p1', '1834', '', '1'),
(491, 500, '111', 2, '3', 1, '2017-11-29', '2017-11-29 16:12:12', 'p1', '1835', '', '1'),
(492, 60, '108', 2, '3', 1, '2017-11-29', '2017-11-29 16:13:39', 'p1', '1836', '', '1'),
(493, 100, '77', 2, '3', 1, '2017-11-29', '2017-11-29 16:14:52', 'p1', '1837', '', '1'),
(495, 175, '208', 2, '3', 1, '2017-12-02', '2017-12-02 16:06:06', 'p1', '1839', '', '1'),
(496, 350, '209', 2, '3', 1, '2017-12-02', '2017-12-02 16:16:14', 'p1', '1840', '', '1'),
(497, 50, '205', 2, '3', 1, '2017-12-02', '2017-12-02 16:17:07', 'p1', '1841', '', '1'),
(498, 450, '50', 2, '3', 1, '2017-12-02', '2017-12-02 16:17:54', 'p1', '1842', '', '1'),
(499, 300, '56', 2, '3', 1, '2017-12-02', '2017-12-02 16:18:45', 'p1', '1843', '', '1'),
(500, 300, '95', 2, '3', 1, '2017-12-02', '2017-12-02 16:19:47', 'p1', '1844', '', '1'),
(501, 500, '128', 2, '3', 1, '2017-12-02', '2017-12-02 16:20:34', 'p1', '1845', '', '1'),
(502, 250, '91', 2, '3', 1, '2017-12-02', '2017-12-02 16:21:32', 'p1', '1846', '', '1'),
(503, 150, '9', 2, '3', 1, '2017-12-02', '2017-12-02 16:22:14', 'p1', '1847', '', '1'),
(504, 550, '2', 2, '3', 1, '2017-12-02', '2017-12-02 16:23:01', 'p1', '1848', '', '1'),
(505, -2400, '6', 1, '4', 1, '2017-11-29', '2017-12-02 16:35:34', 'm3', '639', '11', '2'),
(506, -200, '6', 1, '4', 1, '2017-11-29', '2017-12-02 16:37:48', 'm1', '640', 'من 12 - 1', '2'),
(507, -50, '6', 1, '4', 1, '2017-11-29', '2017-12-02 16:39:29', 'm8', '641', 'شفوى', '2'),
(508, -35, '6', 1, '1', 1, '2017-11-29', '2017-12-02 16:40:19', 'm3', '642', '11', '2'),
(509, -1500, '6', 1, '1', 1, '2017-11-29', '2017-12-02 16:41:26', 'm1', '643', 'من 12 - 1', '2'),
(510, -150, '6', 1, '1', 1, '2017-11-29', '2017-12-02 16:42:27', 'm8', '644', 'شفوى', '2'),
(511, -2600, '6', 1, '2', 1, '2017-11-29', '2017-12-02 16:43:59', 'm3', '645', '11', '2'),
(512, -250, '6', 1, '2', 1, '2017-11-29', '2017-12-02 16:44:54', 'm8', '646', 'شفوى', '2'),
(513, -1875, '6', 1, '6', 1, '2017-11-29', '2017-12-02 16:45:54', 'm3', '647', '11', '2'),
(514, -1800, '6', 1, '3', 1, '2017-11-29', '2017-12-02 16:46:51', 'm3', '648', '11', '2'),
(515, -150, '6', 1, '3', 1, '2017-11-29', '2017-12-02 16:47:40', 'm8', '649', 'شفوى', '2'),
(516, -150, '6', 1, '6', 1, '2017-11-29', '2017-12-02 16:48:25', 'm8', '650', 'شغوى', '2'),
(517, 350, '210', 2, '6', 1, '2017-11-29', '2017-12-02 18:12:17', 'p1', '1838', '', '1'),
(518, -75, '6', 1, '79', 2, '2017-11-20', '2017-12-02 19:26:18', 'm0', '11', 'ظروف مادية\r\n', '25'),
(519, -450, '6', 1, '24', 2, '2017-11-20', '2017-12-02 19:34:22', 'm0', '7', 'ظروف  مادية', '50'),
(520, 150, '187', 2, '3', 1, '2017-12-02', '2017-12-03 16:38:40', 'p1', '1849', '', '1'),
(521, 550, '115', 2, '3', 1, '2017-12-02', '2017-12-03 16:42:27', 'p1', '1850', '', '1'),
(522, 500, '173', 2, '3', 1, '2017-12-02', '2017-12-03 16:43:38', 'p1', '1851', '', '1'),
(523, 500, '12', 2, '6', 1, '2017-12-02', '2017-12-03 16:45:38', 'p1', '1852', '', '1'),
(524, 200, '92', 2, '3', 1, '2017-12-02', '2017-12-03 16:46:54', 'p1', '1853', '', '1'),
(525, 500, '153', 2, '3', 1, '2017-12-03', '2017-12-03 16:48:28', 'p1', '1854', '', '1'),
(526, 260, '77', 2, '3', 1, '2017-12-03', '2017-12-03 16:49:41', 'p1', '1855', '', '1'),
(527, 550, '167', 2, '3', 1, '2017-12-03', '2017-12-03 16:58:37', 'p1', '1856', '', '1'),
(528, 360, '123', 2, '3', 1, '2017-12-03', '2017-12-03 17:00:19', 'p1', '1857', '', '1'),
(529, 300, '140', 2, '3', 1, '2017-12-03', '2017-12-03 17:01:14', 'p1', '1858', '', '1'),
(530, 400, '125', 2, '3', 1, '2017-12-03', '2017-12-03 17:02:32', 'p1', '1859', '', '1'),
(531, -1750, '6', 1, '5', 1, '2017-12-02', '2017-12-03 17:04:49', 'm3', '651', '11', '2'),
(532, -50, '6', 1, '5', 1, '2017-12-02', '2017-12-03 17:05:42', 'm8', '652', 'شفوى', '2'),
(533, 100, '211', 2, '6', 1, '2017-12-03', '2017-12-04 13:56:36', 'p1', '1860', '', '1'),
(534, 550, '198', 2, '3', 1, '2017-12-04', '2017-12-04 13:57:56', 'p1', '1861', '', '1'),
(535, 500, '67', 2, '3', 1, '2017-12-04', '2017-12-04 13:58:51', 'p1', '1862', '', '1'),
(536, 400, '129', 2, '3', 1, '2017-12-04', '2017-12-04 13:59:57', 'p1', '1863', '', '1'),
(537, -200, '6', 1, '1', 1, '2017-12-03', '2017-12-04 15:59:07', 'm7', '653', 'شحن كريديت سى اى بى ', '2'),
(538, -2480, '6', 1, '3', 1, '2017-12-04', '2017-12-04 16:00:11', 'm4', '654', '11', '2'),
(539, -117, '6', 1, '3', 1, '2017-12-04', '2017-12-04 16:01:00', 'm5', '655', '11', '2'),
(540, -75, '6', 1, '3', 1, '2017-12-04', '2017-12-04 16:02:00', 'm9', '656', 'بروجيكتور 5', '2'),
(541, -300, '6', 1, '3', 1, '2017-12-04', '2017-12-04 16:02:57', 'm9', '657', 'ايجار قاعة شهر 11', '2'),
(542, 250, '132', 2, '3', 1, '2017-12-04', '2017-12-04 16:05:12', 'p1', '1864', '', '1'),
(543, 250, '182', 2, '3', 1, '2017-12-04', '2017-12-04 16:05:53', 'p1', '1865', '', '1'),
(544, 100, '52', 2, '3', 1, '2017-12-05', '2017-12-06 18:03:18', 'p1', '1866', '', '1'),
(545, 550, '143', 2, '3', 1, '2017-12-05', '2017-12-06 18:04:20', 'p1', '1867', '', '1'),
(546, 500, '141', 2, '3', 1, '2017-12-05', '2017-12-06 18:06:09', 'p1', '1868', '', '1'),
(547, 250, '51', 2, '3', 1, '2017-12-05', '2017-12-06 18:07:07', 'p1', '1869', '', '1'),
(548, 150, '216', 2, '3', 1, '2017-12-05', '2017-12-06 18:12:08', 'p1', '1870', '', '1'),
(549, 200, '212', 2, '3', 1, '2017-12-05', '2017-12-06 18:16:28', 'p1', '1871', '', '1'),
(550, 500, '71', 2, '6', 1, '2017-12-05', '2017-12-06 18:19:36', 'p1', '1872', '', '1'),
(551, 500, '160', 2, '6', 1, '2017-12-05', '2017-12-06 18:21:07', 'p1', '1873', '', '1'),
(552, 150, '100', 2, '3', 1, '2017-12-05', '2017-12-06 18:48:08', 'p1', '1875', '', '1'),
(553, 50, '3', 2, '3', 1, '2017-12-05', '2017-12-06 18:49:04', 'p1', '1876', '', '1'),
(554, 250, '6', 2, '3', 1, '2017-12-05', '2017-12-06 18:50:19', 'p1', '1877', '', '1'),
(555, 550, '215', 2, '3', 1, '2017-12-05', '2017-12-06 18:51:53', 'p1', '1878', '', '1'),
(556, 200, '105', 2, '3', 1, '2017-12-05', '2017-12-06 18:53:04', 'p1', '1879', '', '1'),
(557, 300, '165', 2, '6', 1, '2017-12-06', '2017-12-06 18:54:45', 'p1', '1880', '', '1'),
(558, 300, '166', 2, '6', 1, '2017-12-06', '2017-12-06 18:55:51', 'p1', '1881', '', '1'),
(559, 750, '213', 2, '6', 1, '2017-12-06', '2017-12-06 18:56:37', 'p1', '1882', '', '1'),
(560, 250, '78', 2, '6', 1, '2017-12-06', '2017-12-06 18:57:22', 'p1', '1883', '', '1'),
(561, 400, '34', 2, '3', 1, '2017-12-06', '2017-12-06 18:58:43', 'p1', '1884', '', '1'),
(562, 410, '193', 2, '3', 1, '2017-12-06', '2017-12-06 18:59:59', 'p1', '1885', '', '1'),
(563, 175, '184', 2, '3', 1, '2017-12-06', '2017-12-06 19:00:41', 'p1', '1886', '', '1'),
(564, 200, '106', 2, '3', 1, '2017-12-06', '2017-12-06 19:01:26', 'p1', '1887', '', '1'),
(565, 560, '214', 2, '3', 1, '2017-12-06', '2017-12-06 19:02:07', 'p1', '1888', '', '1'),
(566, 250, '63', 2, '3', 1, '2017-12-06', '2017-12-06 19:02:53', 'p1', '1889', '', '1'),
(567, 310, '104', 2, '6', 1, '2017-12-06', '2017-12-06 19:03:32', 'p1', '1890', '', '1'),
(568, 500, '163', 2, '6', 1, '2017-12-06', '2017-12-06 19:06:10', 'p1', '1891', '', '1'),
(569, 300, '217', 2, '3', 1, '2017-12-06', '2017-12-06 19:16:17', 'p1', '1892', '', '1'),
(570, 500, '172', 2, '6', 1, '2017-12-06', '2017-12-06 19:17:32', 'p1', '1893', '', '1'),
(571, 310, '87', 2, '6', 1, '2017-12-06', '2017-12-06 19:18:19', 'p1', '1894', '', '1'),
(572, -50, '6', 1, '6', 1, '2017-12-06', '2017-12-06 19:21:07', 'm7', '658', 'جزء من الديزين', '2'),
(573, 160, '220', 2, '6', 1, '2017-12-07', '2017-12-08 14:06:42', 'p1', '1895', '', '1'),
(574, 375, '221', 2, '3', 1, '2017-12-07', '2017-12-08 14:07:57', 'p1', '1896', '', '1'),
(575, 360, '212', 2, '3', 1, '2017-12-07', '2017-12-08 14:09:07', 'p1', '1898', '', '1'),
(576, 410, '190', 2, '3', 1, '2017-12-07', '2017-12-08 14:10:02', 'p1', '1899', '', '1'),
(577, 200, '31', 2, '3', 1, '2017-12-07', '2017-12-08 14:10:44', 'p1', '1900', '', '1'),
(578, 250, '19', 2, '3', 1, '2017-12-07', '2017-12-08 14:12:41', 'p1', '1901', '', '1'),
(579, 350, '202', 2, '3', 1, '2017-12-07', '2017-12-08 14:13:30', 'p1', '1902', '', '1'),
(580, 50, '74', 2, '3', 1, '2017-12-07', '2017-12-08 14:14:18', 'p1', '1903', '', '1'),
(581, 175, '218', 2, '3', 1, '2017-12-07', '2017-12-08 14:15:13', 'p1', '1904', '', '1'),
(582, 300, '219', 2, '3', 1, '2017-12-07', '2017-12-08 14:16:05', 'p1', '1905', '', '1'),
(583, 50, '202', 2, '3', 1, '2017-12-08', '2017-12-08 14:16:59', 'p1', '1906', '', '1'),
(584, 350, '69', 2, '6', 1, '2017-12-08', '2017-12-08 14:18:21', 'p1', '1907', '', '1'),
(585, 400, '179', 2, '6', 1, '2017-12-08', '2017-12-08 14:19:16', 'p1', '1908', '', '1'),
(586, 60, '180', 2, '6', 1, '2017-12-08', '2017-12-08 14:20:02', 'p1', '1909', '', '1'),
(587, -20, '6', 1, '6', 1, '2017-12-06', '2017-12-08 14:21:20', 'm9', '659', 'ضيافة', '2'),
(588, 150, '194', 2, '6', 1, '2017-12-08', '2017-12-08 14:36:49', 'p1', '1910', '', '1'),
(589, -188, '3', 1, '190', 2, '2017-12-03', '2017-12-08 14:38:37', 'm0', '18', 'مواد', '25'),
(590, -188, '3', 1, '193', 2, '2017-12-03', '2017-12-08 14:39:33', 'm0', '19', 'مواد', '25'),
(591, -188, '6', 1, '127', 2, '2017-11-26', '2017-12-08 14:40:37', 'm0', '20', 'ظروف مادية', '25'),
(592, -188, '3', 1, '104', 2, '2017-12-06', '2017-12-08 14:41:24', 'm0', '21', 'مواد', '25'),
(593, -188, '3', 1, '60', 2, '2017-12-03', '2017-12-08 14:42:27', 'm0', '22', '', '25'),
(594, -188, '3', 1, '87', 2, '2017-12-04', '2017-12-08 14:43:14', 'm0', '23', 'مواد', '25'),
(595, -750, '3', 1, '222', 2, '2017-12-04', '2017-12-08 14:44:16', 'm0', '24', 'ظروف مادية', '100'),
(596, -188, '3', 1, '126', 2, '2017-12-04', '2017-12-08 14:45:04', 'm0', '25', 'ظروف مادية', '25'),
(597, -375, '6', 1, '221', 2, '2017-12-06', '2017-12-08 14:46:12', 'm0', '26', 'مراجعة و ةنغريد', '50'),
(598, -450, '3', 1, '223', 2, '2017-12-06', '2017-12-08 14:51:12', 'm0', '27', 'ظروف مادية', '50'),
(599, -188, '3', 1, '204', 2, '2017-12-08', '2017-12-08 15:04:34', 'm0', '28', 'مراجعة', '25'),
(600, -188, '3', 1, '214', 2, '2017-12-08', '2017-12-08 15:05:49', 'm0', '29', 'مراجعة', '25'),
(601, -188, '3', 1, '217', 2, '2017-12-08', '2017-12-08 15:06:39', 'm0', '30', 'مراجعة', '25'),
(602, -188, '3', 1, '220', 2, '2017-12-08', '2017-12-08 15:07:37', 'm0', '31', 'مراجعة', '25'),
(603, -188, '6', 1, '216', 2, '2017-12-08', '2017-12-08 15:53:09', 'm0', '32', 'مراجعة', '25'),
(604, -188, '3', 1, '215', 2, '2017-12-08', '2017-12-08 15:53:51', 'm0', '33', 'مراجعة', '25'),
(605, -188, '6', 1, '180', 2, '2017-12-08', '2017-12-08 15:54:45', 'm0', '34', 'مواد', '25'),
(606, -188, '3', 1, '212', 2, '2017-12-08', '2017-12-08 15:55:55', 'm0', '35', 'مراجعة', '25'),
(607, -188, '3', 1, '114', 2, '2017-12-08', '2017-12-08 15:56:43', 'm0', '36', 'مواد', '25'),
(608, -188, '6', 1, '170', 2, '2017-12-08', '2017-12-08 15:57:28', 'm0', '37', 'مواد', '25'),
(609, 550, '72', 2, '3', 1, '2017-12-08', '2017-12-08 16:02:46', 'p1', '1911', '', '1'),
(610, 300, '66', 2, '3', 1, '2017-12-08', '2017-12-08 16:04:10', 'p1', '1912', '', '1'),
(611, -188, '6', 1, '225', 2, '2017-12-08', '2017-12-09 13:27:17', 'm0', '38', 'مراجعة', '25'),
(612, -188, '6', 1, '226', 2, '2017-12-08', '2017-12-09 13:28:13', 'm0', '39', 'مراجعة', '25'),
(613, -188, '3', 1, '228', 2, '2017-12-09', '2017-12-09 13:29:36', 'm0', '40', 'مراجعة', '25'),
(614, -188, '3', 1, '227', 2, '2017-12-09', '2017-12-09 13:30:21', 'm0', '41', 'مراجعة', '25'),
(615, -88, '3', 1, '224', 2, '2017-12-09', '2017-12-09 13:31:17', 'm0', '42', 'مراجعة', '25'),
(616, 310, '114', 2, '3', 1, '2017-12-08', '2017-12-09 13:40:21', 'p1', '1913', '', '1'),
(617, 560, '226', 2, '6', 1, '2017-12-08', '2017-12-09 13:41:16', 'p1', '1914', '', '1'),
(618, 560, '225', 2, '6', 1, '2017-12-08', '2017-12-09 13:42:16', 'p1', '1915', '', '1'),
(619, 260, '224', 2, '3', 1, '2017-12-08', '2017-12-09 13:45:07', 'p1', '1916', '', '1'),
(620, 300, '227', 2, '6', 1, '2017-12-06', '2017-12-09 13:46:06', 'p1', '1917', '', '1'),
(621, 560, '228', 2, '6', 1, '2017-12-09', '2017-12-09 13:46:54', 'p1', '1918', '', '1'),
(622, 450, '185', 2, '3', 1, '2017-12-09', '2017-12-09 16:02:48', 'p1', '1919', '', '1'),
(623, 400, '64', 2, '6', 1, '2017-12-09', '2017-12-09 16:03:30', 'p1', '1920', '', '1'),
(624, 50, '141', 2, '3', 1, '2017-12-09', '2017-12-09 16:05:04', 'p1', '1921', '', '1'),
(625, 350, '88', 2, '3', 1, '2017-12-09', '2017-12-09 16:09:29', 'p1', '1922', '', '1'),
(626, 500, '169', 2, '3', 1, '2017-12-09', '2017-12-09 16:10:25', 'p1', '1923', '', '1'),
(627, 260, '170', 2, '3', 1, '2017-12-09', '2017-12-09 16:11:16', 'p1', '1924', '', '1'),
(628, 260, '199', 2, '3', 1, '2017-12-09', '2017-12-09 16:12:52', 'p1', '1925', '', '1'),
(629, 550, '90', 2, '6', 1, '2017-12-09', '2017-12-09 18:35:59', 'p1', '1926', '', '1'),
(630, 200, '131', 2, '6', 1, '2017-12-09', '2017-12-09 18:36:46', 'p1', '1927', '', '1'),
(631, 200, '95', 2, '6', 1, '2017-12-09', '2017-12-09 18:37:25', 'p1', '1928', '', '1'),
(632, 200, '130', 2, '6', 1, '2017-12-09', '2017-12-09 18:38:19', 'p1', '1929', '', '1'),
(633, -40, '6', 1, '2', 1, '2017-12-08', '2017-12-09 18:40:30', 'm5', '660', 'اسبوع', '2'),
(634, -250, '6', 1, '1', 1, '2017-12-09', '2017-12-09 18:41:17', 'm1', '661', '12', '2'),
(635, -300, '6', 1, '4', 1, '2017-12-09', '2017-12-09 18:42:08', 'm1', '662', '12', '2'),
(636, 450, '142', 2, '6', 1, '2017-12-09', '2017-12-11 16:08:40', 'p1', '1930', '', '1'),
(637, 250, '229', 2, '3', 1, '2017-12-10', '2017-12-11 16:09:53', 'p1', '1931', '', '1'),
(638, 400, '109', 2, '3', 1, '2017-12-10', '2017-12-11 16:11:00', 'p1', '1932', '', '1'),
(639, 300, '106', 2, '6', 1, '2017-12-10', '2017-12-11 16:12:02', 'p1', '1933', '', '1'),
(640, 525, '230', 2, '3', 1, '2017-12-10', '2017-12-11 16:13:31', 'p1', '1934', '', '1'),
(641, 250, '188', 2, '3', 1, '2017-12-10', '2017-12-11 16:14:23', 'p1', '1935', '', '1'),
(642, 60, '81', 2, '6', 1, '2017-12-10', '2017-12-11 16:15:10', 'p1', '1936', '', '1'),
(643, 175, '231', 2, '6', 1, '2017-12-10', '2017-12-11 16:15:58', 'p1', '1937', '', '1'),
(644, 300, '82', 2, '6', 1, '2017-12-10', '2017-12-11 16:18:18', 'p1', '1938', '', '1'),
(645, 250, '80', 2, '6', 1, '2017-12-10', '2017-12-11 16:19:59', 'p1', '1939', '', '1'),
(646, 300, '232', 2, '6', 1, '2017-12-10', '2017-12-11 16:20:52', 'p1', '1940', '', '1'),
(647, 260, '192', 2, '3', 1, '2017-12-10', '2017-12-11 16:21:48', 'p1', '1941', '', '1'),
(648, -188, '3', 1, '192', 2, '2017-12-10', '2017-12-11 16:34:42', 'm0', '43', 'ظروف مادية', '25'),
(649, -263, '6', 1, '232', 2, '2017-12-10', '2017-12-11 16:35:59', 'm0', '44', 'مراجعة جديد', '50'),
(650, -375, '3', 1, '229', 2, '2017-12-10', '2017-12-11 16:37:14', 'm0', '45', 'مراجعة جديد', '50'),
(651, -188, '6', 1, '81', 2, '2017-12-10', '2017-12-11 16:38:02', 'm0', '46', 'مواد', '25'),
(652, -88, '3', 1, '151', 2, '2017-12-09', '2017-12-11 16:40:07', 'm0', '47', 'ظروف مادية', '25'),
(653, -375, '3', 1, '233', 2, '2017-12-10', '2017-12-11 16:46:25', 'm0', '48', 'ظروف مادية', '50'),
(654, -15, '6', 1, '3', 1, '2017-12-10', '2017-12-11 16:49:56', 'm2', '663', 'شحن', '2'),
(655, -25, '6', 1, '6', 1, '2017-12-10', '2017-12-11 16:50:47', 'm4', '664', 'برة', '2'),
(656, -20, '6', 1, '4', 1, '2017-12-11', '2017-12-11 16:51:59', 'm10', '665', 'فلوسكاب', '2'),
(657, -122, '6', 1, '3', 1, '2017-12-11', '2017-12-11 16:53:32', 'm2', '666', 'شحن الباقة', '2'),
(658, 560, '234', 2, '3', 1, '2017-12-10', '2017-12-11 17:06:47', 'p1', '1942', '', '1'),
(659, -500, '6', 1, '235', 2, '2017-12-10', '2017-12-11 17:12:01', 'm0', '49', 'ظروف مادية', '50'),
(660, -188, '3', 1, '234', 2, '2017-12-09', '2017-12-11 17:13:14', 'm0', '50', 'مرجعة', '25'),
(661, 150, '237', 2, '6', 1, '2017-12-11', '2017-12-12 18:22:50', 'p1', '1943', '', '1'),
(662, 200, '206', 2, '6', 1, '2017-12-12', '2017-12-12 18:23:27', 'p1', '1944', '', '1'),
(663, 200, '235', 2, '6', 1, '2017-12-12', '2017-12-12 18:24:07', 'p1', '1945', '', '1'),
(665, 200, '91', 2, '6', 1, '2017-12-12', '2017-12-12 18:25:22', 'p1', '1946', '', '1'),
(666, 400, '209', 2, '6', 1, '2017-12-12', '2017-12-12 18:26:02', 'p1', '1947', '', '1'),
(667, 350, '105', 2, '6', 1, '2017-12-12', '2017-12-12 18:26:54', 'p1', '1948', '', '1'),
(668, 200, '236', 2, '6', 1, '2017-12-12', '2017-12-12 18:27:33', 'p1', '1949', '', '1'),
(669, 200, '58', 2, '3', 1, '2017-12-13', '2017-12-13 17:32:58', 'p1', '1950', '', '1'),
(670, 100, '239', 2, '3', 1, '2017-12-13', '2017-12-13 17:42:27', 'p1', '1951', '', '1'),
(671, 100, '137', 2, '6', 1, '2017-12-13', '2017-12-13 17:43:45', 'p1', '1952', '', '1'),
(672, 560, '240', 2, '3', 1, '2017-12-13', '2017-12-13 18:13:17', 'p1', '1953', '', '1'),
(673, 250, '40', 2, '3', 1, '2017-12-13', '2017-12-13 18:14:18', 'p1', '1954', '', '1'),
(674, 100, '241', 2, '6', 1, '2017-12-13', '2017-12-13 18:15:11', 'p1', '1955', '', '1'),
(675, 400, '238', 2, '6', 1, '2017-12-13', '2017-12-13 18:16:04', 'p1', '1956', '', '1'),
(676, 100, '33', 2, '6', 1, '2017-12-13', '2017-12-13 18:17:30', 'p1', '1957', '', '1'),
(677, 200, '103', 2, '6', 1, '2017-12-13', '2017-12-13 18:19:05', 'p1', '1958', '', '1'),
(678, 200, '86', 2, '6', 1, '2017-12-13', '2017-12-13 18:20:04', 'p1', '1959', '', '1'),
(679, 150, '85', 2, '6', 1, '2017-12-13', '2017-12-13 18:21:41', 'p1', '1960', '', '1'),
(680, 300, '197', 2, '6', 1, '2017-12-13', '2017-12-13 18:25:27', 'p1', '1961', '', '1'),
(681, 50, '165', 2, '6', 1, '2017-12-13', '2017-12-14 19:34:12', 'p1', '1962', '', '1'),
(682, 400, '244', 2, '3', 1, '2017-12-14', '2017-12-14 19:35:05', 'p1', '1963', '', '1'),
(683, 200, '120', 2, '6', 1, '2017-12-14', '2017-12-14 19:35:59', 'p1', '1964', '', '1'),
(684, 560, '243', 2, '3', 1, '2017-12-14', '2017-12-14 19:36:58', 'p1', '1965', '', '1'),
(685, 300, '242', 2, '3', 1, '2017-12-14', '2017-12-14 19:37:42', 'p1', '1966', '', '1'),
(686, 275, '136', 2, '3', 1, '2017-12-14', '2017-12-14 19:38:26', 'p1', '1967', '', '1'),
(687, 160, '73', 2, '6', 1, '2017-12-14', '2017-12-14 19:39:42', 'p1', '1968', '', '1'),
(688, -188, '6', 1, '234', 2, '2017-12-09', '2017-12-15 11:55:37', 'm0', '50', 'مراجعة', '25'),
(689, -375, '3', 1, '236', 2, '2017-12-12', '2017-12-15 11:56:25', 'm0', '51', 'مراجعة جديد', '50'),
(690, -375, '6', 1, '238', 2, '2017-12-13', '2017-12-15 11:57:15', 'm0', '52', 'مراجعة جديد', '50'),
(691, -88, '3', 1, '239', 2, '2017-12-13', '2017-12-15 11:58:10', 'm0', '53', 'مراجعة جديد', '50'),
(692, -175, '3', 1, '241', 2, '2017-12-13', '2017-12-15 11:59:15', 'm0', '54', 'مراجعة  جديد', '50'),
(693, -188, '3', 1, '240', 2, '2017-12-13', '2017-12-15 11:59:58', 'm0', '55', 'مراجعة', '25'),
(694, -263, '3', 1, '242', 2, '2017-12-14', '2017-12-15 12:00:56', 'm0', '56', 'مراجعة جديد', '50'),
(695, -188, '3', 1, '243', 2, '2017-12-14', '2017-12-15 12:01:46', 'm0', '57', 'مراجعة', '25'),
(696, -375, '3', 1, '244', 2, '2017-12-14', '2017-12-15 12:02:35', 'm0', '58', 'مراجعة جديد', '50'),
(697, 200, '245', 2, '3', 1, '2017-12-14', '2017-12-15 14:09:02', 'p1', '1969', '', '1'),
(698, 150, '113', 2, '6', 1, '2017-12-14', '2017-12-15 14:10:03', 'p1', '1970', '', '1'),
(699, 250, '233', 2, '6', 1, '2017-12-15', '2017-12-15 14:11:06', 'p1', '1971', '', '1'),
(700, 400, '144', 2, '6', 1, '2017-12-15', '2017-12-15 14:12:03', 'p1', '1972', '', '1'),
(701, 50, '235', 2, '6', 1, '2017-12-15', '2017-12-16 14:14:13', 'p1', '1973', '', '1'),
(702, 100, '247', 2, '3', 1, '2017-12-15', '2017-12-16 14:15:02', 'p1', '1974', '', '1'),
(703, 200, '246', 2, '6', 1, '2017-12-15', '2017-12-16 14:16:55', 'p1', '1975', '', '1'),
(704, 300, '196', 2, '3', 1, '2017-12-15', '2017-12-16 14:17:36', 'p1', '1976', '', '1'),
(705, -375, '3', 1, '245', 2, '2017-12-15', '2017-12-16 14:22:54', 'm0', '59', 'مراجعة جديد', '50'),
(706, -175, '3', 1, '246', 2, '2017-12-15', '2017-12-16 14:24:53', 'm0', '60', 'مراجعة جديد', '50'),
(707, -88, '3', 1, '247', 2, '2017-12-15', '2017-12-16 14:25:48', 'm0', '61', '', '50'),
(708, -375, '3', 1, '113', 2, '2017-12-15', '2017-12-16 14:26:31', 'm0', '62', 'مراجعة جديد', '50'),
(709, -188, '3', 1, '166', 2, '2017-12-15', '2017-12-16 14:27:19', 'm0', '63', 'مواد', '25'),
(710, -188, '3', 1, '165', 2, '2017-12-15', '2017-12-16 14:28:57', 'm0', '64', 'مواد', '25'),
(711, -100, '6', 1, '2', 1, '2017-12-13', '2017-12-16 14:35:06', 'm1', '667', 'من 12', '2'),
(712, -5, '6', 1, '2', 1, '2017-12-15', '2017-12-16 14:36:54', 'm5', '668', 'مدخل', '2'),
(713, -200, '6', 1, '2', 1, '2017-12-14', '2017-12-16 14:37:56', 'm8', '669', 'معونة', '2'),
(714, -200, '6', 1, '4', 1, '2017-12-14', '2017-12-16 14:38:43', 'm8', '670', 'معونة', '2'),
(715, -200, '6', 1, '3', 1, '2017-12-14', '2017-12-16 14:39:21', 'm8', '671', 'معونة', '2'),
(716, -200, '6', 1, '6', 1, '2017-12-14', '2017-12-16 14:40:14', 'm8', '673', 'معونة', '2'),
(717, -2300, '6', 1, '6', 1, '2017-12-15', '2017-12-16 14:41:27', 'm9', '673', 'ايجار شقة المراجعة', '2'),
(718, 400, '250', 2, '6', 1, '2017-12-16', '2017-12-16 18:39:09', 'p1', '1977', '', '1'),
(719, 400, '249', 2, '3', 1, '2017-12-16', '2017-12-16 18:40:02', 'p1', '1978', '', '1'),
(720, 150, '229', 2, '3', 1, '2017-12-16', '2017-12-16 18:41:40', 'p1', '1979', '', '1'),
(721, 400, '248', 2, '3', 1, '2017-12-16', '2017-12-16 18:43:06', 'p1', '1980', '', '1'),
(722, 300, '171', 2, '3', 1, '2017-12-16', '2017-12-16 18:43:54', 'p1', '1981', '', '1'),
(723, 100, '112', 2, '3', 1, '2017-12-16', '2017-12-16 18:45:13', 'p1', '1982', '', '1'),
(724, -375, '3', 1, '248', 2, '2017-12-16', '2017-12-16 18:47:07', 'm0', '65', 'مراجعة جديد', '50'),
(725, -375, '6', 1, '249', 2, '2017-12-16', '2017-12-16 18:48:08', 'm0', '66', 'مراجعة جديد', '50'),
(726, -375, '6', 1, '250', 2, '2017-12-16', '2017-12-16 18:48:56', 'm0', '67', 'مراجعة جديد', '50'),
(727, 150, '97', 2, '3', 1, '2017-12-16', '2017-12-16 18:52:26', 'p1', '1983', '', '1'),
(728, 500, '158', 2, '3', 1, '2017-12-16', '2017-12-16 18:53:15', 'p1', '1984', '', '1'),
(729, 150, '34', 2, '6', 1, '2017-12-16', '2017-12-18 14:44:38', 'p1', '1985', '', '1'),
(730, 400, '251', 2, '3', 1, '2017-12-17', '2017-12-18 14:45:39', 'p1', '1986', '', '1'),
(731, 400, '252', 2, '6', 1, '2017-12-17', '2017-12-18 15:11:28', 'p1', '1987', '', '1'),
(732, 100, '109', 2, '6', 1, '2017-12-17', '2017-12-18 15:12:09', 'p1', '1988', '', '1'),
(733, 250, '155', 2, '3', 1, '2017-12-17', '2017-12-18 15:12:57', 'p1', '1989', '', '1'),
(734, 50, '68', 2, '3', 1, '2017-12-17', '2017-12-18 15:14:32', 'p1', '1990', '', '1'),
(735, 300, '253', 2, '3', 1, '2017-12-17', '2017-12-18 15:15:38', 'p1', '1991', '', '1'),
(736, 100, '181', 2, '3', 1, '2017-12-17', '2017-12-18 15:16:29', 'p1', '1992', '', '1'),
(737, 100, '7', 2, '6', 1, '2017-12-17', '2017-12-18 15:20:16', 'p1', '1993', '', '1'),
(738, 200, '254', 2, '6', 1, '2017-12-17', '2017-12-18 15:41:58', 'p1', '1994', '', '1'),
(739, 150, '176', 2, '6', 1, '2017-12-18', '2017-12-18 15:47:07', 'p1', '1995', '', '1'),
(740, -350, '3', 1, '251', 2, '2017-12-18', '2017-12-19 12:19:04', 'm0', '68', 'مراجعة جديد', '50'),
(741, -375, '3', 1, '252', 2, '2017-12-18', '2017-12-19 12:19:41', 'm0', '69', 'مراجعة جديد', '50'),
(742, -375, '3', 1, '253', 2, '2017-12-18', '2017-12-19 12:20:26', 'm0', '70', 'مراجعة جديد', '50'),
(743, -375, '6', 1, '254', 2, '2017-12-18', '2017-12-19 12:21:11', 'm0', '71', 'مراجعة جديد', '50'),
(744, -375, '5', 1, '255', 2, '2017-12-19', '2017-12-19 12:21:52', 'm0', '72', 'مراجعة جديد', '50'),
(745, 200, '197', 2, '6', 1, '2017-12-18', '2017-12-19 12:26:52', 'p1', '2001', '', '1'),
(746, 200, '254', 2, '3', 1, '2017-12-18', '2017-12-19 12:28:01', 'p1', '2002', '', '1'),
(747, 400, '255', 2, '3', 1, '2017-12-18', '2017-12-19 12:28:56', 'p1', '2003', '', '1'),
(748, 50, '166', 2, '3', 1, '2017-12-18', '2017-12-19 12:30:50', 'p1', '2004', '', '1'),
(750, 100, '175', 2, '3', 1, '2017-12-18', '2017-12-19 12:31:31', 'p1', '2005', '', '1'),
(751, 260, '227', 2, '6', 1, '2017-12-18', '2017-12-19 12:32:14', 'p1', '2006', '', '1'),
(752, 550, '4', 2, '6', 1, '2017-12-19', '2017-12-19 12:32:59', 'p1', '2007', '', '1'),
(753, -500, '6', 1, '1', 1, '2017-12-16', '2017-12-19 12:58:23', 'm1', '674', 'من 12', '2'),
(754, -200, '6', 1, '4', 1, '2017-12-17', '2017-12-19 12:59:36', 'm1', '675', 'من 12', '2'),
(755, -25, '6', 1, '4', 1, '2017-12-17', '2017-12-19 13:00:24', 'm10', '676', 'ورق', '2'),
(756, -200, '6', 1, '2', 1, '2017-12-17', '2017-12-19 13:01:18', 'm1', '677', 'من 12', '2'),
(757, -25, '6', 1, '2', 1, '2017-12-17', '2017-12-19 13:02:34', 'm9', '678', 'اكرامية بواب', '2'),
(758, -20, '6', 1, '3', 1, '2017-12-17', '2017-12-19 13:03:25', 'm5', '679', 'حغتير و بحرية', '2'),
(759, -10, '6', 1, '3', 1, '2017-12-17', '2017-12-19 13:04:16', 'm5', '680', 'عاصم', '2'),
(760, -700, '6', 1, '3', 1, '2017-12-18', '2017-12-19 13:05:39', 'm8', '681', 'اجنهاد', '2'),
(761, -700, '6', 1, '4', 1, '2017-12-17', '2017-12-19 13:06:43', 'm8', '682', 'اجتهاد', '2'),
(762, -700, '6', 1, '2', 1, '2017-12-17', '2017-12-19 13:08:10', 'm8', '683', 'اجتهاد', '2'),
(763, -10, '6', 1, '4', 1, '2017-12-18', '2017-12-19 13:09:41', 'm5', '684', 'فخار', '2'),
(764, -60, '6', 1, '6', 1, '2017-12-18', '2017-12-19 13:10:32', 'm9', '685', 'فطار 2', '2'),
(765, -50, '6', 1, '3', 1, '2017-12-18', '2017-12-19 13:11:23', 'm9', '686', 'فطار', '2'),
(766, -1000, '6', 1, '6', 1, '2017-12-18', '2017-12-19 13:12:40', 'm7', '687', 'أحمد عوض ديزاينات و فيديو', '2'),
(767, -188, '6', 1, '124', 2, '2017-12-19', '2017-12-21 14:43:41', 'm0', '73', 'ظروف مادية', '25'),
(768, -550, '6', 1, '18', 2, '2017-12-21', '2017-12-21 14:44:37', 'm0', '74', 'وفاة والدتها', '50'),
(769, -375, '3', 1, '206', 2, '2017-12-21', '2017-12-21 14:45:24', 'm0', '75', 'مراجعة جديد', '50'),
(770, 200, '7', 2, '6', 1, '2017-12-19', '2017-12-21 14:48:42', 'p1', '2008', '', '1'),
(771, 50, '219', 2, '6', 1, '2017-12-19', '2017-12-21 14:49:31', 'p1', '2009', '', '1'),
(772, 60, '127', 2, '6', 1, '2017-12-19', '2017-12-21 14:50:17', 'p1', '2010', '', '1'),
(773, 300, '6', 2, '3', 1, '2017-12-20', '2017-12-21 14:51:11', 'p1', '2011', '', '1'),
(774, 100, '142', 2, '3', 1, '2017-12-20', '2017-12-21 14:52:08', 'p1', '2012', '', '1'),
(775, -70, '6', 1, '3', 1, '2017-12-19', '2017-12-21 14:58:11', 'm9', '688', 'كهرباء الشقة', '2'),
(776, -350, '6', 1, '1', 1, '2017-12-19', '2017-12-21 14:59:08', 'm8', '689', 'معونة', '2'),
(777, -88, '3', 1, '211', 2, '2017-12-22', '2017-12-24 14:43:54', 'm0', '76', 'مراجعة جديد', '50'),
(778, -250, '3', 1, '171', 2, '2017-12-22', '2017-12-24 14:45:00', 'm0', '77', 'حسنى الزهرى', '25'),
(779, -188, '2', 1, '174', 2, '2017-12-22', '2017-12-24 14:45:53', 'm0', '78', 'تبع رمضان كلية', '25'),
(780, 450, '183', 2, '3', 1, '2017-12-22', '2017-12-24 14:47:57', 'p1', '2013', '', '1'),
(781, 120, '194', 2, '3', 1, '2017-12-22', '2017-12-24 14:51:04', 'p1', '2014', '', '1'),
(782, -175, '3', 1, '259', 2, '2017-12-25', '2017-12-26 13:32:01', 'm0', '79', 'مراجعة جديد', '50'),
(784, -450, '3', 1, '257', 2, '2017-12-26', '2017-12-26 13:48:39', 'm0', '81', 'مراجعة مواد', '50'),
(785, -450, '3', 1, '258', 2, '2017-12-26', '2017-12-26 13:49:54', 'm0', '82', 'مراجعة مواد', '50'),
(786, -375, '3', 1, '256', 2, '2017-12-26', '2017-12-26 13:50:44', 'm0', '83', 'مراجعة جديد', '50'),
(787, -188, '3', 1, '175', 2, '2017-12-26', '2017-12-26 13:51:45', 'm0', '84', 'مراجعة', '25'),
(788, -188, '3', 1, '148', 2, '2017-12-26', '2017-12-26 13:55:21', 'm0', '85', 'مواد', '25'),
(789, 200, '259', 2, '6', 1, '2017-12-24', '2017-12-26 14:25:53', 'p1', '2015', '', '1'),
(790, 300, '258', 2, '3', 1, '2017-12-25', '2017-12-26 14:26:47', 'p1', '2016', '', '1'),
(791, 100, '257', 2, '6', 1, '2017-12-25', '2017-12-26 14:27:46', 'p1', '2017', '', '1'),
(792, 100, '260', 2, '6', 1, '2017-12-25', '2017-12-26 14:28:33', 'p1', '2018', '', '1'),
(793, 100, '170', 2, '6', 1, '2017-12-25', '2017-12-26 14:31:52', 'p1', '2019', '', '1'),
(794, 300, '186', 2, '3', 1, '2017-12-25', '2017-12-26 14:32:41', 'p1', '2020', '', '1'),
(795, 250, '66', 2, '3', 1, '2017-12-25', '2017-12-26 14:33:35', 'p1', '2021', '', '1'),
(796, 550, '195', 2, '3', 1, '2017-12-26', '2017-12-26 14:34:29', 'p1', '2022', '', '1'),
(797, 400, '256', 2, '3', 1, '2017-12-26', '2017-12-26 14:35:16', 'p1', '2023', '', '1'),
(798, 200, '61', 2, '3', 1, '2017-12-26', '2017-12-26 14:35:55', 'p1', '2024', '', '1'),
(799, 100, '253', 2, '3', 1, '2017-12-26', '2017-12-26 14:36:41', 'p1', '2025', '', '1'),
(800, -400, '6', 1, '6', 1, '2017-12-20', '2017-12-26 14:47:48', 'm8', '690', 'دكتور و مكافأة', '2'),
(801, -200, '6', 1, '1', 1, '2017-12-23', '2017-12-26 14:48:40', 'm1', '691', 'من 1 ', '2'),
(802, -50, '6', 1, '2', 1, '2017-12-23', '2017-12-26 14:49:56', 'm9', '692', 'تصليح دش و اكرامية', '2'),
(803, -555, '6', 1, '3', 1, '2017-12-24', '2017-12-26 14:55:53', 'm9', '693', 'فطار فخار', '2'),
(804, -1900, '6', 1, '4', 1, '2017-12-25', '2017-12-26 14:58:28', 'm3', '694', '12', '2'),
(805, -550, '6', 1, '1', 1, '2017-12-25', '2017-12-26 15:13:28', 'm3', '695', '1', '2'),
(806, -2100, '6', 1, '6', 1, '2017-12-25', '2017-12-26 15:14:38', 'm3', '696', '12', '2'),
(807, -2125, '6', 1, '2', 1, '2017-12-25', '2017-12-26 15:15:24', 'm3', '697', '12', '2'),
(808, -2700, '6', 1, '3', 1, '2017-12-25', '2017-12-26 15:16:15', 'm3', '698', '12', '2'),
(809, -175, '6', 1, '218', 2, '2017-12-28', '2017-12-29 13:50:36', 'm0', '86', 'مراجهة', '50'),
(810, -375, '3', 1, '138', 2, '2017-12-28', '2017-12-29 13:51:38', 'm0', '87', 'مراجعة', '50'),
(811, -263, '6', 1, '261', 2, '2017-12-28', '2017-12-29 13:52:27', 'm0', '88', 'مراجعة', '50'),
(812, -400, '3', 1, '264', 2, '2017-12-28', '2017-12-29 13:53:40', 'm0', '89', 'مراجعة مواد', '50'),
(813, -175, '3', 1, '262', 2, '2017-12-28', '2017-12-29 13:54:51', 'm0', '90', 'مراجعة جديد', '50'),
(814, -350, '3', 1, '263', 2, '2017-12-28', '2017-12-29 13:55:48', 'm0', '91', 'مراجعة جديد', '50'),
(815, -375, '3', 1, '267', 2, '2017-12-28', '2017-12-29 13:58:06', 'm0', '92', 'مراجعة جديد', '50'),
(816, -375, '3', 1, '265', 2, '2017-12-28', '2017-12-29 13:58:55', 'm0', '93', 'مراجعة جديد', '50'),
(817, -375, '3', 1, '266', 2, '2017-12-28', '2017-12-29 14:00:05', 'm0', '94', 'مراجعة جديد', '50'),
(818, 200, '267', 2, '3', 1, '2017-12-26', '2017-12-29 14:03:44', 'p1', '2026', '', '1'),
(819, 100, '265', 2, '3', 1, '2017-12-27', '2017-12-29 14:04:36', 'p1', '2027', '', '1'),
(820, 250, '78', 2, '6', 1, '2017-12-27', '2017-12-29 14:05:27', 'p1', '2028', '', '1'),
(821, 200, '138', 2, '6', 1, '2017-12-27', '2017-12-29 14:06:13', 'p1', '2029', '', '1'),
(822, 100, '266', 2, '6', 1, '2017-12-27', '2017-12-29 14:07:15', 'p1', '2030', '', '1'),
(823, 200, '263', 2, '6', 1, '2017-12-27', '2017-12-29 14:08:06', 'p1', '2031', '', '1'),
(824, 100, '260', 2, '3', 1, '2017-12-28', '2017-12-29 14:08:45', 'p1', '2032', '', '1'),
(825, 200, '262', 2, '6', 1, '2017-12-28', '2017-12-29 14:09:29', 'p1', '2033', '', '1'),
(826, 150, '91', 2, '6', 1, '2017-12-28', '2017-12-29 14:10:16', 'p1', '2034', '', '1'),
(827, 250, '182', 2, '3', 1, '2017-12-28', '2017-12-29 14:14:54', 'p1', '2035', '', '1'),
(828, 50, '179', 2, '3', 1, '2017-12-28', '2017-12-29 14:15:51', 'p1', '2036', '', '1'),
(829, 150, '264', 2, '6', 1, '2017-12-28', '2017-12-29 14:16:45', 'p1', '2037', '', '1'),
(830, 360, '204', 2, '6', 1, '2017-12-28', '2017-12-29 14:17:45', 'p1', '2038', '', '1'),
(831, 300, '261', 2, '6', 1, '2017-12-28', '2017-12-29 14:19:56', 'p1', '2039', '', '1'),
(832, 100, '236', 2, '6', 1, '2017-12-28', '2017-12-29 14:20:41', 'p1', '2040', '', '1'),
(833, 250, '174', 2, '6', 1, '2017-12-28', '2017-12-29 14:21:37', 'p1', '2041', '', '1'),
(834, 200, '257', 2, '3', 1, '2017-12-28', '2017-12-29 14:22:40', 'p1', '2042', '', '1'),
(835, -375, '3', 1, '268', 2, '2017-12-29', '2017-12-29 14:31:19', 'm0', '94', 'مراجعة جديد', '50'),
(836, 200, '268', 2, '6', 1, '2017-12-29', '2017-12-29 14:33:19', 'p1', '2043', '', '1'),
(837, 100, '241', 2, '3', 1, '2017-12-29', '2017-12-29 14:34:15', 'p1', '2044', '', '1'),
(838, 100, '64', 2, '3', 1, '2017-12-29', '2017-12-29 14:38:05', 'p1', '2045', '', '1'),
(839, -1750, '6', 1, '5', 1, '2017-12-26', '2017-12-29 15:31:37', 'm3', '699', '12', '2'),
(840, 200, '233', 2, '3', 1, '2017-12-29', '2017-12-31 15:37:22', 'p1', '2046', '', '1'),
(841, -175, '6', 1, '271', 2, '2018-01-01', '2018-01-01 18:11:08', 'm0', '96', 'مراجعة جديد', '50'),
(842, -88, '6', 1, '270', 2, '2018-01-01', '2018-01-01 18:11:52', 'm0', '97', 'مراجعة جديد', '50'),
(843, -88, '6', 1, '269', 2, '2018-01-01', '2018-01-01 18:12:32', 'm0', '98', 'مراجعة جديد', '50'),
(844, 100, '269', 2, '6', 1, '2017-12-31', '2018-01-01 18:15:36', 'p1', '2047', '', '1'),
(845, 100, '270', 2, '6', 1, '2017-12-31', '2018-01-01 18:16:29', 'p1', '2048', '', '1'),
(846, 450, '207', 2, '6', 1, '2018-01-01', '2018-01-01 18:17:30', 'p1', '2049', '', '1'),
(847, 50, '106', 2, '6', 1, '2018-01-01', '2018-01-01 18:18:21', 'p1', '2050', '', '1'),
(848, 300, '126', 2, '6', 1, '2018-01-01', '2018-01-01 18:19:41', 'p1', '2051', '', '1'),
(849, 100, '271', 2, '6', 1, '2018-01-01', '2018-01-01 18:20:33', 'p1', '2052', '', '1'),
(850, 100, '181', 2, '3', 1, '2018-01-01', '2018-01-01 18:21:12', 'p1', '2053', '', '1'),
(851, 280, '194', 2, '3', 1, '2018-01-01', '2018-01-01 18:21:57', 'p1', '2054', '', '1'),
(852, -75, '6', 1, '6', 1, '2018-01-01', '2018-01-01 18:23:46', 'm2', '700', 'باقة نت للشقة', '2'),
(853, -100, '6', 1, '4', 1, '2018-01-01', '2018-01-01 18:24:34', 'm1', '701', 'من 1', '2'),
(854, 25, '237', 2, '6', 1, '2018-01-02', '2018-01-02 17:15:13', 'p1', '2055', '', '1'),
(855, 110, '85', 2, '6', 1, '2018-01-02', '2018-01-02 17:16:02', 'p1', '2056', '', '1'),
(856, 160, '86', 2, '6', 1, '2018-01-02', '2018-01-02 17:16:52', 'p1', '2057', '', '1'),
(857, 160, '103', 2, '6', 1, '2018-01-02', '2018-01-02 17:17:47', 'p1', '2058', '', '1'),
(858, 300, '267', 2, '3', 1, '2018-01-02', '2018-01-02 17:19:43', 'p1', '2059', '', '1'),
(859, 50, '186', 2, '3', 1, '2018-01-02', '2018-01-02 17:21:40', 'p1', '2060', '', '1'),
(860, -375, '3', 1, '181', 2, '2018-01-03', '2018-01-03 11:55:30', 'm0', '99', 'ظروف مادية', '50'),
(861, -250, '6', 1, '1', 1, '2018-01-02', '2018-01-03 13:18:44', 'm8', '702', 'معونة', '2'),
(862, -400, '6', 1, '4', 1, '2018-01-03', '2018-01-03 13:19:30', 'm8', '703', 'معونة', '2'),
(863, -400, '6', 1, '2', 1, '2018-01-03', '2018-01-03 13:20:09', 'm8', '704', 'معونة', '2'),
(864, -400, '6', 1, '3', 1, '2018-01-03', '2018-01-03 13:20:48', 'm8', '705', 'معونة', '2'),
(865, -200, '6', 1, '6', 1, '2018-01-03', '2018-01-03 13:21:27', 'm8', '706', 'معونة', '2'),
(866, 100, '124', 2, '6', 1, '2018-01-03', '2018-01-03 13:22:46', 'p1', '2061', '', '1'),
(867, 100, '260', 2, '6', 1, '2018-01-03', '2018-01-03 14:59:18', 'p1', '2062', '', '1'),
(868, -450, '6', 1, '260', 2, '2017-12-25', '2018-01-03 15:05:12', 'm0', '80', 'مراجعة مواد جديد', '50'),
(869, 200, '268', 2, '6', 1, '2018-01-04', '2018-01-05 17:17:19', 'p1', '2063', '', '1'),
(870, 100, '271', 2, '6', 1, '2018-01-04', '2018-01-05 17:18:52', 'p1', '2064', '', '1'),
(871, -500, '6', 1, '1', 1, '2018-01-05', '2018-01-06 11:26:06', 'm1', '707', 'من الارباح', '2'),
(872, -88, '6', 1, '272', 2, '2018-01-06', '2018-01-06 16:45:55', 'm0', '100', 'مراجعة جديد', '50'),
(873, -88, '6', 1, '273', 2, '2018-01-06', '2018-01-06 16:46:43', 'm0', '101', 'مراجعة جديد', '50'),
(874, -263, '6', 1, '274', 2, '2018-01-06', '2018-01-06 16:47:39', 'm0', '102', 'مراجعة جديد', '50'),
(875, 100, '272', 2, '3', 1, '2018-01-06', '2018-01-06 16:49:17', 'p1', '2065', '', '1'),
(876, 200, '140', 2, '3', 1, '2018-01-06', '2018-01-06 16:50:24', 'p1', '2066', '', '1'),
(877, 100, '273', 2, '6', 1, '2018-01-06', '2018-01-06 16:51:15', 'p1', '2067', '', '1'),
(878, 200, '274', 2, '3', 1, '2018-01-06', '2018-01-06 16:52:07', 'p1', '2068', '', '1'),
(879, -88, '3', 1, '275', 2, '2018-01-07', '2018-01-07 17:09:58', 'm0', '103', 'مراجعة جديد', '50'),
(880, 100, '275', 2, '3', 1, '2018-01-07', '2018-01-07 17:11:22', 'p1', '2069', '', '1'),
(881, 50, '97', 2, '3', 1, '2018-01-07', '2018-01-07 17:12:13', 'p1', '2070', '', '1'),
(882, -300, '6', 1, '3', 1, '2018-01-07', '2018-01-07 17:13:50', 'm9', '708', 'ايجار المكتب', '2'),
(883, -209, '6', 1, '3', 1, '2018-01-07', '2018-01-07 17:14:52', 'm5', '709', 'و بروجيكتور', '2'),
(884, -3235, '6', 1, '3', 1, '2018-01-07', '2018-01-07 17:15:48', 'm4', '710', '12 - 1', '2'),
(885, 100, '236', 2, '3', 1, '2018-01-08', '2018-01-08 12:22:27', 'p1', '2071', '', '1'),
(886, 50, '144', 2, '3', 1, '2018-01-08', '2018-01-09 15:05:43', 'p1', '2072', '', '1'),
(887, -100, '6', 1, '4', 1, '2018-01-08', '2018-01-09 15:08:24', 'm1', '711', 'من 1 ', '2'),
(888, -50, '6', 1, '6', 1, '2018-01-08', '2018-01-09 15:10:05', 'm9', '712', 'ضيافة غذاء شيبسى ة بيبسى', '2'),
(889, -50, '6', 1, '3', 1, '2018-01-08', '2018-01-09 15:10:49', 'm2', '713', 'شحن', '2'),
(890, 150, '264', 2, '3', 1, '2018-01-09', '2018-01-10 14:11:29', 'p1', '2073', '', '1'),
(891, 200, '245', 2, '6', 1, '2018-01-10', '2018-01-10 14:12:43', 'p1', '2074', '', '1'),
(892, 200, '245', 2, '6', 1, '2018-01-10', '2018-01-10 14:12:43', 'p1', '2074', '', '1'),
(893, 100, '274', 2, '6', 1, '2018-01-10', '2018-01-10 14:14:49', 'p1', '2075', '', '1'),
(894, -100, '6', 1, '6', 1, '2018-01-09', '2018-01-10 14:18:36', 'm9', '714', 'غذاء تقفيل الحسابات', '2'),
(895, -200, '6', 1, '4', 1, '2018-01-09', '2018-01-10 14:20:42', 'm1', '715', 'من 1', '2'),
(896, -200, '6', 1, '2', 1, '2018-01-09', '2018-01-10 14:21:34', 'm1', '716', 'من 1', '2'),
(897, -45, '6', 1, '3', 1, '2018-01-10', '2018-01-12 13:08:48', 'm9', '717', 'خروج سنة اولى قهوة', '2'),
(898, -25, '6', 1, '2', 1, '2018-01-11', '2018-01-12 13:10:07', 'm10', '718', 'ورق فلوسكاب', '2'),
(899, -300, '6', 1, '4', 1, '2018-01-12', '2018-01-12 13:11:03', 'm1', '719', 'من 1', '2'),
(900, -200, '6', 1, '2', 1, '2018-01-12', '2018-01-12 13:12:03', 'm1', '720', 'من 1', '2'),
(901, -400, '6', 1, '2', 1, '2018-01-12', '2018-01-12 13:15:59', 'm9', '721', 'خروجة سنة 4', '2'),
(902, -15, '6', 1, '6', 1, '2018-01-12', '2018-01-12 13:17:12', 'm9', '722', 'رسوم كشف حساب البنك', '2'),
(903, -88, '3', 1, '276', 2, '2018-01-12', '2018-01-12 13:22:06', 'm0', '104', 'مراجعة جديد', '50'),
(904, 100, '276', 2, '3', 1, '2018-01-11', '2018-01-12 13:25:21', 'p1', '2076', '', '1'),
(905, -100, '6', 1, '3', 1, '2018-01-12', '2018-01-13 13:34:54', 'm1', '723', 'من 1', '2'),
(906, -50, '6', 1, '3', 1, '2018-01-12', '2018-01-13 13:36:05', 'm9', '724', 'باقى خروجة سنة 4', '2'),
(907, -100, '6', 1, '3', 1, '2018-01-14', '2018-01-15 16:21:55', 'm1', '725', 'من 1', '2'),
(908, -100, '6', 1, '4', 1, '2018-01-14', '2018-01-15 16:24:17', 'm1', '726', 'من 1', '2'),
(909, -200, '6', 1, '2', 1, '2018-01-14', '2018-01-15 16:25:40', 'm1', '727', 'من 1', '2'),
(910, -200, '6', 1, '6', 1, '2018-01-14', '2018-01-15 16:27:08', 'm1', '728', 'من 1', '2'),
(911, 1000000, '2', 2, '2', 1, '2018-01-31', '2018-02-07 06:50:02', 'p3', '213', '123123', '1'),
(912, -750, '3', 1, '2', 1, '2018-02-05', '2018-02-07 11:55:15', 'm12', 'iu', 'asd', '2'),
(914, -90, '1', 1, '4', 1, '2017-12-13', '2017-12-15 11:58:10', '99', '53', 'مراجعة جديد', '99'),
(915, -1000, '1', 1, '2', 1, '2018-02-15', '2018-02-07 18:37:45', '99', '23123', 'jkh\r\nasd\r\n', '99'),
(916, -1000, '6', 1, '1', 1, '2018-02-06', '2018-02-07 19:06:36', '99', '76857685', 'ii', '99'),
(917, -999, '4', 1, '6', 1, '2018-02-06', '2018-02-07 19:07:50', '99', '786', 'jkh', '99'),
(918, -7, '3', 1, '4', 1, '2018-02-21', '2018-02-07 19:09:24', '99', '76', '2', '99'),
(919, -700, '3', 1, '4', 1, '2018-02-21', '2018-02-07 19:11:14', '99', '76', '2', '99'),
(920, -900, '4', 1, '2', 1, '2018-01-31', '2018-02-08 01:20:33', '99', '123', 'e', '99'),
(921, -1500, '4', 1, '6', 1, '2018-02-14', '2018-02-08 02:35:18', 'm3', 'asdjkh', '.', '2'),
(922, 750, '2', 2, '2', 1, '2018-01-30', '2018-02-17 00:34:32', 'p1', '8', 'as', '1'),
(923, 750, '2', 2, '2', 1, '2018-01-30', '2018-02-17 00:36:53', 'p1', '8', 'as', '1'),
(924, 50, '286', 2, '1', 1, '2018-02-16', '2018-02-23 21:37:53', 'p1', '2e4', '213', '1'),
(925, -575, '2', 1, '2', 1, '2018-12-01', '2018-10-26 19:19:44', 'm3', '', '', '2');

-- --------------------------------------------------------

--
-- Structure for view `absall`
--
DROP TABLE IF EXISTS `absall`;

CREATE ALGORITHM=UNDEFINED DEFINER=`root`@`localhost` SQL SECURITY DEFINER VIEW `absall` AS select `students`.`stid` AS `stid`,`students`.`stname` AS `stname`,`students`.`stmob` AS `stmob`,`students`.`sttel` AS `sttel`,`students`.`stparenttype` AS `stparenttype`,`students`.`stparentname` AS `stparentname`,`students`.`stparentmob` AS `stparentmob`,`students`.`stemail` AS `stemail`,`students`.`staddress` AS `staddress`,`students`.`stnationalid` AS `stnationalid`,`students`.`styear` AS `styear`,`students`.`stterm` AS `stterm`,`students`.`stgroup` AS `stgroup`,`students`.`stbalance` AS `stbalance`,`material`.`matid` AS `matid`,`material`.`matname` AS `matname`,`material`.`matyear` AS `matyear`,`material`.`matterm` AS `matterm`,`absence`.`absid` AS `absid`,`absence`.`date` AS `date`,`absence`.`students_stid` AS `students_stid`,`absence`.`material_matid` AS `material_matid` from ((`absence` join `material` on((`material`.`matid` = `absence`.`material_matid`))) join `students` on((`absence`.`students_stid` = `students`.`stid`))) order by `absence`.`date` desc;

-- --------------------------------------------------------

--
-- Structure for view `prmatall`
--
DROP TABLE IF EXISTS `prmatall`;

CREATE ALGORITHM=UNDEFINED DEFINER=`root`@`localhost` SQL SECURITY DEFINER VIEW `prmatall` AS select `professors`.`prname` AS `prname`,`professors`.`prmob` AS `prmob`,`professors`.`prtel` AS `prtel`,`professors`.`prparentname` AS `prparentname`,`professors`.`premail` AS `premail`,`professors`.`prparentmob` AS `prparentmob`,`professors`.`prbalance` AS `prbalance`,`material`.`matyear` AS `matyear`,`material`.`matterm` AS `matterm`,`professors`.`prid` AS `prid`,`material`.`matid` AS `matid`,`material`.`matname` AS `matname` from ((`material` join `prmat` on((`material`.`matid` = `prmat`.`material_matid`))) join `professors` on((`prmat`.`professors_prid` = `professors`.`prid`)));

-- --------------------------------------------------------

--
-- Structure for view `stmatall`
--
DROP TABLE IF EXISTS `stmatall`;

CREATE ALGORITHM=UNDEFINED DEFINER=`root`@`localhost` SQL SECURITY DEFINER VIEW `stmatall` AS select `students`.`stname` AS `stname`,`students`.`stmob` AS `stmob`,`students`.`styear` AS `styear`,`students`.`stterm` AS `stterm`,`students`.`stgroup` AS `stgroup`,`students`.`stbalance` AS `stbalance`,`material`.`matname` AS `matname`,`material`.`matid` AS `matid`,`material`.`matyear` AS `matyear`,`material`.`matterm` AS `matterm`,`students`.`sttel` AS `sttel`,`students`.`stparenttype` AS `stparenttype`,`students`.`stparentname` AS `stparentname`,`students`.`stparentmob` AS `stparentmob`,`students`.`stemail` AS `stemail`,`students`.`staddress` AS `staddress`,`students`.`stnationalid` AS `stnationalid`,`students`.`stid` AS `stid` from ((`students` join `stmat` on((`students`.`stid` = `stmat`.`students_stid`))) join `material` on((`material`.`matid` = `stmat`.`material_matid`))) where (`stmat`.`status` = 1);

--
-- Constraints for dumped tables
--

--
-- Constraints for table `absence`
--
ALTER TABLE `absence`
  ADD CONSTRAINT `fk_absence_material1` FOREIGN KEY (`material_matid`) REFERENCES `material` (`matid`) ON DELETE NO ACTION ON UPDATE CASCADE,
  ADD CONSTRAINT `fk_absence_students1` FOREIGN KEY (`students_stid`) REFERENCES `students` (`stid`) ON DELETE NO ACTION ON UPDATE CASCADE;

--
-- Constraints for table `prmat`
--
ALTER TABLE `prmat`
  ADD CONSTRAINT `fk_prmat_material1` FOREIGN KEY (`material_matid`) REFERENCES `material` (`matid`) ON DELETE NO ACTION ON UPDATE CASCADE,
  ADD CONSTRAINT `fk_prmat_professors1` FOREIGN KEY (`professors_prid`) REFERENCES `professors` (`prid`) ON DELETE NO ACTION ON UPDATE CASCADE;

--
-- Constraints for table `stmat`
--
ALTER TABLE `stmat`
  ADD CONSTRAINT `fk_stmat_material1` FOREIGN KEY (`material_matid`) REFERENCES `material` (`matid`) ON DELETE NO ACTION ON UPDATE CASCADE,
  ADD CONSTRAINT `fk_stmat_students1` FOREIGN KEY (`students_stid`) REFERENCES `students` (`stid`) ON DELETE NO ACTION ON UPDATE CASCADE;

/*!40101 SET CHARACTER_SET_CLIENT=@OLD_CHARACTER_SET_CLIENT */;
/*!40101 SET CHARACTER_SET_RESULTS=@OLD_CHARACTER_SET_RESULTS */;
/*!40101 SET COLLATION_CONNECTION=@OLD_COLLATION_CONNECTION */;
