-- MySQL dump 10.13  Distrib 5.7.14, for Win64 (x86_64)
--
-- Host: localhost    Database: 5inarch
-- ------------------------------------------------------
-- Server version	5.7.14

/*!40101 SET @OLD_CHARACTER_SET_CLIENT=@@CHARACTER_SET_CLIENT */;
/*!40101 SET @OLD_CHARACTER_SET_RESULTS=@@CHARACTER_SET_RESULTS */;
/*!40101 SET @OLD_COLLATION_CONNECTION=@@COLLATION_CONNECTION */;
/*!40101 SET NAMES utf8 */;
/*!40103 SET @OLD_TIME_ZONE=@@TIME_ZONE */;
/*!40103 SET TIME_ZONE='+00:00' */;
/*!40014 SET @OLD_UNIQUE_CHECKS=@@UNIQUE_CHECKS, UNIQUE_CHECKS=0 */;
/*!40014 SET @OLD_FOREIGN_KEY_CHECKS=@@FOREIGN_KEY_CHECKS, FOREIGN_KEY_CHECKS=0 */;
/*!40101 SET @OLD_SQL_MODE=@@SQL_MODE, SQL_MODE='NO_AUTO_VALUE_ON_ZERO' */;
/*!40111 SET @OLD_SQL_NOTES=@@SQL_NOTES, SQL_NOTES=0 */;

--
-- Temporary view structure for view `absall`
--

DROP TABLE IF EXISTS `absall`;
/*!50001 DROP VIEW IF EXISTS `absall`*/;
SET @saved_cs_client     = @@character_set_client;
SET character_set_client = utf8;
/*!50001 CREATE VIEW `absall` AS SELECT 
 1 AS `stid`,
 1 AS `stname`,
 1 AS `stmob`,
 1 AS `sttel`,
 1 AS `stparenttype`,
 1 AS `stparentname`,
 1 AS `stparentmob`,
 1 AS `stemail`,
 1 AS `staddress`,
 1 AS `stnationalid`,
 1 AS `styear`,
 1 AS `stterm`,
 1 AS `stgroup`,
 1 AS `stbalance`,
 1 AS `matid`,
 1 AS `matname`,
 1 AS `matyear`,
 1 AS `matterm`,
 1 AS `absid`,
 1 AS `date`,
 1 AS `students_stid`,
 1 AS `material_matid`*/;
SET character_set_client = @saved_cs_client;

--
-- Table structure for table `absence`
--

DROP TABLE IF EXISTS `absence`;
/*!40101 SET @saved_cs_client     = @@character_set_client */;
/*!40101 SET character_set_client = utf8 */;
CREATE TABLE `absence` (
  `absid` int(10) NOT NULL AUTO_INCREMENT,
  `date` date NOT NULL,
  `students_stid` int(5) NOT NULL,
  `material_matid` int(4) NOT NULL,
  PRIMARY KEY (`absid`,`students_stid`,`material_matid`),
  KEY `fk_absence_students1_idx` (`students_stid`),
  KEY `fk_absence_material1_idx` (`material_matid`),
  CONSTRAINT `fk_absence_material1` FOREIGN KEY (`material_matid`) REFERENCES `material` (`matid`) ON DELETE NO ACTION ON UPDATE CASCADE,
  CONSTRAINT `fk_absence_students1` FOREIGN KEY (`students_stid`) REFERENCES `students` (`stid`) ON DELETE NO ACTION ON UPDATE CASCADE
) ENGINE=InnoDB DEFAULT CHARSET=utf8 COLLATE=utf8_unicode_ci;
/*!40101 SET character_set_client = @saved_cs_client */;

--
-- Dumping data for table `absence`
--

LOCK TABLES `absence` WRITE;
/*!40000 ALTER TABLE `absence` DISABLE KEYS */;
/*!40000 ALTER TABLE `absence` ENABLE KEYS */;
UNLOCK TABLES;

--
-- Table structure for table `expenses`
--

DROP TABLE IF EXISTS `expenses`;
/*!40101 SET @saved_cs_client     = @@character_set_client */;
/*!40101 SET character_set_client = utf8 */;
CREATE TABLE `expenses` (
  `exid` int(4) NOT NULL AUTO_INCREMENT,
  `exname` varchar(25) COLLATE utf8_unicode_ci NOT NULL,
  `exdesc` varchar(50) COLLATE utf8_unicode_ci NOT NULL,
  `excode` varchar(5) COLLATE utf8_unicode_ci NOT NULL,
  PRIMARY KEY (`exid`)
) ENGINE=InnoDB AUTO_INCREMENT=11 DEFAULT CHARSET=utf8 COLLATE=utf8_unicode_ci;
/*!40101 SET character_set_client = @saved_cs_client */;

--
-- Dumping data for table `expenses`
--

LOCK TABLES `expenses` WRITE;
/*!40000 ALTER TABLE `expenses` DISABLE KEYS */;
INSERT INTO `expenses` VALUES (1,'سلفة','','m1'),(2,'محمول','','m2'),(3,'راتب','','m3'),(4,'تصوير','','m4'),(5,'طباعة','','m5'),(6,'مواصلات','','m6'),(7,'دعاية','','m7'),(8,'مكافأة','','m8'),(9,'أخرى','','m9'),(10,'أدوات مكتبية','','m10');
/*!40000 ALTER TABLE `expenses` ENABLE KEYS */;
UNLOCK TABLES;

--
-- Table structure for table `material`
--

DROP TABLE IF EXISTS `material`;
/*!40101 SET @saved_cs_client     = @@character_set_client */;
/*!40101 SET character_set_client = utf8 */;
CREATE TABLE `material` (
  `matid` int(4) NOT NULL AUTO_INCREMENT,
  `matname` varchar(45) CHARACTER SET utf8 NOT NULL,
  `matyear` varchar(15) CHARACTER SET utf8 NOT NULL,
  `matterm` varchar(15) CHARACTER SET utf8 NOT NULL,
  PRIMARY KEY (`matid`)
) ENGINE=InnoDB AUTO_INCREMENT=37 DEFAULT CHARSET=utf8 COLLATE=utf8_unicode_ci;
/*!40101 SET character_set_client = @saved_cs_client */;

--
-- Dumping data for table `material`
--

LOCK TABLES `material` WRITE;
/*!40000 ALTER TABLE `material` DISABLE KEYS */;
INSERT INTO `material` VALUES (1,'مدخل إلى علم الأثار','1','first'),(2,'مقدمة في الأدب','1','first'),(3,'حفائر أثرية','1','first'),(4,'تاريخ اليونان ','1','first'),(5,'أثار بحر أيجة وأيطاليا','1','second'),(6,'أساطير ( أدب - فن )','1','second'),(7,'متاحف','1','second'),(8,'تاريخ فرعوني','1','second'),(9,'عمارة أغريقية','2','first'),(10,'نحت أغريقي','2','first'),(11,'فخار أغريقي','2','first'),(12,'تاريخ الرومان','2','first'),(13,'فن هللينستي ( عمارة -نحت )','2','second'),(14,'عملة أغريقية وهللينستية','2','second'),(15,'تاريخ هللينستي','2','second'),(16,'أثار فرعونية','2','second'),(17,'عمارة رومانية','3','first'),(18,'نحت روماني','3','first'),(19,'فخار روماني وقبطي','3','first'),(20,'مساحة مستوية','3','first'),(21,'تاريخ أمبراطورية رومانية مبكرة','3','first'),(22,'رسم وفسيفساء','3','second'),(23,'عملة رومانية وبيزنطية','3','second'),(24,'أثار أسلامية','3','second'),(25,'فن ولايات رومانية','3','second'),(26,'تاريخ مصر تحت حكم الأمبراطورية الرومانية','3','second'),(27,'أثار أسكندرية والدلتا 1','4','first'),(28,'أثار مصر في العصرين اليوناني والروماني','4','first'),(29,'تاريخ أمبراطورية رومانية متأخرة ','4','first'),(30,'حضارة أسكندرية ','4','first'),(31,'أثار بحرية وغارقة','4','first'),(32,'asdasd','4','second'),(33,'ترميم ','4','second'),(34,'أثار بيزنطية وقبطية','4','second'),(35,'أثار الوطن العربي في العصرين','4','second'),(36,'فنون صغرى','4','second');
/*!40000 ALTER TABLE `material` ENABLE KEYS */;
UNLOCK TABLES;

--
-- Table structure for table `prmat`
--

DROP TABLE IF EXISTS `prmat`;
/*!40101 SET @saved_cs_client     = @@character_set_client */;
/*!40101 SET character_set_client = utf8 */;
CREATE TABLE `prmat` (
  `prmatid` int(11) NOT NULL AUTO_INCREMENT,
  `professors_prid` int(4) NOT NULL,
  `material_matid` int(4) NOT NULL,
  PRIMARY KEY (`prmatid`,`professors_prid`,`material_matid`),
  KEY `fk_prmat_professors1_idx` (`professors_prid`),
  KEY `fk_prmat_material1_idx` (`material_matid`),
  CONSTRAINT `fk_prmat_material1` FOREIGN KEY (`material_matid`) REFERENCES `material` (`matid`) ON DELETE NO ACTION ON UPDATE CASCADE,
  CONSTRAINT `fk_prmat_professors1` FOREIGN KEY (`professors_prid`) REFERENCES `professors` (`prid`) ON DELETE NO ACTION ON UPDATE CASCADE
) ENGINE=InnoDB AUTO_INCREMENT=263 DEFAULT CHARSET=utf8 COLLATE=utf8_unicode_ci;
/*!40101 SET character_set_client = @saved_cs_client */;

--
-- Dumping data for table `prmat`
--

LOCK TABLES `prmat` WRITE;
/*!40000 ALTER TABLE `prmat` DISABLE KEYS */;
INSERT INTO `prmat` VALUES (207,1,1),(208,1,1),(209,1,2),(210,1,2),(211,1,3),(212,1,3),(213,1,4),(214,1,4),(215,1,5),(216,1,5),(217,1,6),(218,1,6),(219,1,7),(220,1,7),(221,1,8),(222,1,8),(223,1,9),(224,1,9),(225,1,10),(226,1,10),(227,1,11),(228,1,11),(229,1,12),(230,1,12),(231,1,13),(232,1,13),(233,1,14),(234,1,14),(235,1,15),(236,1,15),(237,1,16),(238,1,16),(239,1,17),(240,1,17),(241,1,18),(242,1,18),(243,1,19),(244,1,19),(245,1,20),(246,1,20),(247,1,21),(248,1,21),(249,1,22),(250,1,22),(251,1,23),(252,1,23),(253,1,24),(254,1,24),(255,1,25),(256,1,25),(257,1,26),(258,1,26),(259,1,27),(260,1,27),(261,1,28),(262,1,28),(7,2,1),(8,2,5),(9,2,9),(10,2,13),(11,2,17),(12,2,22),(13,2,27),(14,2,28),(15,2,32),(16,2,33),(61,3,31),(62,3,35),(63,3,3),(64,3,7),(29,4,6),(30,4,10),(31,4,11),(32,4,13),(33,4,18),(34,4,23),(35,4,24),(36,4,30),(37,4,36),(46,5,2),(47,5,6),(48,5,8),(49,5,16),(50,5,19),(51,5,20),(52,5,25),(53,5,34),(54,5,29),(205,7,1),(206,8,2);
/*!40000 ALTER TABLE `prmat` ENABLE KEYS */;
UNLOCK TABLES;

--
-- Temporary view structure for view `prmatall`
--

DROP TABLE IF EXISTS `prmatall`;
/*!50001 DROP VIEW IF EXISTS `prmatall`*/;
SET @saved_cs_client     = @@character_set_client;
SET character_set_client = utf8;
/*!50001 CREATE VIEW `prmatall` AS SELECT 
 1 AS `prname`,
 1 AS `prmob`,
 1 AS `prtel`,
 1 AS `prparentname`,
 1 AS `premail`,
 1 AS `prparentmob`,
 1 AS `prbalance`,
 1 AS `matyear`,
 1 AS `matterm`,
 1 AS `prid`,
 1 AS `matid`,
 1 AS `matname`*/;
SET character_set_client = @saved_cs_client;

--
-- Table structure for table `professors`
--

DROP TABLE IF EXISTS `professors`;
/*!40101 SET @saved_cs_client     = @@character_set_client */;
/*!40101 SET character_set_client = utf8 */;
CREATE TABLE `professors` (
  `prid` int(4) NOT NULL AUTO_INCREMENT,
  `prname` varchar(25) COLLATE utf8_unicode_ci NOT NULL,
  `prmob` varchar(11) CHARACTER SET utf8 NOT NULL DEFAULT '-',
  `prtel` varchar(11) CHARACTER SET utf8 NOT NULL DEFAULT '-',
  `prparentname` varchar(25) CHARACTER SET utf8 NOT NULL DEFAULT '-',
  `prparentmob` varchar(11) CHARACTER SET utf8 NOT NULL DEFAULT '-',
  `premail` varchar(40) CHARACTER SET utf8 NOT NULL DEFAULT '-',
  `prbalance` varchar(10) CHARACTER SET utf8 NOT NULL DEFAULT '-',
  `professorsappid` varchar(45) COLLATE utf8_unicode_ci DEFAULT NULL,
  `professorsapppw` varchar(45) COLLATE utf8_unicode_ci DEFAULT NULL,
  `professorsrole` int(11) DEFAULT NULL,
  PRIMARY KEY (`prid`),
  UNIQUE KEY `professorsappid_UNIQUE` (`professorsappid`)
) ENGINE=InnoDB AUTO_INCREMENT=9 DEFAULT CHARSET=utf8 COLLATE=utf8_unicode_ci;
/*!40101 SET character_set_client = @saved_cs_client */;

--
-- Dumping data for table `professors`
--

LOCK TABLES `professors` WRITE;
/*!40000 ALTER TABLE `professors` DISABLE KEYS */;
INSERT INTO `professors` VALUES (1,'عاصم محمد علي','01005551545','01280670145','محمد علي','01226114497','assem.mo.ali@gmail.com','1250','1','1',1),(2,'حسام الدين مصطفي السيد','01099663014','035367322','والدة حسام','01274499951','hossam.stam08@gmail.com','1750',NULL,NULL,NULL),(3,'محمد عاطف الحويطي','01272036763','-','عاطف الحويطي','01222513024','-','1750',NULL,NULL,NULL),(4,'اسلام منصور عبد الهادي','01274175461','-','والدة اسلام','01289356956','-','1750',NULL,NULL,NULL),(5,'احمد محمد عبدالرحمن','01026298049','-','والدة أحمد','-','a.abdelrahman.hr@gmail.com','1750',NULL,NULL,NULL),(6,'أسماء','01066023758','01288344904','-','','-','-','2','2',2),(7,'aheij','98','098','sfgsdfg','','','','32333','1111',3),(8,'aheij','98','098','','','','','32333q','1111',1);
/*!40000 ALTER TABLE `professors` ENABLE KEYS */;
UNLOCK TABLES;

--
-- Table structure for table `stmat`
--

DROP TABLE IF EXISTS `stmat`;
/*!40101 SET @saved_cs_client     = @@character_set_client */;
/*!40101 SET character_set_client = utf8 */;
CREATE TABLE `stmat` (
  `stmatid` int(10) NOT NULL AUTO_INCREMENT,
  `material_matid` int(4) NOT NULL,
  `students_stid` int(5) NOT NULL,
  `status` int(2) NOT NULL,
  PRIMARY KEY (`stmatid`,`material_matid`,`students_stid`),
  KEY `fk_stmat_material1_idx` (`material_matid`),
  KEY `fk_stmat_students1_idx` (`students_stid`),
  CONSTRAINT `fk_stmat_material1` FOREIGN KEY (`material_matid`) REFERENCES `material` (`matid`) ON DELETE NO ACTION ON UPDATE CASCADE,
  CONSTRAINT `fk_stmat_students1` FOREIGN KEY (`students_stid`) REFERENCES `students` (`stid`) ON DELETE NO ACTION ON UPDATE CASCADE
) ENGINE=InnoDB AUTO_INCREMENT=118 DEFAULT CHARSET=utf8 COLLATE=utf8_unicode_ci;
/*!40101 SET character_set_client = @saved_cs_client */;

--
-- Dumping data for table `stmat`
--

LOCK TABLES `stmat` WRITE;
/*!40000 ALTER TABLE `stmat` DISABLE KEYS */;
INSERT INTO `stmat` VALUES (9,3,374,1),(10,5,374,1),(11,6,374,1),(12,7,374,1),(13,8,374,1),(14,9,374,1),(15,10,374,1),(16,11,374,1),(17,12,374,1),(18,13,374,1),(19,14,374,1),(20,15,374,1),(21,16,374,1),(22,7,3,0),(23,8,3,0),(24,9,3,0),(25,10,3,0),(26,7,4,0),(27,8,4,0),(28,9,4,0),(29,10,4,0),(30,7,5,0),(31,8,5,0),(32,9,5,0),(33,10,5,0),(34,7,6,0),(35,8,6,0),(36,9,6,0),(37,10,6,0),(38,7,7,0),(39,8,7,0),(40,9,7,0),(41,10,7,0),(42,7,3,0),(43,8,3,0),(44,9,3,0),(45,10,3,0),(46,7,4,0),(47,8,4,0),(48,9,4,0),(49,10,4,0),(50,7,5,0),(51,8,5,0),(52,9,5,0),(53,10,5,0),(54,7,6,0),(55,8,6,0),(56,9,6,0),(57,10,6,0),(58,7,7,0),(59,8,7,0),(60,9,7,0),(61,10,7,0),(62,1,1,0),(63,2,1,0),(64,3,1,0),(65,1,2,1),(66,2,2,1),(67,3,2,1),(68,1,3,1),(69,2,3,1),(70,3,3,1),(71,1,4,1),(72,2,4,1),(73,3,4,1),(74,1,5,1),(75,2,5,1),(76,3,5,1),(77,1,6,0),(78,2,6,0),(79,3,6,0),(80,1,7,1),(81,1,1,1),(85,1,6,0),(86,2,6,0),(87,3,6,0),(88,1,6,0),(89,2,6,0),(90,3,6,0),(91,7,6,0),(92,8,6,0),(93,9,6,0),(94,10,6,0),(95,11,6,0),(96,12,6,0),(97,13,6,0),(98,14,6,0),(99,1,6,1),(100,2,6,1),(101,3,6,1),(102,7,6,1),(103,8,6,1),(104,9,6,1),(105,10,6,1),(106,11,6,1),(107,12,6,1),(108,13,6,1),(109,14,6,1),(110,5,6,1),(111,6,6,1),(112,15,6,1),(113,16,6,1),(114,17,6,1),(115,18,6,1),(116,19,6,1),(117,20,6,1);
/*!40000 ALTER TABLE `stmat` ENABLE KEYS */;
UNLOCK TABLES;

--
-- Temporary view structure for view `stmatall`
--

DROP TABLE IF EXISTS `stmatall`;
/*!50001 DROP VIEW IF EXISTS `stmatall`*/;
SET @saved_cs_client     = @@character_set_client;
SET character_set_client = utf8;
/*!50001 CREATE VIEW `stmatall` AS SELECT 
 1 AS `stname`,
 1 AS `stmob`,
 1 AS `styear`,
 1 AS `stterm`,
 1 AS `stgroup`,
 1 AS `stbalance`,
 1 AS `matname`,
 1 AS `matid`,
 1 AS `matyear`,
 1 AS `matterm`,
 1 AS `sttel`,
 1 AS `stparenttype`,
 1 AS `stparentname`,
 1 AS `stparentmob`,
 1 AS `stemail`,
 1 AS `staddress`,
 1 AS `stnationalid`,
 1 AS `stid`*/;
SET character_set_client = @saved_cs_client;

--
-- Table structure for table `students`
--

DROP TABLE IF EXISTS `students`;
/*!40101 SET @saved_cs_client     = @@character_set_client */;
/*!40101 SET character_set_client = utf8 */;
CREATE TABLE `students` (
  `stid` int(5) NOT NULL AUTO_INCREMENT,
  `stcode` varchar(20) COLLATE utf8_unicode_ci NOT NULL,
  `stname` varchar(25) COLLATE utf8_unicode_ci NOT NULL DEFAULT '-',
  `stmob` varchar(25) COLLATE utf8_unicode_ci NOT NULL DEFAULT '-',
  `sttel` varchar(11) COLLATE utf8_unicode_ci NOT NULL DEFAULT '-',
  `stparenttype` varchar(15) CHARACTER SET utf8 NOT NULL DEFAULT '-',
  `stparentname` varchar(25) CHARACTER SET utf8 NOT NULL DEFAULT '-',
  `stparentmob` varchar(22) CHARACTER SET utf8 NOT NULL DEFAULT '-',
  `stemail` varchar(25) CHARACTER SET utf8 NOT NULL DEFAULT '-',
  `staddress` varchar(30) CHARACTER SET utf8 NOT NULL DEFAULT '-',
  `stnationalid` varchar(14) CHARACTER SET utf8 NOT NULL DEFAULT '-',
  `sttype` int(2) NOT NULL,
  `sttype2` varchar(6) COLLATE utf8_unicode_ci NOT NULL,
  `styear` varchar(15) CHARACTER SET utf8 NOT NULL DEFAULT '-',
  `stterm` varchar(15) CHARACTER SET utf8 NOT NULL DEFAULT '-',
  `stgroup` varchar(25) CHARACTER SET utf8 NOT NULL DEFAULT '-',
  `stbalance` varchar(15) CHARACTER SET utf8 NOT NULL DEFAULT '-',
  PRIMARY KEY (`stid`)
) ENGINE=InnoDB AUTO_INCREMENT=516 DEFAULT CHARSET=utf8 COLLATE=utf8_unicode_ci;
/*!40101 SET character_set_client = @saved_cs_client */;

--
-- Dumping data for table `students`
--

LOCK TABLES `students` WRITE;
/*!40000 ALTER TABLE `students` DISABLE KEYS */;
INSERT INTO `students` VALUES (1,'','إيثار خالد منجد','01004358508','','والدة','والدة إيثار','01099807013','Etharkhaled@gmail.com','خالد ابن الوليد','29410050201841',1,'B','2','2','A','1740'),(2,'','روان عمرو مصطفي','01114502405','','والدة','والدة روان','01220841904','','فيكتوريا','29703150201641',1,'B','2','2','A','327.5'),(3,'','نور طارق رفعت','01005306580','','والد','طارق رفعت','01064215365','','بحري','29602060201021',2,'B','2','2','A','184'),(4,'','رضوى محمد علي','01121853666','','والدة','والدة رضوي','01225499933','','كليوبترا','29703070200686',1,'B','2','2','A','934'),(5,'','فريدة طارق ابراهيم','01145306415','','والدة','والدة فريدة','01001326081','','سموحة','29411250203682',2,'B','2','2','A','1309'),(6,'asd','بسنت حسن محمود','0112983536311','','والد','حسن محمود','01005370322','','محرم بيك','29608140200066',1,'B','2','2','A','-750'),(7,'','جهاد محمد احمد الشامي','01200778872','','والد','محمد احمد','01272926972','','العجمي','',2,'C','2','2','A','44'),(8,'','اية محمد مصطفي','01121297206','','والد','محمد مصطفي','01008447887','','','29706010203367',2,'B','5','1','A','0'),(9,'','ريهام محمود محمد','01202014341','','والد','محمود محمد','01284788825','','باكوس','29503030201605',1,'A','5','1','A','0'),(10,'','مصطفى عبدالفتاح صالح','01270072778','','والدة','والدة مصطفى','01116694910','','العجمي','29511129020025',2,'B','5','1','A','0'),(11,'','محمد محروس معوض','01023377105','','','','0','','فيكتوريا','',1,'B','5','1','A','0'),(12,'','رضوى محمود عمر','01210286736','','اخ','محمود عمر','01206053993','','العامريه','29507040200564',1,'B','5','1','A','0'),(13,'','مياده محمود محمد','01202975209','','والدة','والدة مياده','01280288552','','محرم بيك','29411130203522',1,'E','5','1','A','-650'),(14,'','جيرمين اشرف جورج','01212261546','','والدة','والدة جيرمين','01282421899','','محرم بك','29501270200549',2,'E','5','1','A','-650'),(15,'','مارتينا ثابت لبيب','01227310907','','والدة','والدة مارتينا','01271717312','','الورديان','29509110200489',1,'B','5','1','A','0'),(16,'','دميانه خليل عزمي','01278275233','','والدة','والدة دميانه','01281595469','','شارع الاهوازي ','29502130200286',2,'B','5','1','A','0'),(17,'','الاء نبيل عبدالوارث','01012710805','','والدة','والدة الاء','01204741626','','محرم بك','29507080201687',1,'B','5','1','A','0'),(18,'','دينا وائل محمد','01012776964','','والدة','والدة دينا','01009183864','','ستانلي','29508271601584',1,'B','5','1','A','0'),(19,'','سمر جمال شاكر','01201303598','','والدة','والدة سمر','01208804316','','سموحة','29506010205646',1,'B','5','1','A','0'),(20,'','ابانوب خلف سليمان','01274584806','','والد','خلف سليمان','01206296646','','خالد ابن الوليد','29504190200911',2,'B','5','1','A','0'),(21,'','نسمة علاء حسن','01287620665','','والد','علاء حسن','01223412618','','بولكلي','29504180201685',1,'B','5','1','A','0'),(22,'','اسماء عادل محمود','01121612694','','والدة','والدة اسماء','01013769747','','شدس','29410210201869',1,'E','5','1','A','-400'),(23,'','هدير سامي المبروك','01064094297','','والدة','والدة هدير','01148687799','','الازريطه','29406160204147',1,'B','5','1','A','0'),(24,'',' نهى عبدالخالق محمد','01017657964','','والدة','والدة نهى','01066037058','','فيكتوريا','',1,'B','5','1','A','0'),(25,'','عزت عادل صادق','01278232759','','صديق','ميرنا صديقه عزت','01220763252','','مطروح','29511193300093',1,'B','5','1','A','0'),(26,'','امنيه انور احمد ذكي','00127445963','','والد','والد امنيه','01003657080','','كوم الشقافه','29501010223987',2,'B','5','1','A','0'),(27,'','نرمين عادل احمد','00127174461','','والدة','والدة نرمين','01276383931','','العجمي','29702170200946',2,'B','5','1','A','0'),(28,'','يمنى حسام الدين محمد','01150077414','','والد','والد يمنى','01005200508','','سبورتنج','29604130200101',2,'B','5','1','A','0'),(29,'','ايه جمال محمد','01207064929','','والدة','والدة ايه','01270681994','','السيوف','',2,'B','5','1','A','0'),(30,'','يسرا محمد حسن خليفه','01100510894','','والدة','والدة يسرا','01223430751','','جمال عبدالناصر','29609010202527',2,'B','5','1','A','0'),(31,'','اسراء ابراهيم رشاد','01227391393','','والدة','والدة اسراء','01287655567','','محرم بك','29509010200406',1,'B','5','1','A','0'),(32,'','هاجر ابراهيم عبدالسلام','01010486525','','والد','هاجر ابراهيم','01010486525','','سيدي بشر','',1,'B','5','1','A','0'),(33,'','ميار ابراهيم مبارك','01122454191','','والدة','والدة ميار','01229014663','','فكتوريا','29506060202141',1,'B','5','1','A','0'),(34,'','لطيفه انور سعيد','01205294873','','والد','انور سعيد','01226459766','','محرم بك','29506150202507',1,'B','5','1','A','0'),(35,'','الاء اشرف فودة','01110115484','','والدة','والدة الاء','01004844331','','سموحه','29508230200362',1,'B','5','1','A','0'),(36,'','اشرقت على موسى','01098005211','','','','0','','سيدي بشر','',1,'B','5','1','A','0'),(37,'','شروق عبد الفتاح محمد','01276476167','','والدة','والدة شروق','01229307711','','السيوف','29503200200366',1,'B','5','1','A','0'),(38,'','روان محمد اسماعيل','01224310330','','والدة','والدة روان','0','','العصافره','',2,'B','5','1','A','0'),(39,'','دينا عصام محمد','01207227004','','والد','عصام محمد','01227950781','','خالد بن الوليد','29601218800222',1,'B','5','1','A','0'),(40,'','منتصر حسين محمد','01279949705','','والدة','والدة منتصر','01003363337','','سموجه','29501228800277',1,'B','5','1','A','0'),(41,'','رضوى خالد على ','01204741630','','والدة','والدة رضوى','01228115271','','السيوف','',2,'B','5','1','A','0'),(42,'','ندى طارق صلاح','01274166885','','والدة','والدة ندى','01155988114','','سان ستيفانو','29407170202688',1,'B','5','1','A','0'),(43,'','علياء شوقي محمد','01220875340','','والدة','والدة علياء','01002637076','','سموحه','29407010210765',1,'B','5','1','A','0'),(44,'','الشيماء محمد شحاته','01154613560','','والدة','والدة الشيماء','01203379921','','كرموز','29308300201486',1,'A','5','1','A','0'),(45,'','اريج اشرف ابراهيم','01112144364','','والدة','والدة اريج','01225845929','','فلمنج','29508030200465',2,'B','5','1','A','0'),(46,'','نورهان محمد سالم','01027210077','','والدة','والدة نورهان','01282796641','','باكوس','29409090202906',1,'B','5','1','A','0'),(47,'','ساره احمد فرغلى','01202833346','','والدة','والدة ساره','01063366246','','الهانوفيل','29405120203303',2,'B','5','1','A','0'),(48,'','هبةالله محمد بركات','01225508446','','والدة','والدة هبةالله','01207474110','','محرم بك','29509250200641',1,'B','5','1','A','0'),(49,'','ندى علاء الدين محمد','01001278948','','والدة','والدة ندى علاء الدين','01006957194','','الابراهيميه','',1,'B','5','1','A','0'),(50,'','خلود محمد حلمي','01205054775','','والدة','والدة خلود','01277425443','','سيدي بشر','29502060201549',1,'B','5','1','A','0'),(51,'','يوستينا وحيد رسمي','01226418622','','والد','وحيد رسمي','01288466617','','الناصريه القديمه','',1,'B','5','1','A','0'),(52,'','منةالله السيد حسن','01017876562','','والدة','والدة منةالله السيد','01283297265','','باكوس','29505050201221',1,'B','5','1','A','0'),(53,'','منى فتحي على حسانين','01281805070','','اخت','اخت منى','01011574187','','العصافره','29311270201801',1,'B','5','1','A','0'),(54,'','جهاد حسن على ','01280058852','','اخت','اخت جهاد','01011574187','','العصافره','29311280200446',1,'B','5','1','A','0'),(55,'','امنيه علي محمود','01220803953','','والد','على محمود','01206536182','','الورديان','29508110201683',1,'B','5','1','A','0'),(56,'','هبه محمد متولي','01228731337','01211588399','والدة','والدة هبه','01277453478','','الدخيله','29410080203147',2,'B','5','1','A','0'),(57,'','عبدالرحمن محمد رجب','01285187013','','والد','محمد رجب','01228762606','','مطروح','',1,'B','5','1','A','0'),(58,'','منةالله وجيه محمد','01273439849','','والد','وجيه محمد','01202763637','','سيدي بشر','',1,'B','5','1','A','-350'),(59,'','ايه السييد محمود حجازي','01275212023','','والد','السيد محمود','01279033454','','سيدي بشر','29507180200041',1,'B','5','1','A','0'),(60,'','نورهان صلاح حسن الحطيب','01005721590','','والد','صلاح حسن','01276101768','','خالد بن الوليد','29510170200826',1,'B','5','1','A','0'),(61,'','وفاء عصام عبدالمقصود','01225017909','','والدة','والدة وفاء','01007915594','','شدس','',1,'B','5','1','A','0'),(62,'','سمر عماد عبدالعزيز','01282029381','','والدة','والدة سمر','01221258508','','العجمي','29507221601889',1,'B','5','1','A','0'),(63,'','ميرنا احمد محمد عطيه','01229907929','','والدة','والدة ميرنا','01009119236','','العطارين','',1,'B','5','1','A','0'),(64,'','منه محمد عبدالرحيم محمد','01206483500','','والدة','والدة منه محمد','01200231695','','العجمي','29401150206263',1,'B','5','1','A','0'),(65,'','ياسمين صبري سيد','01000977812','','والدة','والدة ياسمين','01001973787','','محرم بك','29509200200488',1,'B','5','1','A','0'),(66,'','رانيا ابراهيم فتحي','01220491208','','والدة','والدة رانيا','01225405257','','راس التين','',1,'B','5','1','A','0'),(67,'','ميادة مصطفى حسن','01008745493','','','','0','','المندره','',1,'B','5','1','A','0'),(68,'','تقى كمال محمود','01019371572','','','','0','','محرم بك','29406010215302',2,'B','5','1','A','0'),(69,'','انجي حسين احمد','01202949356','','والدة','والده انجي','01211132209','','الساعه','29501010209186',1,'B','5','1','A','0'),(70,'','جديرة ابراهيم عبدالعزيز','01229907465','','والدة','والدة جديرة','01222568740','','السيوف','29301220200069',1,'E','5','1','A','-450'),(71,'','نورهان صلاح الدين محمد مظ','01223564541','','والدة','والدة نورهان','00128365533','','كليوباترا','',1,'B','5','1','A','0'),(72,'','محمد محمود شعبان','01061070880','','صديق','هلال','01280655779','','الحضره','',1,'B','5','1','A','0'),(73,'','رحاب احمد محمد حسن','01280272097','','والدة','والدة رحاب','01012504798','','الابراهيميه','',1,'B','5','1','A','0'),(74,'','فيفيان فارس فهمي','01222602466','','والدة','والدة فيفيان','01227695334','','لوران','',2,'E','5','1','A','-400'),(75,'','سيمون نبيل جمال','01220602247','','','','0','','','',1,'E','5','1','A','-400'),(76,'','منى محمد احمد','01226295742','','والدة','والدة منى','01270195648','','الملاحه','',1,'B','5','1','A','0'),(77,'','يوستينا طلعت جرجس','01228601981','','والد','طلعت','0','','الحضره','',1,'B','5','1','A','0'),(78,'','ساره عاطف محمد','01009760704','','والدة','','01001345771','','كليوباترا','29505140201425',1,'B','5','1','A','0'),(79,'','يمنى علي حسن','01281379427','','والدة','والدة يمنى','01281636554','','العصافرة','29502060201701',1,'B','5','1','A','0'),(80,'','ندى نادي محمد','01113986222','','والدة','والدة ندى','01067009903','','العصافرة','29506080200404',1,'B','5','1','A','0'),(81,'','سلمى مجدي عبدالله','01120391160','','والدة','والدة سلمى','01148645525','','محرم بك','',1,'B','5','1','A','0'),(82,'','دينا ناثان ناروز فرج','01273419395','','صديق','ميرنا صديقه دينا','01220763252','','العصافرة','29506012508441',1,'E','5','1','A','-400'),(83,'','ميرنا نادر يعقوب','01220763252','','والدة','والدة ميرنا','01273419395','','العصافرة','29507300201322',1,'B','5','1','A','0'),(84,'','ضحى حسن حنفى','01208746516','','والدة','','01226513786','','طوسون','29507150200608',2,'B','5','1','A','0'),(85,'','الاء عبدالمجيد الشيخ','01014797175','','والدة','','01099943362','','محرم بك','',1,'B','5','1','A','0'),(86,'','شروق جمال عبدالعال','01228498965','','والدة','','01280020789','','سموحه','29504190200148',1,'B','5','1','A','0'),(87,'','رضوى هاني عبدالفتاح','01279904448','','والدة','','01110054180','','ميامي','29511130200421',1,'B','5','1','A','0'),(88,'','نورهان صالح عبدالمولى','01288664346','','والدة','','01288664687','','ميامي','',1,'B','5','1','A','0'),(89,'','ساره فرج احمد','012279236329','','والدة','','01001670742','','القباري','29411290202042',1,'B','5','1','A','0'),(90,'','جان جمال سيدهم','01270170815','033533696','','','','','عصافرة','',1,'E','5','1','A','-400'),(91,'','ندى امين ذكي','01208488502','','والدة','','01273973797','','محلرم بك','22941007020101',1,'B','5','1','A','0'),(92,'','محمد سامي محمد','01282734169','','والد','سامي','01111013200','','عجمي','29401010231292',2,'B','5','1','A','0'),(93,'','ميشيل بولس فرحات','01207010790','','صديق','محمد','01282734169','','','',1,'B','5','1','A','0'),(94,'','ريهان نجاح عباس','01212675548','','اخ','محمد','01003741060','','','29402010212201',1,'B','5','1','A','0'),(95,'','مصطفى محمود محمد','01279752996','','','','','','محرم بك','',1,'B','5','1','A','0'),(96,'','ريهام ابراهيم الغرباوي','01064342184','','والدة','والدة ريهام','	01015904747','','فيكتوريا','29406071801905',2,'B','5','1','A','0'),(97,'','وسام عبد الفتاح عبد النبي','01212696741','','والدة','والدة وسام','01277043643','','فيكتوريا','29406071801905',1,'E','5','1','A','-250'),(98,'','  محمد مجدي محمود . امبرو','01201518764','','والد','مجدى محمود','01224008727','','محرم بك','29503110202271',2,'B','5','1','A','0'),(99,'','نغم السيد الحلواني','01200566231','','والدة','والدة نغم','01283814425','','جليم','',1,'E','5','1','A','-550'),(100,'','اسماء محمد رشاد','01283814425','','والد','محمد رشاد','01201341178','','جليم','29503140200621',2,'E','5','1','A','-450'),(101,'','احمد علي محمد علي .بسكوتة','01221404096','','والد','علي','01201518764','','محرم بك ','',2,'B','5','1','A','0'),(102,'','محمد فايز ابواليزيد','01157606399','','','','01022740200','','سيدي بشر','',2,'B','5','1','A','0'),(103,'','احمد محمود كامل. جمعة','01229011165','','','','','','محرم بك','',1,'B','5','1','A','0'),(104,'','ياسمين مصطفي فتحي','01144916211','','والد','مصطفي فتحي','01285025507','','سبورتنج','29505050200209',2,'B','5','1','A','0'),(105,'','اسماء علاء الدين خميس','01100550605','035272172','اخت','اسراء علاء','01147992243','','سيدي بشر','29412120204187',1,'B','5','1','A','0'),(106,'','وسيم عبد العزيز ابراهيم','01205567503','035680511','والدة','والدة وسيم','01271686335','','ابو قير','29312080200316',2,'B','5','1','A','-50'),(107,'','سلمى عرفان مصطفي','01283100489','','صديق','تقي كمال','01019371572','','ثروت','',1,'B','5','1','A','0'),(108,'','فاطمة الزهراء محمد علي','01008208908','033915214','والد','محمد علي','01275753397','','محرم بك','29509260202684',2,'B','5','1','A','0'),(109,'','شروق السيد الشاطبي','01202471927','','زوج','','01281720022','','','29509300206823',1,'B','5','1','A','0'),(110,'','عبدالرحمن نور الدين حسن','01142517546','','01221011165','','','','','',2,'B','5','1','A','0'),(111,'','طارق اشرف محمد','01125421687','','','والد','01276827534','','محرم بك','29407200202572',2,'B','5','1','A','0'),(112,'','ياسر محمد عمرو','01110975388','','','','','','','',1,'A','5','1','A','0'),(113,'','احمد شوقى ماضي','01153639333','034965141','والد','01222559669','','','محرم بك','29410150205673',2,'B','5','1','A','0'),(114,'',' مصعب سعد يس','01200334328','','','والد','01143224729','','القباري','',2,'B','5','1','A','0'),(115,'','ماريو نبيل فهيم','01227335557','033629459','','والد','01273315051','','غيط العنب','29610010211612',2,'B','5','1','A','0'),(116,'','نور احمد عادل','01223660846','','والدة','01226513707','','','فيكتوريا','',1,'B','5','1','A','0'),(117,'','سلمى حسن على','01018848660','','والدة','01007590293','','','فيكتوريا','29708310200702',1,'B','5','1','A','0'),(118,'','عبدالرحمن عزت عبدالمنعم','01205703101','034941177','والد','عزت','','','محرم بك','29709230200198',1,'B','5','1','A','0'),(119,'','امنيه سعيد عبدالباقي','01063164803','034805346','والد','01276101801','','','','29507190201402',1,'B','5','1','A','0'),(120,'','ندى محسن ابوباشا','01062099284','035400242','والدة','','01094155664','','ميامي','29707151601826',1,'B','5','1','A','0'),(121,'','باسم رضا اسماعيل','01270115285','','والد','رضا','01100173839','','','',2,'E','5','1','A','-150'),(122,'','هادي محمد خليل','01226965192','','والد','محمد خليل','01206044365','','','29509160201273',2,'A','5','1','A','-200'),(123,'','مي سالم ابو الفتوح','01277979642','','والدة','','01287528976','','العجمي','',2,'B','5','1','A','0'),(124,'','سيف الدين ايهاب','01273178910','','والدة','والدة سيف','01221482489','','','29502150202633',1,'B','5','1','A','-275'),(125,'','هاجر احمد ابراهيم','01226952089','','والدة','والدة هاجر','01220368968','','','29708250202221',1,'B','5','1','A','0'),(126,'','كيرلس زكريا بخيت','01226657676','','والد','زكريا','01275886632','','','29506160200412',2,'B','5','1','A','0'),(127,'','انطوني عزت عدوي','01286909262','','والد','عزت','01224219315','','','',2,'E','5','1','A','-150'),(128,'','محمد احمد المرغني','01287914459','','والدة','والدة محمد','01069338032','','','29509300204359',2,'E','5','1','A','-450'),(129,'','ايه حسن محمد مخيمر','01115033209','','والد','حسن محمد','01223462536','','طوسون','',1,'E','5','1','A','-650'),(130,'','علا خميس السيد','01285444719','','والدة','','01201261513','','مطار النزهه','',2,'E','5','1','A','-650'),(131,'','اسراء محمود عبدالحليم','01025804836','','والدة','','01274376199','','المندره','39411140303343',2,'E','5','1','A','-650'),(132,'','محمد محمود محمد باشا','01115655290','','','','','','','',1,'B','5','1','A','0'),(133,'','روان عبدالله الماضي','01146629820','034200645','والدة','والدة روان','','','امبروزو','29502040202328',1,'B','5','1','A','0'),(134,'','لبنى محمود احمد','01224759811','','والد','محمود احمد','01287215395','','محرم بك','29505050200829',1,'E','5','1','A','-450'),(135,'','ايه اشرف محمود','01278143490','','والد','اشرف','01221224456','','راس التين','29504008021025',1,'B','5','1','A','-50'),(136,'','امنيه غريب محمود','01211640130','','والدة','والدة امنية','01220936783','','ورديان','',1,'E','5','1','A','-650'),(137,'','هبه محمد الحديدي','01015720420','','والدة','والدة هبه','01060473365','','الورديان','',1,'E','5','1','A','-650'),(138,'','حسام عبدالباسط السيد','01278890712','','والدة','والدة حسام','01204563581','','محرم بك','29507150200195',2,'E','5','1','A','-650'),(139,'','فاطمه محمد عبداللاه','01203573454','','اخت','','01282177944','','سيوف','29609290200567',1,'B','5','1','A','0'),(140,'','بسنت يحي زكريا عوض','01065436775','035826974','والدة','','01091032552','','فلمنج','29507100200445',1,'B','5','1','A','0'),(141,'','مها مدحت محمد','01207337358','','والدة','','01278786133','','الازاريطه','29402210202242',2,'B','5','1','A','0'),(142,'','ايه احمد عادل','01211646021','','والد','احمد','01227001771','','العجمي','29602280200408',2,'B','5','1','A','0'),(143,'','اميره حمدي محمود','01205534433','035005260','والد','01284791465','','','الظاهريه','',1,'B','5','1','A','0'),(144,'','محمد كمال عبدالمنعم','01202516543','034340096','والد','كمال','01227810445','','العجمي','29508100202614',1,'B','5','1','A','0'),(145,'','بسنت سمير متولي ','01210606203','035265096','والدة','','01224571214','','ابراج عثمان','29504060201061',2,'B','5','1','A','0'),(146,'','نورهان طارق الهامي','01144998649','','والدة','','01224359465','','','29403270202744',2,'B','5','1','A','0'),(147,'','ياسمين احمد السيد','01226810910','033938047','والد','احمد','01119293859','','محرم بك','29607070203066',2,'B','5','1','A','0'),(148,'','خلود على محمود','01114778446','035221877','والدة','','01003766301','','العجمي','29501030200584',2,'B','5','1','A','0'),(149,'','رنا عزيز ابراهيم','01225922582','','والد','ابراهيم','01228585248','','الابراهيميه','',1,'B','5','1','A','0'),(150,'','ريم سمير محمود','01280662895','','والد','سمير','01091107499','','الاقبال','',1,'E','5','1','A','-400'),(151,'','مصطفى محمد فراج','01220259030','','والدة','','01201484831','','سيدى بشر','29409010213759',2,'B','5','1','A','-100'),(152,'','شريهان محمد محمد','01100080754','','والد','محمد','','','محملرم بك','39413310301510',2,'E','5','1','A','-300'),(153,'','بديع محمد عبدالمنعم','01278366991','034856249','والد','','','','الجمرك','29401010238777',2,'E','5','1','A','-150'),(154,'','حبيبه محمد حسن','01211028806','','والدة','','01206898442','','العصافره','29501080200526',1,'B','5','1','A','0'),(155,'','هاجر السيد محمد','01123310229','','والدة','','01208394669','','سيدي جابر','29502200202028',2,'B','5','1','A','0'),(156,'','مي حامد عطا','01203092431','','والدة','','01276521818','','فيكتوريا','29508030300627',1,'B','5','1','A','0'),(157,'','هدير خالد احمد','01110007449','','والدة','','01281225703','','الابراهيميه','',1,'E','5','1','A','-650'),(158,'','مي سعيد محمود','01278692202','','والدة','','01273049445','','سبورنج','',1,'E','5','1','A','-650'),(159,'','ندى صابر عامر ','01203023351','','والد','','01222230097','','عجمي','29608300201382',1,'B','5','1','A','0'),(160,'',' رقيه لطفى محمد','01126324129','','والدة','','','','الساعه','29601290200566',1,'B','5','1','A','0'),(161,'','محمد سعيد فتحي','01221689298','','والدة','','01283894634','','شارع الصاوي','29508200200323',2,'B','5','1','A','-100'),(163,'','علا كامل نوح','','','','','','','','',2,'B','5','1','A','0'),(164,'','احمد حمدي محمد','01275336951','','والد','','01278326735','','العصافرة','29508200200899',1,'B','5','1','A','0'),(165,'','صبا اشرف محمد','01064104458','','والدة','','01095313391','','ميامي','29606211201007',1,'B','5','1','A','0'),(166,'','محمد احمد محمد ابوزيد داج','01277066061','','والد','','01278127335','','راغب','29303300200551',1,'E','5','1','A','-450'),(167,'','منه الله محمد حسنين','01203514949','','والدة','','01114554700','','سيدي بشر','',1,'B','5','1','B','0'),(168,'','محمد هشام مصطفى','01201897178','','والد','هشام','01005103018','','العجمي','29507030201856',1,'B','5','1','B','0'),(170,'','جويريه محمد غلاب ','01008107012','','','والد','01118855897','','سبورتنج','',2,'B','5','1','B','0'),(171,'','ميار صديق عبدالفتاح','01151558411','','والد','','01203361367','','سيدي بشر','',1,'E','5','1','B','-400'),(172,'','يارا اشرف عبدالروؤف','01289614866','','والده','','01008424169','','السيوف','29501190200823',1,'E','5','1','B','-350'),(173,'','هايدي سمير خله','01201643230','','والد','','01223311834','','فيكتوريا','',1,'B','5','1','A','-150'),(174,'','ياسمين خميس نجيب','01286516531','','والدة','','01122271353','','سيدي بشر','29505310200542',1,'B','5','1','B','0'),(175,'','بشاير حسن كامل','01019922778','','والد','','01001077937','','العطارين','29508020201145',1,'B','5','1','B','0'),(176,'','نورهان على صالح','01014742967','','والد','','01275956343','','حجر النواتيه','',1,'B','5','1','B','0'),(177,'','محمد حسن السيد','01276346104','','والد','','01201065873','','الازريطه','29508160200815',2,'B','5','1','A','0'),(178,'','ميرولا مكرم سليمان','01278915401','','والدة','','01272912201','','محرم بك','',2,'B','5','1','A','0'),(179,'','ايات احمد احمد خميس','01010151674','','والدة','','','','بحيره','29406041802524',1,'E','5','1','A','-650'),(180,'','منه الله محمود السيد','01220118759','','والدة','','01274442831','','القباري','29507070200283',1,'E','5','1','A','-450'),(181,'','عزام محمد اسماعيل','01149867474','035214768','والدة','سميره','01152522745','','كليوباترا','29801012733595',1,'B','5','1','A','0'),(182,'','ليندا مروان يوسف','01281768015','','والد','','01288078709','','سيدي بشر','29508300200365',1,'A','5','1','B','0'),(183,'','بسنت صالح عبداللطيف','01201901865','','والدة','','01002684041','','محرم بك','',1,'B','5','1','B','-200'),(184,'','ايمان عزت احمد ','01202996507','','والدة','','01202996507','','الاكاديمية','29509161702527',1,'E','5','1','B','-400'),(185,'','غادة احمد محمد فرج','01149365514','','والدة','','01017766042','','لوران','29409300212501',1,'B','5','1','B','0'),(186,'','احمد فؤاد مصطفى','01212736723','','والد','','01289053544','','عوايد','29510180201154',2,'E','5','1','A','-650'),(187,'','ياسين عبدالمنصف كمال','01297448071','','والد','','01283461709','','ابويوسف','',2,'E','5','1','A','-650'),(188,'','باسنت محمد محمد','01148689996','033305860','والدة','','01204012056','','الهانوفيل','',1,'B','5','1','B','0'),(189,'','مي هاني محمد الخطيب','01201627643','035772261','والدة','','01156693042','','لوران','94070160204402',2,'B','5','1','B','0'),(190,'','نوران محمد جاد','01094794738','','صديق','','01226490783','','مرغم','29501170200789',2,'E','5','1','B','-400'),(191,'','مها هشام ممدوح','01275324403','','والدة','','01228602949','','ابويوسف','29604280200125',1,'B','5','1','B','0'),(192,'','مصطفى رمضان سعد','01201781351','','والدة','','01220197808','','عصافرة','29503088800339',2,'A','5','1','B','0'),(193,'','نهى محمود احمد','01150079494','035055484','والدة','','01226598726','','حجر النةاتيه','29500701025022',1,'B','5','1','B','0'),(194,'','شاهندة محمد رجب','01223948557','','اخت','','01279820262','','بحري','29403310202084',1,'A','5','1','A','0'),(195,'','باسنت احمد عزت ','01060607971','','والدة','','01223948557','','العجمي','29410240202142',1,'A','5','1','A','0'),(196,'','نرمين محمد علي','01025416414','035406375','','','01284002812','','ميامي','29509180200664',2,'E','5','1','B','-450'),(197,'','نورهان عادل جابر ','01270115505','','والدة','','01270115521','','فيكتوريا','29501050202362',2,'E','5','1','B','-400'),(198,'','مروة السيد رجب ','01207258933','','والدة','','01228461451','','البيطاش','29810010203229',2,'B','5','1','A','0'),(199,'','ساره نصر محمود','01210513829','03303445','والدة','','01283441704','','السيوف','',1,'A','5','1','A','0'),(200,'','رحمه ابراهيم السيد','01270555149','','والدة','','01100603484','','سموحه','29503010204489',1,'E','5','1','A','-50'),(201,'','ايه عبدالسلام','01121849201','','والدة','','01202018515','','فيكتوريا','',1,'A','5','1','A','0'),(202,'','ندى اشرف محمد','01224338449','','والدة','','01285053273','','كليوباترا','29811220201667',1,'B','5','1','A','0'),(203,'','رضوى صلاح الدين حنفي','01224353634','','والدة','','01090222509','','ساباباشا','29709170200525',1,'B','5','1','A','0'),(204,'','ساره مجدي احمد ','01025486641','','والدة','','','','الجمرك','29609150201261',1,'E','5','1','A','-650'),(205,'','لوجين السيد  ابراهيم ','01129880144','035494097','والدة','','01111780333','','ميامي','29805220200288',2,'B','5','1','A','0'),(206,'','شيماء احمد محمد','01222927305','','اخت','','01287440616','','كليوباترا','29807220200221',2,'E','5','1','A','-650'),(207,'','ميار محسن عبدالعزيز','01277695355','','والد','','01276069975','','البيطاش','',1,'B','5','1','A','0'),(208,'','محمود مفيد ابوسعيفه','01270825865','','والد','','01001815065','','العجمي','29701078800493',2,'B','5','1','B','0'),(209,'','امجد محمد عبدالستار','01286880344','','والد','','01005632390','','خورشيد','',2,'B','5','1','B','0'),(210,'','نجوى سعيد محمد ','01009509741','','والدة','','01065566327','','الابراهيمية','',2,'B','5','1','A','0'),(211,'','شاهندة صالح على ','01206279569','','والدة','','01229071339','','سيدي بشر','',1,'B','5','1','B','-300'),(212,'','عبدالله محمد ابراهيم','01211397759','','والد','','01280042001','','البحيرة','29803011819294',2,'B','5','1','A','0'),(213,'','عبدالرحمن عيد ابراهيم','01287213246','034354797','والدة','','01223785499','','البيطاش','29805100200152',2,'E','5','1','A','-650'),(214,'','احمد انور محمد الشناوي','01144744515','','والد','','01064959492','','العوايد','29502100201156',1,'E','5','1','A','-600'),(215,'','محمد شعبان قطب','01022855825','','والدة','','01228890793','','سيدي بشر','29507190200759',2,'E','5','1','A','-150'),(216,'','منه الله سعيد راشد','01220224351','','والدة','','01203455262','','العصافرة','29401210202467',1,'B','5','1','B','0'),(217,'','منه الله فتحى عبدالرحمن','01204822821','','زوج','','01225138423','','العجمي','',1,'B','5','1','B','0'),(218,'','شيرين محمد يحي','01007721064','','','','','','الابراهيمية','',1,'E','5','1','B','-400'),(219,'','دينا محمد نجيب','01010052706','','والدة','','01272929968','','','29703160201029',1,'B','5','1','A','0'),(220,'','نادين محمد اشرف','01280429092','','والد','','01226179753','','بحري','29806018800407',1,'B','5','1','A','0'),(221,'','ساره محمد عبدالعزيز','01212230395','','والدة','','01223402911','','البيطاش','',1,'B','5','1','B','0'),(223,'','اشرقت بهاء','','','','','','','','',1,'B','5','1','A','0'),(224,'','اميرة محمد احمد','01274946964','','والدة','','01024004957','','','29605140200806',1,'B','5','1','A','0'),(225,'','نادين سعد احمد','01206607619','','والدة','','01288224263','','','29806300200706',1,'B','5','1','A','0'),(227,'','رنا أبراهيم محمد','01006947177','','والد','أبراهيم محمد','01063124551','rana_roro42@yahoo.com','سبورتنج شارع الزهري','',1,'E','5','1','A','-300'),(228,'','دنيا ابراهيم السعدني','01203920723','','والدة','','01091628438','','العجمي','29509200200682',1,'E','5','1','A','-300'),(229,'','شروق ياسر مرشدي','01010790503','','والد','','01001678942','','','29511160101681',1,'B','5','1','A','0'),(230,'','خالد خميس محمد','01278503235','','والد','','01010938010','','العصافرة','29505030200947',2,'B','5','1','A','-150'),(231,'','احمد عبدالقادر السيد','01003355514','','والد','','01200876910','','سيدي بشر','',1,'B','5','1','A','0'),(232,'','هشام علي محمد','01279889413','','والد','','01227053844','','شركة البلاستك','29503150201137',1,'B','5','1','A','0'),(233,'','حسن محمد حسن','01201743969','','والد','','01286175384','','سموحه','29807230200653',1,'B','5','1','A','0'),(234,'','محمد محمود محمد القصري','01203133627','','والدة','','01220459984','','الحضرة','29803010201751',1,'B','5','1','A','0'),(235,'','هاجر حمدي محمد','01287653285','','والدة','','01157209951','','محمد فريد','29806280200925',2,'B','5','1','A','0'),(236,'','منه الله محمد راغب','01222222794','','والدة','','01128005050','','محرم','',1,'E','5','1','A','-650'),(237,'','الاء على محمد','01280601547','','والدة','','01223805829','','محرم بك','29903160200404',1,'E','5','1','A','-650'),(238,'','منى السيد فرج','01271214743','','والدة','','01273255018','','','',1,'B','5','1','B','0'),(239,'','ساره علاء الدين عابد','01060026401','','والدة','','01145503010','','العيسوي','29505108800147',1,'B','5','1','B','0'),(240,'','مي هاني شحاته','01007184899','','والدة','','01116835193','','سيدي جابر','29506158800341',1,'E','5','1','B','-450'),(241,'','مي محمود عابدين','01092115533','','والدة','','01092039737','','كامب شيزار','29501160201825',1,'B','5','1','B','0'),(242,'','عبدالرحمن طه السيد ','01270446591','','والد','','01289161029','','عزبة محسن','29408080204319',2,'E','5','1','B','-300'),(243,'','ايهاب محمد محمد','01277529828','','','','01223265507','','المنزلاوي','29503260200055',2,'B','5','1','B','0'),(244,'','ساره مدحت سعد ','01203000433','','والد','','01203000411','','سيدي بشر','29409150206183',2,'B','5','1','A','0'),(245,'','الاء صالح محمد','01063821253','','والدة','','01283024812','','القباري','29312200201401',1,'B','5','1','B','0'),(246,'','هاجر محمد خميس','01021235209','','والد','','01092462545','','ابويوسف','29804290200483',1,'E','5','1','A','-650'),(247,'','تقى علاء الدين على ','01110053753','035458692','والد','','01115334418','','الابراهيمية','29409011814381',1,'E','5','1','A','0'),(249,'','ايمان احمد عبد الحق','01220827363','','عمي','01223458865','','','ميامي','29409130202483',1,'E','5','1','A','0'),(250,'','عمر صبري سليمان','01284862506','','والدة','','01277028406','','الابراهيمية','29512190200116',2,'B','5','1','A','-50'),(251,'','رضوى احمد فريد','01095014107','','والد','','','','بحري','',1,'E','5','1','A','-150'),(252,'','محمود السيد مغازي','01120420431','','والد','','','','سيدي بشر','29509190200891',1,'E','5','1','A','-450'),(253,'','مصطفى حسين محمد','01279234996','','والدة','','01278577080','','باكوس','29409150205675',2,'E','5','1','A','-300'),(254,'','سلمى شريف الحسيني','01122421781','','والدة','','01122431836','','العصافرة قبلي','',2,'B','5','1','A','0'),(255,'','نوال عادل السيد','01273181009','','والدة','','01207968898','','محرم بك','',1,'B','5','1','A','-100'),(256,'','ميار طارق محمد','01097101218','','والدة','','01222938054','','جناكليس','29502050201923',2,'B','5','1','B','0'),(257,'','دعاء محمد عبدالرازق','01271670187','','اخت','','01208829973','','العامرية','29807260200968',2,'E','5','1','A','-650'),(259,'','احمد فتحي عبده','01061513649','','والد','','01148026419','','خليل حمادة','29508060200753',1,'E','5','1','A','-650'),(260,'','كريم احمد محمود','01225405554','','اخت','','01223151610','','مندرة','',2,'E','5','1','A','-650'),(261,'','دولت احمد محمود','01274600356','','والد','','01193206070','','عصافرة','29501010221241',1,'B','5','1','A','0'),(262,'','عمر فتحي محمد','01200210199','','صديق','','01284016693','','','29406280202415',2,'B','5','1','A','0'),(263,'','نورهان محمد موسى','01277985853','','والدة','','01282841766','','الابراهيمية','29803280200829',1,'B','5','1','A','0'),(264,'','شيرين علاء توفيق','01122337084','033574057','والدة','','01227583915','','سيدي بشر ','29806010202924',2,'E','5','1','A','0'),(265,'','حبيبه احمد محمود','01062559525','','والدة','','01023368391','','سموحه','29803270200588',2,'B','5','1','A','0'),(266,'','محمد احمد شكري','01284948525','','والدة','','01224733415','','ميامي','29612010206019',2,'E','5','1','A','-650'),(267,'','رقيه صلاح الدين محمد','01023448663','','والد','','01001236102','','فيكتوريا','29409270204702',1,'E','5','1','A','-650'),(268,'','هاجر فؤاد على','01100044765','','','','01287700066','','','29609100202241',1,'B','5','1','A','0'),(269,'','فادي عاطف عبدالفتاح','01111232246','','والد','','01223486494','','المنشية','29410190202898',1,'E','5','1','A','-650'),(270,'','ياسين عبد المنصف كمال ','01288200735','03582452','والد','','','','العجمي','29601150200591',2,'E','5','1','A','-300'),(271,'','محمود عبدالوهاب مبروك','01279343539','','والد','','01065446002','','باكوس','29707070202714',1,'E','5','1','A','-650'),(272,'','محمد سعيد ابوزيد','01285710461','','والد','','01227363740','','عزبة محسن','29508090201932',1,'B','5','1','A','0'),(273,'','سامية يوسف حمدالله','01223816815','','والدة','','01221556748','','الساعة','',1,'B','5','1','B','0'),(274,'','السيد اشرف السيد','01211026380','','والد','','','','المندرة','29809201504816',1,'B','5','1','A','0'),(275,'','سارة حمزه محمد ','01158234946','','والدة','','01011771854','','فلمنج','',1,'E','5','1','B','-650'),(276,'','امنية عادل احمد ','01276457401','','زوج','','01122295550','','العامرية','29602100201444',2,'B','5','1','B','0'),(277,'','مؤمن محمد ذكي','01212797825','','والد','','01205329124','','الدخيلة','',2,'B','5','1','A','0'),(278,'','عمر طارق جمال ','01288398672','035246770','','والدة','01224865689','','سيدي بشر','29702220103092',2,'B','5','1','A','0'),(279,'','امنية سعيد احمد محمد ','01288973315','035229892','','والدة','01288973316','','','29506120200208',1,'B','5','1','A','0'),(280,'','رضوى محمود خميس','01017736796','035369499','','والدة','01282978707','','العجمي','29710070200241',2,'E','5','1','A','-650'),(281,'','دعاء سليمان محمود','01220450023','','والد','','01112029093','','محرم بك','29109070200521',1,'B','5','1','A','0'),(282,'','اسراء عبدالحميد احمد بخيت','01111839100','','والدة','','01282837966','','ميامي','29701010224303',1,'B','5','1','A','0'),(284,'','زينب بدوي السيد','01093272298','','والدة','','01061017807','','المطار','29809280201527',1,'C','5','1','A','0'),(285,'','يوستينا ماهر','01270840513','033688222','والدة','','01224554628','','','',2,'E','5','1','A','-300'),(286,'','هاجر انور مصطفى','01285876455','','والد','','01200513116','','','29803130200961',2,'C','5','1','A','0'),(287,'','ندى حمدي على','01283253146','','والد','','01276157335','','الورديان','29603150200143',2,'C','5','1','A','0'),(288,'',' سمر محمد عبداللطيف حماد','01279410921','','اخت','','01159385254','','العجمي','',2,'C','5','1','A','0'),(289,'','ندى رمضان عبدالنبي','01288710970','033618501','والدة','','01280950677','','','29802020200721',2,'C','5','1','A','-150'),(290,'','نسمة محمد معوض','01288713477','','والد','','','','كرموز','',1,'C','5','1','A','0'),(291,'','معتز صابر البرنس','01289928686','','والدة','','01276085040','','العطارين','29801210201272',1,'C','5','1','A','0'),(292,'','اميمة عبدالله السيد','01153940101','','والدة','','01229599576','','','39713180300648',2,'C','5','1','A','0'),(293,'','نورهان محمد عبدالرازق','01148439825','','والد','','01063776131','','العوايد','29807150201128',2,'C','5','1','A','0'),(294,'','اسراء ياسر محمد','01121744690','035557175','والدة','','01150569642','','سيدي بشر','',1,'C','5','1','A','0'),(295,'','دنيا جمال محمودياقوت','01091723738','034200147','والدة','','01016045084','','الابراهيمية','',1,'C','5','1','A','0'),(296,'','سارة هشام محمد','01229517356','','','','01227739004','','الابراهيمية','',1,'C','5','1','A','0'),(297,'','فادي وجدي كامل','01203808545','034209083','والدة','','01221305597','','سموحة','29610290201634',2,'C','5','1','A','0'),(298,'',' .محمد احمد شكري','01284948525','','والدة','','01224733415','','ميامي','29612010206019',2,'C','5','1','A','-150'),(299,'','نادين اشرف كمال','01212813014','','والدة','','01282880380','','مسجد سبطان ','29712290200309',2,'C','5','1','A','0'),(300,'','محمد صلاح الدين فتح الله','01150477133','034864509','والد','','','','الجمرك','29501220200912',2,'C','5','1','A','0'),(301,'','سلمى عصام شعبان','01205930436','','والدة','','01288599267','','محطة الرمل','39613338800184',2,'C','5','1','A','0'),(302,'','روميسة صالح ابراهيم','01210738216','','والدة','','01006905957','','المندرة','29806200201985',2,'C','5','1','A','0'),(303,'','عنان وائل محمد','01025118566','035261874','والدة','','01113352539','','السيوف','29807010203601',2,'C','5','1','A','0'),(304,'','.دعاء محمد عبد الرازق','01271670187','','اخت','','01208829973','','العامرية','',2,'C','5','1','A','0'),(305,'','ندى حسن عبدالرحمن','01272899807','','والد','','01223335272','','السيوف','29710010208421',1,'E','5','1','A','-300'),(306,'','اسماء مصطفى محمود','01000097493','','','','01212101330','','','',2,'E','5','1','B','-300'),(307,'','ايمن السيد السيد عبد الدا','01278995238','','والد','','01227629589','','فلمنج','',1,'E','5','1','A','-300'),(308,'','سارة احمد عبداللطيف','01126639662','','والدة','','01065005165','','جناكليس','29210260200945',2,'C','5','1','A','0'),(309,'','يسرا محمد خميس','01114315216','','والدة','','01229726322','','البيطاش','',2,'C','5','1','A','0'),(310,'','ايه صلاح محمد','01212552036','','والدة','','01287012052','','العجمي','29506090200046',2,'C','5','1','B','-300'),(311,'','اسراء مصطفى فياض','01019191025','035277868','والدة','','01221239952','','','',2,'C','5','1','B','0'),(312,'','.مي سعيد محمود','01278692202','','والدة','','01276768236','','سبورتنج','',1,'E','5','1','A','-300'),(313,'','.هدير خالد احمد','01100074494','035915404','والدة','','01281220573','','الابراهيمية','',1,'E','5','1','A','-300'),(314,'','نيرة علاء الدين','01091440046','035451571','والدة','','01224067837','','سيدي جابر','',1,'E','5','1','A','0'),(315,'','علا محمود فوزي','01152291210','','والدة','','	01288875098','','االسيوف','',1,'C','5','1','B','0'),(316,'','يارا خيري انيس','01096145732','','والدة','','	01005637096','','محرم بك','',1,'C','5','1','A','0'),(317,'','مارينا مجدي صبري','01279431309','','زوج','','01220553961','','سيدي بشر','',1,'C','5','1','A','0'),(318,'','اسلام جمال محمود','01285992045','','والد','','01010217459','','العوايد','29404040207191',1,'C','5','1','A','0'),(319,'','ايه محمد المصري','01091629037','','زوج','','01002227949','','الازاريطة','29309230200645',2,'C','5','1','B','0'),(320,'','منى محمد حسن','01144475669','','والدة','','01144474668','','محرم بك','',1,'C','5','1','A','0'),(321,'','الاء مختار اسماعيل','01001052909','035068929','','','01208322285','','السيوف','29501200201661',1,'C','5','1','A','0'),(322,'','احمد حسام محمد','01279961496','','والدة','','01222908497','','محمد نجيب','29310080200259',2,'E','5','1','A','-200'),(323,'','محمود معروف عبدالعال','01063927718','','','','01280895600','','العجمي','29509240104091',1,'A','5','1','A','-300'),(324,'','احمد محمد محمد ابو شعبان','01280565770','','','','','','مرسي مطروح ','29405281602372',2,'C','5','1','A','0'),(325,'','اسراء عبد الحميد بخيت','01111783910','035575632','والدة','','01282837966','','ميامي','29701010224303',2,'E','5','1','A','0'),(326,'','عمر علاء الدين على','01211082556','033912415','والدة','','01273135957','','','29602100200154',2,'C','5','1','A','0'),(327,'','عمار ياسر عبدالحميد','01100126153','','','','','','','',1,'E','5','1','A','0'),(328,'','عمار ياسر عبدالحميد','01100126153','','والدة','','01227788801','','','29603280201214',2,'E','5','1','A','-100'),(329,'','هبة الله مصطفى منصور','01061559653','034940283','والد','','01224967954','','محرم بك','',1,'C','5','1','A','0'),(330,'','محمد عادل محمد','01116131785','035821923','','','01207625044','','','29608290200854',1,'C','5','1','A','0'),(331,'','اكرم عبدالله محمد','01007904624','','والدة','','01096657829','','لوران','29311128800152',1,'C','5','1','A','0'),(332,'','مي طارق فتحى بكر','01206540903','','','','01093071379','','السيوف','29511160200042',1,'C','5','2','A','0'),(333,'','احمد ايمن سعيد','01287670988','','','','01201630484','','السيوف','29606100201431',2,'C','5','1','A','0'),(334,'','ناهد احمد ابراهيم','01282770696','035074992','والد','','01208606980','','','29601160200424',2,'C','5','1','A','0'),(335,'','نهاد اشرف محمد','01014246338','','والدة','','01220017021','','العصافرة','',2,'C','5','1','A','0'),(336,'','سهر سمير محمد تركماني','01125662033','','والدة','','01125565531','','العيسوي','29509150202204',1,'E','5','1','A','-300'),(337,'','مي محمد سعيد','01157270586','','','','01279762809','','','29505220200543',1,'E','5','1','A','-300'),(338,'','سعيد سعد محمد','01097894021','','والد','','01209799521','','','29601230200931',1,'C','5','1','A','0'),(339,'','مصطفى محمود نجار','01274982640','','والدة','','01017069930','','المنتزة','29603160201415',1,'C','5','1','A','0'),(340,'','فادي احمد محمد ','01273052524','','والدة','','01004500147','','الابراهيمية','29610010214779',1,'C','5','1','A','0'),(341,'','ريوان احمد محمد','01275460234','','والدة','','21272930716','','راس الطين','29212100200089',2,'C','5','1','A','0'),(342,'','رضوى ابراهيم محمد','','','','','	','','','',0,'B','5','1','A','0'),(343,'','مي مصطفى ابو الخير','','','','','	','','','',0,'C','5','','','0'),(344,'','مريم اميه ','','','','','	','','','',0,'C','5','','','0'),(345,'','اسراء محروس علي','01156065871','','اخ','','01202781480','','','29703010201781',2,'C','5','1','A','0'),(346,'','فايزه عبدالعاطي عمران','01227355329','','زوج','','01224156376','','سيدي بشر','',1,'C','5','1','B','0'),(347,'','هاجر عاطف','','','','','	','','','',0,'C','5','','','0'),(348,'','ماجد','','','','','	','','','',0,'C','5','','','0'),(349,'','ميرنا مصطفى فتح الله','','','','','	','','','',2,'B','5','1','B','0'),(350,'','الاء حسن الشاذلى ','01123533001','','والدة','','01289500414','','كامب شيذار','29412180201942',2,'C','5','1','A','0'),(351,'','فاطمه سعيد زيدان','','','','','	','','','',0,'C','5','','','0'),(352,'','مروان محمد سليمان السيسي','','','','','	','','','',0,'C','5','','','0'),(353,'','عمر مصطفى خميس','01277600863','035903831','','','','','','',2,'C','5','1','B','0'),(354,'','هدير محمد اشرف','','','','','','','','',1,'C','5','1','A','0'),(355,'','رنا رمضان','','','','','	','','','',0,'C','5','','','0'),(356,'','ايه يحي محمد','01220734649','035263648','والدة','','01224357710','','','29506080201265',1,'C','5','1','A','0'),(357,'','امنيىة حلمى احمد','01007738177','','والدة','','01091020852','','','29506120200461',2,'C','5','1','A','0'),(358,'','هدي محمد خليل','01142232295','','والدة','','01227197452','','','29706100201622',1,'C','5','1','A','0'),(359,'','نيفين مجدي شفيق','01202747505','','والدة','','01202714220','','','29610200201304',1,'C','5','1','A','0'),(360,'','لينا عادل ابراهيم','01203428274','','والدة','','	01203426872','','','29603010203789',2,'C','5','','A','0'),(361,'','aaaaaaaaa','01352655366','256+56+9568','','','','','','',1,'E','5','1','A','0'),(362,'','كريم ابراهيم','01200552124','033259390','والد','','01226354985','','','29071602002097',2,'C','5','1','A','0'),(363,'','اسماء مصطفى محمود','01000097493','','','','	01212101330','','','',2,'C','5','1','A','0'),(364,'','سلسبيل حمدي','','','','','	','','','',0,'C','5','1','A','0'),(365,'','مصطفى احمد','','','','','	','','','',0,'C','5','1','A','0'),(366,'','مريم احمد محمود','','','','','	','','','',0,'C','5','1','A','0'),(367,'','هشام غزال','','','','','','','','',1,'C','5','1','A','0'),(368,'','احمد الشناوي','01144744515','','','','	01064959492','','','',1,'C','5','1','A','0'),(369,'','هاجر عبدالباري','','','','','	','','','',1,'C','5','1','A','0'),(370,'','هدى محمد خليل','01142232295','','','','	01227197452','','','29706100201622',1,'C','5','1','A','0'),(371,'','محمد شعبان قطب ..','','','','','	','','','',2,'C','5','1','A','0'),(374,'','askldjajksd','87987','897897','kjhkh','khlkh','	897897','llkjlk@KLj.com','kjhkjh','897987',1,'A','1','1','A','-1950'),(375,'','هاجر احمد ابراهيم','01226952089','','والدة','','	01220368968','','','',1,'A','1','2','A','0'),(376,'','ايمان جمال سالم','01202243793','','','','01202526454','','','29707240201289',2,'B','1','2','A','0'),(377,'','ردينه حمدي ','01282845974','','والدة','','	01208410555','','','29807250200307',1,'B','1','2','A','0'),(378,'','ممدوح حسن محمد','01288968833','','والد','','	01202739907','','','',1,'B','1','2','A','0'),(379,'','ساره مصطفى عبدالمنعم','01201588769','','والد','','01221677956','','','',1,'E','1','2','A','-650'),(380,'','سابين طاهر على','01224241141','','والدة','','	01280486490','','','29604110200261',1,'A','2','2','A','0'),(381,'','ايه محمد احمد','01279650391','','','','	','','','29510203020146',2,'A','2','2','A','0'),(382,'','مصطفى ايهاب فتحى','01282862797','','والد','','01227893526','','','',1,'A','2','2','A','0'),(383,'','محمد الامام عبدالحافظ','01093111074','','والد','','	','','','29408130202932',1,'B','2','2','A','0'),(384,'','مصطفى حسين محمد','01279234996','','والدة','','01278577080','','','29409150205675',2,'B','2','2','A','0'),(385,'','مريم عصام عبدالعزيز','01283676965','','','','	01226094695','','','29510010210906',1,'A','2','2','A','0'),(386,'','عبدالرحمن عادل','01202666172','','','','	','','','',2,'B','2','2','A','0'),(387,'','محمد صلاح ابراهيم','01013859708','','','','01223493737','','','29611010204478',2,'E','1','2','A','-650'),(388,'','هدي خالد','01288013106','','والدة','','01222367270','','','',1,'E','2','2','A','-400'),(389,'','منه الله هلالي','01144811952','','والدة','','01229257210','','','',1,'E','2','2','A','-400'),(390,'','ياسمين احمد الغباشي','01272396000','','','','	01207415759','','','29507230201249',1,'B','3','2','A','0'),(391,'','شيماء محمد محمد قطب','01205137004','','','','	01284636934','','','26910130200887',2,'B','3','2','A','0'),(392,'','مارينا ماهر ','01204377049','','والدة','','	01204540779','','','29511210200626',1,'B','3','2','A','0'),(393,'','الاء ياسر محمد حسن','01283322455','','والد','','	01270009329','','','29603080200345',2,'B','3','2','A','0'),(394,'','امج','','','','','	','','','',0,'','','','','-300'),(395,'','امجد رزق حسن','01002051752','','والد','','	01270190934','','','29506260201492',2,'B','3','2','A','0'),(396,'','ياسمين سعيد صديق','01285613393','','والدة','','	01203239658','','','29508020200882',1,'B','3','2','A','0'),(397,'','رانيا علاء احمد','01281665466','','والدة','','	01060146258','','','29504012101284',1,'B','3','2','A','0'),(398,'','الاء جابر فتحى','01021161844','','والدة','','	01223618810','','','',1,'B','3','2','A','0'),(399,'','هاجر عمر محمد','01060085910','','والدة','','	01208394669','','','29502200202028',2,'B','3','2','A','-450'),(400,'','اسماء يوسف اسماعيل','01224299810','','والد','','	01150734353','','','',1,'B','3','2','A','0'),(401,'','ندا محمد ابراهيم','01276377038','','والدة','','	01223276116','','','29701110201301',1,'B','3','2','A','0'),(402,'','ايه اشرف عيسى','01021276359','','والدة','','	01283666148','','','29410010214907',1,'B','3','2','A','0'),(403,'','نهال عبد الواحد عبده','01060296236','','','','	01028104818','','','',1,'B','3','2','A','-500'),(404,'','ميرنا احمد لطفى','01224584862','','والد','','	01228520246','','','29608140203228',1,'B','3','2','A','0'),(405,'','مريم احمد محمود','01206113094','','والدة','','	01123355227','','','29404300201001',1,'A','3','2','A','0'),(406,'','ناردين وجدي بلال','01212505087','','والدة','','	01229104324','','','',1,'B','3','2','A','0'),(407,'','يحي حسن عبداللطيف','01155536772','','والد','','01000181484','','','29501010225718',1,'B','3','2','A','-450'),(408,'','ايمان ابراهيم احمد','01276117978','','والدة','','	01202271831','','','29609250200106',2,'B','3','2','A','0'),(409,'','سعيدة عبدالرحمن سلومه','01200290370','','والد','','	01226784491','','','29608100201523',1,'B','3','2','A','0'),(410,'','احمد محمد احمد حسب النبي','01203672441','','والد','','	01203334108','','','29411150203073',1,'B','3','2','A','0'),(411,'','هدير محمود محمد','01158390982','','','','	01120683552','','','29412270201208',2,'A','3','2','A','0'),(412,'','الاء علام','01002113630','','والدة','','	01113879636','','','',1,'A','3','2','A','-150'),(413,'','ايمان السيد احمد محمد','01208645664','','والدة','','	01224191620','','','29506240201909',2,'B','3','2','A','0'),(414,'','اسراء محمد عبدالستار','01111622052','','والدة','','	01019132949','','','',2,'B','3','2','A','0'),(415,'','احمد امين توفيق','01281096865','','والدة','','	01225928943','','','29506250202075',2,'B','3','2','A','-650'),(416,'','مارينا عيد عشم','01227289702','','والدة','','	01289302236','','','29502140201442',2,'B','3','2','A','0'),(417,'','احمد حسين دهب','01287753221','','والدة','','	','','','29509220201413',2,'B','3','2','A','-150'),(418,'','معتصم بالله محمد فتحي','01200834719','','','01200834719','','','','29409040203457',2,'A','3','2','A','-150'),(419,'','امل احمد ابو العطا الشيخ','01013636830','','','','01092233573','','','',2,'B','3','2','A','-300'),(420,'','اماني محمد بخيت','01158465861','','والدة','','	01227832559','','','29509250201329',2,'B','3','2','A','0'),(421,'','ريهام هشام ','01222989578','','والدة','','	01276505100','','','29503040200046',1,'B','3','2','A','0'),(422,'','ايمان جمال رزق','01227006341','','والد','','	01225221979','','','29404100203181',2,'B','4','2','A','0'),(423,'','شروق خليل السيد','01024212695','','والدة','','	01145615034','','','',1,'B','4','2','A','0'),(424,'','منه الله احمد الشقاوي','01061361387','','والدة','','	01014149483','','','',1,'B','4','2','A','-350'),(425,'','ماهينور محمد السيد','01280406795','','والدة','','	01222551049','','','29305080202029',1,'B','4','2','A','0'),(426,'','ياسمين محمد صبري','01026447002','','والدة','','	01282563302','','','',1,'B','4','2','A','0'),(427,'','ايمان محمد فرج','','034960057','والدة','','	01285484504','','','',1,'B','4','2','A','0'),(428,'','اسراء صلاح محمد','01211472626','','والدة','','	01013388062','','','',1,'B','4','2','A','0'),(429,'','هدير عادل علي','01223028596','','والد','','	01272973775','','','',1,'B','4','2','A','0'),(430,'','ندى صبحي الصاوي','01154968374','','والدة','','	01002725424','','','29412200020261',1,'B','4','2','A','0'),(431,'','نورهان احمد سيف','01220814922','','','','	01279417918','','','',1,'B','4','2','A','0'),(432,'','هدير مراد احمد','01205706401','','والدة','','	01226147864','','','',1,'B','4','2','A','0'),(433,'','شروق محمد احمد','01278420379','035353954','','012228232873','	','','','',1,'B','4','2','A','0'),(434,'','بسنت عمادالدين حسن','01284654050','','والدة','','	01273142858','','','',2,'B','4','2','A','0'),(435,'','شيماء محسن حامد','01288676010','','خطيب','','	01201460354','','','',1,'B','4','2','A','0'),(436,'','الاء عصام محمد ','01212390459','','والد','','	01096138470','','','29500306021481',1,'B','4','2','A','-300'),(437,'','فتحية منصور','01221217724','','والدة','','	01278864090','','','',1,'B','4','2','A','-650'),(438,'','ندى والي','01206523417','','والدة','','	01226557404','','','29601210200803',1,'B','4','2','A','-200'),(439,'','رندا محمود جبر','01282544347','','والدة','','	01270444668','','','',2,'B','4','2','A','-350'),(440,'','سلمى محمد عبدالعظيم','01003287668','','صديق','','01285992045','','','20900715880014',1,'A','3','2','A','-300'),(441,'','اسلام جمال محمود','01285992045','','والد','','01010218746','','','29404040207191',1,'A','3','2','A','-150'),(442,'','نرمين محمد السعودي','01025416414','','والدة','','	01205954315','','','',2,'B','4','2','A','-250'),(443,'','نورهان عادل ','01270115505','','والدة','','	01270115521','','','29501050202362',2,'B','4','2','A','-250'),(444,'','جاكلين داوود','01277868746','','والدة','','	01274862824','','','',1,'A','4','2','A','0'),(445,'','فاطمه الزهراء محمد','01008208908','033915214','والد','','01008552843','','','',2,'B','3','2','A','-150'),(446,'','ميار طارق محمد الصاوي','01097101218','','والد','','	01112548209','','','',2,'A','3','2','A','0'),(447,'','.امنيه عادل احمد ','01276457401','','زوج','','	01122295550','','','',2,'B','3','2','A','0'),(448,'','.ايه صلاح محمد رجب','01095131695','','والدة','','	01212552036','','','',2,'B','3','2','A','-350'),(449,'','هناء محمد فتحي','01207504641','','والدة','','	01220415295','','','',1,'A','3','2','A','0'),(450,'','محمد سعيد ابوزيد','01285710461','','','','	01227363740','','','',1,'A','3','2','A','-150'),(451,'','اسراء ابراهيم رشاد احمد','01227391393','','والدة','','01066766594','','','',1,'B','3','2','A','-350'),(452,'','جهاد احمد عبدالغفار','01287476545','','والد','','	01225203213','','','29502160201147',1,'B','4','2','A','-650'),(453,'','سلمى عصام شعبان','01205930436','','','','01220003229','','','',2,'B','1','2','C','0'),(454,'','ياسمين عادل مهدي','01211641554','','والدة','','	01242025203','','','29507100200488',2,'B','4','2','A','-650'),(455,'','.نورهان طارق الهامي','01144998649','','والدة','','01224359465','','','29403270202744',2,'E','2','2','A','-300'),(456,'','منة فتحي عبدالرحمن','01204822821','','زوج','','	01225138423','','','',1,'B','4','2','A','0'),(457,'','-روميسة صالح ابراهيم','01224163740','033230517','','','01006905957','','','29806200201985',2,'B','1','2','C','0'),(458,'','.محمد صلاح الدين فتح الله','01150477133','','','','','','','29501220200912',2,'B','1','2','C','0'),(459,'','فادي وجدي كامل','01203808545','034209083','','','01221305597','','','29610290201634',2,'B','1','2','C','0'),(460,'','نادين اشرف كمال محمد','01212813014','','','','01282880380','','','29712290200309',2,'B','1','2','C','-150'),(461,'','اميمة عبدالله الشيخ','01153940101','','','','01229599576','','','29713180300648',2,'B','1','2','C','0'),(462,'','ندى مصطفى احمد','01204426698','','','','	01205847658','','','29808030200141',1,'A','1','2','C','0'),(463,'','دنيا جمعة طلب ','01208115264','','اخ','','	01224343605','','','29803100201148',1,'A','1','2','C','0'),(464,'','يوستينا ماهر','01270840513','','','','01224554628','','','',2,'E','1','2','C','-650'),(465,'','سارة محمد عبد العزيز م','01212230395','','','','01212540630','','','',1,'B','3','2','A','-150'),(466,'',' مصطفى رمضان سعدمحمد','01201781351','','','','	01220197808','','','',2,'A','3','2','A','0'),(467,'','هاجر انور مصطفى','01285876455','','','','01286274316','','','',2,'B','1','2','A','0'),(468,'','ساره مدحت ','01203000433','','','','	01203000434','','','',2,'A','2','2','A','0'),(469,'','اماني ابراهيم','01222392326','','والد','','	','','','29506100200929',1,'B','2','2','A','0'),(470,'','سارة مجدي احمد','01025486641','','والدة','','01270596348','','','',1,'E','2','2','A','-550'),(471,'تاريخ','عمر صبري','01284862506','','والد','','01277028406','','','',2,'B','2','2','E','0'),(472,'','نيرة علاء الدين محمود','01091440048','','والدة','','	01224067837','','','',1,'A','3','2','A','0'),(473,'','نيره شريف','01062299168','','والد','','	01001227223','','','',1,'A','4','2','A','0'),(474,'','شروق الشاطبي','','','','','	','','','',1,'B','3','','A','0'),(475,'','دنيا محمد ابراهيم','01016187465','','والد','','	01220710345','','','29702010200486',2,'B','1','2','A','0'),(476,'','امنيه عبدالحكيم حسن','01204246750','','والدة','','	01208087558','','','',2,'B','2','2','A','0'),(477,'','عهود مرسي عسران','01284297169','','','','	01270396046','','','',1,'A','3','2','A','0'),(478,'','امجد محمد عبدالستار .','','','','','	','','','',2,'B','3','2','A','-150'),(479,'','امنيه احمد عبدالماجد','01220502858','','والدة','','01229263253','','','',2,'A','2','2','A','0'),(480,'','محمد فايز  ','01157606399','','والدة','','	01002274020','','','29412210201820',2,'B','3','2','A','-150'),(481,'','احمد حسن ','01226065433','','','','	01202666172','','','',2,'B','3','2','A','-550'),(482,'','عمر مجدي شعبان','01283990951','','','','','','','',2,'A','2','2','A','0'),(483,'','اسراء محروس','01156065871','','','','01095554020','','','29703080201781',2,'B','1','2','A','-50'),(484,'','ناهد احمد ابراهيم','01282770666','','','','01276372013','','','',2,'A','2','1','A','0'),(485,'','محمد مجدي جابر','01126769141','','','','	01229949696','','','',2,'A','2','2','A','0'),(486,'','محمد سعيد فتحي','01221689298','','','','','','','29508200323',2,'A','2','2','A','-50'),(487,'','ندى  صابرعامر','01203023351','','','','01222230097','','','',1,'A','1','2','A','0'),(488,'','احمد محمد جبره','01226268737','','','','	','','','',2,'B','4','2','A','-300'),(489,'',' نور طارق رفعت محمد','01005306580','','','','	01120512757','','','',2,'B','2','2','A','0'),(490,'','محمود مفيد ابو سعيفه','01270825865','','','','01001815065','','','',2,'B','3','2','A','-150'),(491,'','انجي مصطفى لطفي','01100891214','','','','	01100891185','','','',1,'B','3','2','A','-300'),(492,'','ليند مروان','','0','','','	01223737438','','','',1,'C','3','2','A','-100'),(493,'','ليندا مروان يوسف ','01281768015','','','','	','','','',1,'A','3','2','A','-50'),(494,'','فيروز محمد انور','01016494565','','','','01220876680','','','',1,'B','1','2','A','0'),(495,'','اندرو مسعود','01227102584','','','','01223302084','','','',1,'B','1','2','A','0'),(496,'','كريم ابراهيم','01200552124','','','','	','','','',2,'B','4','2','A','-300'),(497,'','مصطفى محمود النجار','01274982640','','','','	','','','',1,'A','2','2','A','-50'),(498,'','فادي احمد محمد','01273052524','','','','	','','','',1,'A','2','2','A','-50'),(499,'','ايه المصري','01091629037','','','','	01002227949','','','',2,'B','4','2','A','-300'),(500,'','شيرين محمد يحي','01280055130','','والدة','','01207300439','','','',1,'B','4','2','A','-500'),(501,'','عمر فتحى','','','','','	','','','',2,'B','3','2','A','-450'),(502,'','احمد محمد محمد ابوشعان','01280565770','','','','','','','',2,'A','2','2','A','0'),(503,'','ميار عادل غلاب','01207755720','','والدة','','	01272557710','','','',1,'B','3','2','A','-350'),(504,'','اسراء السيد ','01286170055','','','','	','','','',1,'A','3','2','A','-50'),(505,'','اسراء على','01277741639','','','','	','','','',2,'A','2','2','A','-50'),(506,'','دينا احمد متولي','01098844412','','','','	','','','',1,'B','4','2','','-350'),(507,'','ميار خيرت','','','','','	','','','',1,'A','3','2','A','-50'),(508,'','سارة عبداللطيف','','','','','	','','','',2,'B','3','2','A','-350'),(509,'','محمد حاكم','01024488349','','','','	','','','',2,'A','2','2','A','-50'),(510,'','احمد الشناوي','01064959492','','','','	','','','',1,'A','2','2','A','-50'),(511,'','يسرا محمد خميس','01114315216','','','','	','','','',2,'A','3','2','A','-50'),(512,'','مريم روماني عياد','01287108689','','','','	','','','',2,'A','2','2','A','-50'),(513,'','اسراء فياض','','','','','	','','','',1,'B','3','2','A','-450'),(514,'','راغب حامد','01119420781','','','','	','','','',1,'A','3','2','A','-50'),(515,'','مروان محمد سليمان السيسي','01277707920','','','','	','','','',2,'A','3','2','A','-300');
/*!40000 ALTER TABLE `students` ENABLE KEYS */;
UNLOCK TABLES;

--
-- Table structure for table `tickets`
--

DROP TABLE IF EXISTS `tickets`;
/*!40101 SET @saved_cs_client     = @@character_set_client */;
/*!40101 SET character_set_client = utf8 */;
CREATE TABLE `tickets` (
  `tiid` int(11) NOT NULL AUTO_INCREMENT,
  `tiamount` int(10) NOT NULL,
  `tidonor` varchar(15) COLLATE utf8_unicode_ci NOT NULL,
  `tidonortype` int(4) NOT NULL,
  `tirecipient` varchar(15) COLLATE utf8_unicode_ci NOT NULL,
  `tirecipienttype` int(4) NOT NULL,
  `tirealdate` date NOT NULL,
  `tisysdate` datetime NOT NULL,
  `tireason` varchar(20) COLLATE utf8_unicode_ci NOT NULL,
  `tinumber` varchar(8) COLLATE utf8_unicode_ci NOT NULL,
  `tidescription` varchar(40) COLLATE utf8_unicode_ci NOT NULL,
  `titype` varchar(25) COLLATE utf8_unicode_ci NOT NULL,
  PRIMARY KEY (`tiid`)
) ENGINE=InnoDB AUTO_INCREMENT=845 DEFAULT CHARSET=utf8 COLLATE=utf8_unicode_ci;
/*!40101 SET character_set_client = @saved_cs_client */;

--
-- Dumping data for table `tickets`
--

LOCK TABLES `tickets` WRITE;
/*!40000 ALTER TABLE `tickets` DISABLE KEYS */;
INSERT INTO `tickets` VALUES (1,250,'400',2,'3',1,'2017-02-09','2017-04-03 20:29:43','p1','000801','','1'),(2,250,'401',2,'3',1,'2017-02-09','2017-04-03 20:33:55','p1','000802','','1'),(3,200,'402',2,'3',1,'2017-02-11','2017-04-03 20:35:17','p1','000803','','1'),(4,200,'44',2,'3',1,'2017-02-11','2017-04-03 20:37:04','p1','000804','','1'),(5,300,'359',2,'3',1,'2017-02-11','2017-04-03 20:38:23','p1','000805','','1'),(6,150,'96',2,'3',1,'2017-02-11','2017-04-03 20:39:29','p1','000806','','1'),(7,150,'403',2,'3',1,'2017-02-11','2017-04-03 20:40:39','p1','000807','','1'),(8,300,'434',2,'3',1,'2017-02-12','2017-04-03 20:41:35','p1','000808','','1'),(9,300,'433',2,'3',1,'2017-02-12','2017-04-03 20:42:38','p1','000809','','1'),(10,650,'404',2,'3',1,'2017-02-12','2017-04-03 20:43:55','p1','000810','','1'),(11,250,'45',2,'3',1,'2017-02-12','2017-04-03 20:45:07','p1','000811','','1'),(12,300,'4',2,'3',1,'2017-02-13','2017-04-03 20:46:23','p1','000812','','1'),(13,300,'5',2,'3',1,'2017-02-13','2017-04-03 20:47:59','p1','000813','','1'),(14,150,'405',2,'3',1,'2017-02-13','2017-04-03 20:51:27','p1','000814','','1'),(15,200,'429',2,'3',1,'2017-02-13','2017-04-03 20:52:29','p1','000815','','1'),(16,550,'255',2,'3',1,'2017-02-13','2017-04-03 20:53:34','p1','000816','','1'),(17,300,'430',2,'3',1,'2017-02-13','2017-04-03 20:54:35','p1','000817','','1'),(18,200,'191',2,'3',1,'2017-02-13','2017-04-03 20:57:32','p1','000818','','1'),(19,200,'52',2,'3',1,'2017-02-13','2017-04-03 20:59:37','p1','000819','','1'),(20,200,'50',2,'3',1,'2017-02-13','2017-04-03 21:00:54','p1','000820','','1'),(21,650,'49',2,'3',1,'2017-02-13','2017-04-03 21:01:54','p1','000821','','1'),(22,250,'202',2,'3',1,'2017-02-13','2017-04-03 21:03:42','p1','000824','','1'),(23,250,'203',2,'3',1,'2017-02-13','2017-04-03 21:04:55','p1','000825','','1'),(24,500,'360',2,'3',1,'2017-03-14','2017-04-03 21:05:53','p1','000826','','1'),(25,500,'160',2,'3',1,'2017-02-14','2017-04-03 21:07:00','p1','000827','','1'),(26,200,'151',2,'3',1,'2017-03-14','2017-04-03 21:08:16','p1','000828','','1'),(27,250,'65',2,'3',1,'2017-02-14','2017-04-03 21:09:41','p1','000829','','1'),(28,200,'67',2,'3',1,'2017-02-14','2017-04-03 21:10:50','p1','000830','','1'),(29,300,'392',2,'3',1,'2017-02-14','2017-04-03 21:11:51','p1','000831','','1'),(30,650,'372',2,'3',1,'2017-02-14','2017-04-03 21:15:14','p1','000833','','1'),(31,300,'373',2,'3',1,'2017-02-14','2017-04-03 21:16:20','p1','000834','','1'),(32,250,'388',2,'3',1,'2017-02-14','2017-04-03 21:17:46','p1','000835','','1'),(33,250,'389',2,'3',1,'2017-02-14','2017-04-03 21:19:11','p1','000836','','1'),(34,200,'16',2,'3',1,'2017-02-14','2017-04-03 21:20:33','p1','000837','','1'),(35,250,'48',2,'3',1,'2017-02-14','2017-04-03 21:23:16','p1','000838','','1'),(36,200,'15',2,'3',1,'2017-02-14','2017-04-03 21:24:23','p1','000839','','1'),(37,200,'21',2,'4',1,'2017-02-15','2017-04-03 21:25:15','p1','000840','','1'),(38,200,'131',2,'3',1,'2017-02-15','2017-04-03 21:26:23','p1','000841','','1'),(39,200,'129',2,'4',1,'2017-02-15','2017-04-03 21:27:29','p1','000842','','1'),(40,300,'219',2,'4',1,'2017-02-15','2017-04-03 21:29:08','p1','000843','','1'),(41,400,'17',2,'4',1,'2017-02-15','2017-04-03 21:30:07','p1','000844','','1'),(42,200,'37',2,'2',1,'2017-02-15','2017-04-03 21:30:57','p1','000845','','1'),(43,250,'84',2,'3',1,'2017-02-16','2017-04-03 21:31:45','p1','000846','','1'),(44,200,'60',2,'3',1,'2017-02-16','2017-04-03 21:33:32','p1','000847','','1'),(45,250,'393',2,'3',1,'2017-02-16','2017-04-03 21:34:50','p1','000848','','1'),(46,250,'431',2,'3',1,'2017-02-16','2017-04-03 21:35:43','p1','000849','','1'),(47,200,'205',2,'3',1,'2017-02-16','2017-04-03 21:36:43','p1','000850','','1'),(48,300,'177',2,'3',1,'2017-02-16','2017-04-03 21:37:40','p1','000851','','1'),(49,400,'47',2,'3',1,'2017-02-16','2017-04-03 21:38:48','p1','000852','','1'),(50,650,'265',2,'3',1,'2017-02-16','2017-04-03 21:40:06','p1','000853','','1'),(51,150,'423',2,'3',1,'2017-02-16','2017-04-03 21:41:07','p1','000854','','1'),(52,150,'424',2,'3',1,'2017-02-16','2017-04-03 21:42:19','p1','000855','','1'),(53,250,'28',2,'3',1,'2017-02-18','2017-04-03 21:43:09','p1','000856','','1'),(54,300,'279',2,'3',1,'2017-02-18','2017-04-04 14:22:06','p1','000857','','1'),(55,100,'40',2,'3',1,'2017-02-18','2017-04-04 14:23:10','p1','000858','','1'),(56,200,'230',2,'3',1,'2017-02-18','2017-04-04 14:24:04','p1','000859','','1'),(57,250,'395',2,'3',1,'2017-02-18','2017-04-04 14:25:41','p1','000860','','1'),(58,250,'117',2,'3',1,'2017-02-18','2017-04-04 14:27:12','p1','000861','','1'),(59,150,'18',2,'3',1,'2017-02-18','2017-04-04 14:28:49','p1','000862','','1'),(60,250,'8',2,'3',1,'2017-02-18','2017-04-04 14:34:44','p1','000863','','1'),(61,200,'321',2,'3',1,'2017-02-18','2017-04-04 14:36:12','p1','000864','','1'),(62,200,'396',2,'3',1,'2017-02-18','2017-04-04 14:37:29','p1','000865','','1'),(63,250,'104',2,'3',1,'2017-02-18','2017-04-04 14:38:37','p1','000866','','1'),(64,100,'30',2,'3',1,'2017-02-18','2017-04-04 14:40:11','p1','000867','','1'),(65,200,'23',2,'3',1,'2017-02-18','2017-04-04 14:41:41','p1','000868','','1'),(66,200,'24',2,'3',1,'2017-02-18','2017-04-04 14:42:47','p1','000869','','1'),(67,200,'32',2,'3',1,'2017-02-18','2017-04-04 14:44:19','p1','000870','','1'),(68,650,'398',2,'3',1,'2017-02-18','2017-04-04 15:43:28','p1','000871','','1'),(69,650,'397',2,'3',1,'2017-02-18','2017-04-04 15:44:15','p1','000872','','1'),(70,300,'1',2,'3',1,'2017-02-18','2017-04-04 15:45:21','p1','000873','','1'),(71,200,'115',2,'3',1,'2017-02-18','2017-04-04 15:46:40','p1','000875','','1'),(72,350,'36',2,'3',1,'2017-02-18','2017-04-04 15:48:08','p1','000876','','1'),(73,300,'35',2,'3',1,'2017-02-18','2017-04-04 15:49:48','p1','000877','','1'),(74,200,'399',2,'3',1,'2017-02-18','2017-04-04 15:50:55','p1','000878','','1'),(75,200,'2',2,'3',1,'2017-02-18','2017-04-04 15:52:11','p1','000879','','1'),(76,450,'329',2,'3',1,'2017-02-18','2017-04-04 15:53:30','p1','000880','','1'),(77,300,'320',2,'3',1,'2017-02-18','2017-04-04 15:54:37','p1','000881','','1'),(78,200,'130',2,'3',1,'2017-02-18','2017-04-04 15:55:33','p1','000882','','1'),(79,200,'19',2,'3',1,'2017-02-18','2017-04-04 15:56:46','p1','000883','','1'),(80,200,'22',2,'3',1,'2017-02-18','2017-04-04 15:57:30','p1','000884','','1'),(81,200,'26',2,'3',1,'2017-02-18','2017-04-04 15:58:17','p1','000885','','1'),(82,150,'385',2,'3',1,'2017-02-19','2017-04-04 15:59:11','p1','000886','','1'),(83,250,'383',2,'3',1,'2017-02-19','2017-04-04 15:59:58','p1','000887','','1'),(84,350,'178',2,'3',1,'2017-02-19','2017-04-04 16:00:39','p1','000888','','1'),(85,300,'198',2,'3',1,'2017-02-19','2017-04-04 16:01:46','p1','000889','','1'),(86,450,'2',2,'3',1,'2017-02-19','2017-04-04 16:02:36','p1','000890','','1'),(87,200,'201',2,'3',1,'2017-02-19','2017-04-04 16:03:18','p1','000891','','1'),(88,200,'199',2,'3',1,'2017-02-19','2017-04-04 16:04:31','p1','000892','','1'),(89,200,'210',2,'3',1,'2017-02-19','2017-04-04 16:05:26','p1','000893','','1'),(90,200,'329',2,'3',1,'2017-02-19','2017-04-04 16:06:35','p1','000894','','1'),(91,350,'427',2,'3',1,'2017-02-21','2017-04-04 16:07:34','p1','000895','','1'),(92,250,'425',2,'3',1,'2017-02-21','2017-04-04 16:08:53','p1','000896','','1'),(93,250,'426',2,'3',1,'2017-02-21','2017-04-04 16:10:15','p1','000897','','1'),(94,200,'121',2,'3',1,'2017-02-21','2017-04-04 16:11:24','p1','000898','','1'),(95,200,'428',2,'3',1,'2017-02-21','2017-04-04 16:12:49','p1','000899','','1'),(96,250,'89',2,'3',1,'2017-02-21','2017-04-04 16:13:43','p1','000900','','1'),(97,300,'51',2,'3',1,'2017-02-21','2017-04-04 17:32:09','p1','000901','','1'),(98,250,'92',2,'3',1,'2017-02-21','2017-04-04 17:32:58','p1','000902','','1'),(99,200,'46',2,'3',1,'2017-02-21','2017-04-04 17:34:33','p1','000903','','1'),(100,250,'66',2,'3',1,'2017-02-21','2017-04-04 17:36:54','p1','000904','','1'),(101,200,'63',2,'3',1,'2017-02-21','2017-04-04 17:38:03','p1','000905','','1'),(102,250,'86',2,'3',1,'2017-02-21','2017-04-04 17:39:16','p1','000906','','1'),(103,200,'432',2,'3',1,'2017-02-21','2017-04-04 17:44:38','p1','000907','','1'),(104,300,'59',2,'3',1,'2017-02-21','2017-04-04 17:55:58','p1','000908','','1'),(105,500,'72',2,'3',1,'2017-02-21','2017-04-04 17:57:00','p1','000909','','1'),(106,200,'81',2,'3',1,'2017-02-22','2017-04-04 17:57:54','p1','000910','','1'),(107,200,'390',2,'3',1,'2017-02-22','2017-04-04 20:51:17','p1','000911','','1'),(108,200,'43',2,'3',1,'2017-02-22','2017-04-04 20:52:15','p1','000912','','1'),(109,400,'400',2,'3',1,'2017-02-22','2017-04-04 20:53:31','p1','000913','','1'),(110,400,'401',2,'3',1,'2017-02-22','2017-04-04 20:54:24','p1','000914','','1'),(111,400,'142',2,'3',1,'2017-02-22','2017-04-04 20:55:30','p1','000915','','1'),(112,250,'188',2,'3',1,'2017-02-22','2017-04-04 20:56:22','p1','000916','','1'),(113,300,'38',2,'3',1,'2017-02-22','2017-04-04 20:57:06','p1','000917','','1'),(114,200,'10',2,'3',1,'2017-02-22','2017-04-04 20:57:53','p1','000918','','1'),(115,200,'105',2,'3',1,'2017-02-22','2017-04-04 20:58:53','p1','000919','','1'),(116,150,'17',2,'3',1,'2017-02-22','2017-04-04 20:59:49','p1','000920','','1'),(117,250,'246',2,'3',1,'2017-02-23','2017-04-04 21:00:39','p1','000921','','1'),(118,150,'29',2,'3',1,'2017-02-23','2017-04-04 21:01:31','p1','000922','','1'),(119,200,'12',2,'3',1,'2017-02-23','2017-04-04 21:03:16','p1','000923','','1'),(120,650,'58',2,'3',1,'2017-02-23','2017-04-04 21:04:16','p1','000924','','1'),(121,300,'145',2,'3',1,'2017-02-25','2017-04-04 21:05:12','p1','000925','','1'),(122,200,'175',2,'3',1,'2017-02-25','2017-04-04 21:06:09','p1','000926','','1'),(123,150,'277',2,'3',1,'2017-02-25','2017-04-04 21:07:04','p1','000927','','1'),(124,250,'391',2,'3',1,'2017-02-25','2017-04-04 21:08:10','p1','000928','','1'),(125,400,'383',2,'3',1,'2017-02-25','2017-04-04 21:08:58','p1','000929','','1'),(126,100,'17',2,'3',1,'2017-02-25','2017-04-04 21:10:37','p1','000930','','1'),(127,300,'268',2,'3',1,'2017-02-25','2017-04-04 21:12:11','p1','000931','','1'),(128,650,'7',2,'3',1,'2017-02-25','2017-04-04 21:13:59','p1','000932','','1'),(129,250,'116',2,'3',1,'2017-02-25','2017-04-04 21:15:38','p1','000933','','1'),(130,100,'122',2,'3',1,'2017-02-26','2017-04-04 21:16:58','p1','000934','','1'),(131,200,'6',2,'3',1,'2017-02-26','2017-04-04 21:18:34','p1','000935','','1'),(132,200,'273',2,'5',1,'2017-02-27','2017-04-04 21:20:33','p1','000936','','1'),(133,150,'374',2,'5',1,'2017-02-27','2017-04-04 21:22:55','p1','000937','','1'),(134,650,'53',2,'5',1,'2017-02-27','2017-04-04 21:24:30','p1','000938','','1'),(135,650,'406',2,'3',1,'2017-02-27','2017-04-04 21:25:38','p1','000939','','1'),(136,400,'88',2,'3',1,'2017-02-27','2017-04-04 21:26:40','p1','000940','','1'),(137,200,'69',2,'3',1,'2017-02-28','2017-04-04 21:27:38','p1','000941','','1'),(138,200,'87',2,'3',1,'2017-02-28','2017-04-04 21:28:45','p1','000942','','1'),(139,200,'73',2,'3',1,'2017-02-28','2017-04-04 21:30:20','p1','000943','','1'),(140,150,'62',2,'3',1,'2017-02-28','2017-04-04 21:31:12','p1','000944','','1'),(141,250,'211',2,'3',1,'2017-02-28','2017-04-04 21:32:00','p1','000945','','1'),(142,150,'359',2,'3',1,'2017-02-28','2017-04-04 21:32:42','p1','000946','','1'),(143,300,'288',2,'3',1,'2017-03-01','2017-04-04 21:33:41','p1','000947','','1'),(144,200,'407',2,'3',1,'2017-03-01','2017-04-04 21:34:32','p1','000948','','1'),(145,200,'164',2,'3',1,'2017-03-01','2017-04-04 21:35:20','p1','000949','','1'),(146,150,'408',2,'3',1,'2017-03-01','2017-04-04 21:36:22','p1','000950','','1'),(147,300,'36',2,'3',1,'2017-03-01','2017-04-04 21:37:05','p1','000951','','1'),(148,250,'103',2,'3',1,'2017-03-01','2017-04-04 21:37:52','p1','000952','','1'),(149,500,'422',2,'3',1,'2017-03-02','2017-04-04 21:38:37','p1','000953','','1'),(150,300,'409',2,'3',1,'2017-03-02','2017-04-04 21:39:41','p1','000954','','1'),(151,250,'33',2,'3',1,'2017-03-02','2017-04-04 21:40:32','p1','000955','','1'),(152,200,'139',2,'3',1,'2017-03-02','2017-04-05 16:52:37','p1','000956','','1'),(153,150,'99',2,'3',1,'2017-03-04','2017-04-05 16:53:22','p1','000957','','1'),(154,300,'332',2,'3',1,'2017-03-04','2017-04-05 16:54:09','p1','000958','','1'),(155,300,'384',2,'3',1,'2017-03-04','2017-04-05 16:54:59','p1','000959','','1'),(156,300,'147',2,'3',1,'2017-03-04','2017-04-05 16:55:45','p1','000960','','1'),(157,300,'114',2,'3',1,'2017-03-04','2017-04-05 16:56:29','p1','000961','','1'),(158,100,'114',2,'3',1,'2017-03-04','2017-04-05 16:57:24','p1','000962','','1'),(159,600,'212',2,'3',1,'2017-03-05','2017-04-05 16:58:21','p1','000963','','1'),(160,450,'6',2,'3',1,'2017-03-05','2017-04-05 16:59:01','p1','000964','','1'),(161,100,'436',2,'3',1,'2017-03-06','2017-04-05 16:59:39','p1','000965','','1'),(162,300,'235',2,'3',1,'2017-03-06','2017-04-05 17:03:27','p1','000966','','1'),(163,100,'435',2,'3',1,'2017-03-06','2017-04-05 17:04:29','p1','000967','','1'),(164,250,'82',2,'3',1,'2017-03-06','2017-04-05 17:08:21','p1','000968','','1'),(165,200,'78',2,'3',1,'2017-03-06','2017-04-05 17:09:47','p1','000969','','1'),(166,150,'422',2,'3',1,'2017-03-07','2017-04-05 17:11:23','p1','000970','','1'),(167,200,'64',2,'3',1,'2017-03-07','2017-04-05 17:12:54','p1','000971','','1'),(168,550,'213',2,'3',1,'2017-03-08','2017-04-05 17:13:51','p1','000972','','1'),(169,650,'377',2,'3',1,'2017-03-09','2017-04-05 17:15:36','p1','000973','','1'),(170,650,'220',2,'3',1,'2017-03-13','2017-04-05 17:16:54','p1','000974','','1'),(171,150,'306',2,'3',1,'2017-03-13','2017-04-05 17:17:45','p1','000975','','1'),(172,300,'416',2,'3',1,'2017-03-13','2017-04-05 17:19:01','p1','000976','','1'),(173,300,'295',2,'3',1,'2017-03-13','2017-04-05 17:19:52','p1','000977','','1'),(174,200,'245',2,'3',1,'2017-03-13','2017-04-05 17:21:03','p1','000978','','1'),(175,550,'335',2,'3',1,'2017-03-13','2017-04-05 17:22:06','p1','000979','','1'),(176,150,'375',2,'3',1,'2017-03-13','2017-04-05 17:23:01','p1','000980','','1'),(177,250,'94',2,'3',1,'2017-03-13','2017-04-05 17:23:48','p1','000981','','1'),(178,300,'216',2,'3',1,'2017-03-15','2017-04-05 17:24:48','p1','000982','','1'),(179,300,'29',2,'3',1,'2017-03-15','2017-04-05 17:25:31','p1','000983','','1'),(180,450,'189',2,'5',1,'2017-03-16','2017-04-05 17:26:23','p1','000984','','1'),(181,200,'30',2,'3',1,'2017-03-18','2017-04-05 17:29:18','p1','000985','','1'),(182,400,'143',2,'3',1,'2017-03-18','2017-04-05 17:31:04','p1','000986','','1'),(183,150,'116',2,'3',1,'2017-03-18','2017-04-05 17:31:56','p1','000987','','1'),(184,450,'333',2,'3',1,'2017-03-18','2017-04-05 17:32:51','p1','000988','','1'),(185,350,'118',2,'3',1,'2017-03-19','2017-04-05 17:33:58','p1','000989','','1'),(186,450,'210',2,'3',1,'2017-03-20','2017-04-05 17:35:15','p1','000990','','1'),(187,200,'85',2,'5',1,'2017-03-20','2017-04-05 17:36:36','p1','000991','','1'),(188,450,'50',2,'3',1,'2017-03-20','2017-04-05 17:38:12','p1','000992','','1'),(189,650,'239',2,'3',1,'2017-03-21','2017-04-05 17:39:27','p1','000993','','1'),(190,350,'378',2,'3',1,'2017-03-22','2017-04-05 17:40:05','p1','000994','','1'),(191,400,'303',2,'3',1,'2017-03-22','2017-04-05 17:40:51','p1','000995','','1'),(192,150,'106',2,'3',1,'2017-03-22','2017-04-05 17:41:56','p1','000996','','1'),(193,150,'380',2,'3',1,'2017-03-22','2017-04-05 17:56:34','p1','001001','','1'),(194,100,'408',2,'3',1,'2017-03-22','2017-04-05 17:57:21','p1','001002','','1'),(195,400,'225',2,'3',1,'2017-03-22','2017-04-05 17:59:16','p1','001003','','1'),(196,400,'438',2,'3',1,'2017-03-22','2017-04-05 18:00:09','p1','001004','','1'),(197,200,'144',2,'3',1,'2017-03-22','2017-04-05 18:00:57','p1','001005','','1'),(198,100,'436',2,'3',1,'2017-03-22','2017-04-05 18:42:04','p1','001006','','1'),(199,200,'107',2,'3',1,'2017-03-22','2017-04-05 18:43:44','p1','001007','','1'),(200,100,'106',2,'3',1,'2017-03-25','2017-04-05 18:44:27','p1','001008','','1'),(201,200,'21',2,'3',1,'2017-03-22','2017-04-05 18:46:13','p1','001009','','1'),(202,250,'27',2,'3',1,'2017-03-25','2017-04-05 18:46:59','p1','001010','','1'),(203,300,'386',2,'3',1,'2017-03-25','2017-04-05 18:48:47','p1','001011','','1'),(204,150,'411',2,'3',1,'2017-03-26','2017-04-05 18:49:44','p1','001012','','1'),(205,200,'194',2,'3',1,'2017-03-26','2017-04-05 18:50:29','p1','001013','','1'),(206,50,'381',2,'3',1,'2017-03-26','2017-04-05 18:52:31','p1','001014','','1'),(207,350,'373',2,'3',1,'2017-03-28','2017-04-05 18:53:27','p1','001015','','1'),(208,400,'203',2,'3',1,'2017-03-28','2017-04-05 18:54:20','p1','001016','','1'),(209,650,'234',2,'3',1,'2017-03-28','2017-04-05 18:55:06','p1','001017','','1'),(210,400,'80',2,'3',1,'2017-03-28','2017-04-05 18:55:58','p1','001018','','1'),(211,50,'438',2,'3',1,'2017-03-28','2017-04-05 18:56:37','p1','001019','','1'),(212,450,'432',2,'3',1,'2017-03-28','2017-04-05 18:57:18','p1','001020','','1'),(213,400,'230',2,'3',1,'2017-03-28','2017-04-05 18:57:56','p1','001021','','1'),(214,350,'434',2,'3',1,'2017-03-28','2017-04-05 18:58:34','p1','001022','','1'),(215,150,'18',2,'3',1,'2017-03-29','2017-04-05 18:59:28','p1','001023','','1'),(216,200,'420',2,'3',1,'2017-03-29','2017-04-05 19:00:37','p1','001024','','1'),(217,300,'414',2,'3',1,'2017-03-29','2017-04-05 19:01:26','p1','001025','','1'),(218,200,'30',2,'3',1,'2017-03-29','2017-04-05 19:02:14','p1','001026','','1'),(219,200,'410',2,'3',1,'2017-03-30','2017-04-05 19:03:01','p1','001027','','1'),(220,250,'425',2,'3',1,'2017-03-31','2017-04-05 19:03:49','p1','001028','','1'),(221,200,'84',2,'3',1,'2017-03-31','2017-04-05 19:04:33','p1','001029','','1'),(222,300,'427',2,'3',1,'2017-03-31','2017-04-05 19:05:24','p1','001030','','1'),(223,200,'444',2,'3',1,'2017-03-31','2017-04-05 19:06:06','p1','001031','','1'),(224,650,'170',2,'3',1,'2017-03-31','2017-04-05 19:06:51','p1','001032','','1'),(225,200,'443',2,'3',1,'2017-03-31','2017-04-05 19:07:38','p1','001033','','1'),(226,200,'442',2,'3',1,'2017-03-31','2017-04-05 19:08:42','p1','001034','','1'),(227,200,'62',2,'3',1,'2017-03-31','2017-04-05 19:09:32','p1','001035','','1'),(228,350,'216',2,'3',1,'2017-03-31','2017-04-05 19:10:12','p1','001036','','1'),(229,300,'342',2,'3',1,'2017-03-31','2017-04-05 19:10:53','p1','001037','','1'),(230,400,'257',2,'5',1,'2017-03-31','2017-04-05 19:11:39','p1','001038','','1'),(231,650,'34',2,'3',1,'2017-03-31','2017-04-05 19:12:50','p1','001039','','1'),(232,300,'441',2,'3',1,'2017-04-01','2017-04-05 19:17:14','p1','001040','','1'),(233,150,'440',2,'3',1,'2017-04-01','2017-04-05 19:19:02','p1','001041','','1'),(234,650,'294',2,'3',1,'2017-04-02','2017-04-05 19:19:54','p1','001042','','1'),(235,300,'178',2,'3',1,'2017-04-02','2017-04-05 19:23:13','p1','001013','','1'),(236,300,'266',2,'3',1,'2017-04-02','2017-04-05 19:28:51','p1','001044','','1'),(237,100,'381',2,'3',1,'2017-04-02','2017-04-05 19:30:15','p1','001045','','1'),(238,400,'293',2,'3',1,'2017-04-02','2017-04-05 19:31:40','p1','001046','','1'),(239,150,'123',2,'3',1,'2017-04-02','2017-04-05 19:32:23','p1','001047','','1'),(240,400,'167',2,'3',1,'2017-04-03','2017-04-05 19:35:01','p1','001048','','1'),(241,400,'202',2,'3',1,'2017-04-03','2017-04-05 19:35:48','p1','001049','','1'),(242,200,'62',2,'3',1,'2017-04-03','2017-04-05 19:36:54','p1','001050','','1'),(243,300,'54',2,'3',1,'2017-04-03','2017-04-05 19:37:34','p1','001051','','1'),(244,150,'436',2,'3',1,'2017-04-05','2017-04-06 12:43:49','p1','001052','','1'),(245,450,'71',2,'3',1,'2017-04-05','2017-04-06 12:44:56','p1','001053','','1'),(246,300,'439',2,'3',1,'2017-04-05','2017-04-06 12:45:54','p1','001054','','1'),(247,100,'133',2,'3',1,'2017-04-05','2017-04-06 12:46:41','p1','001055','','1'),(248,200,'185',2,'3',1,'2017-04-05','2017-04-06 12:47:56','p1','001056','','1'),(249,200,'114',2,'3',1,'2017-04-05','2017-04-06 12:48:56','p1','001057','','1'),(250,200,'393',2,'3',1,'2017-04-05','2017-04-06 12:49:56','p1','001058','','1'),(251,200,'276',2,'3',1,'2017-04-05','2017-04-06 12:50:43','p1','001059','','1'),(252,200,'310',2,'3',1,'2017-04-05','2017-04-06 12:57:09','p1','001060','','1'),(253,300,'332',2,'3',1,'2017-04-05','2017-04-06 13:00:50','p1','001061','','1'),(254,300,'23',2,'3',1,'2017-04-05','2017-04-06 13:07:43','p1','001062','','1'),(255,450,'24',2,'3',1,'2017-04-05','2017-04-06 13:11:45','p1','001063','','1'),(256,200,'25',2,'3',1,'2017-04-05','2017-04-06 13:22:43','p1','001064','','1'),(257,200,'101',2,'3',1,'2017-04-05','2017-04-06 13:28:12','p1','001065','','1'),(258,250,'139',2,'3',1,'2017-04-05','2017-04-06 13:29:58','p1','001066','','1'),(259,200,'426',2,'3',1,'2017-04-06','2017-04-06 13:30:47','p1','001067','','1'),(260,200,'435',2,'3',1,'2017-04-06','2017-04-06 13:31:40','p1','001068','','1'),(261,400,'431',2,'3',1,'2017-04-06','2017-04-06 13:32:42','p1','نورهان ا','','1'),(262,250,'433',2,'3',1,'2017-04-06','2017-04-06 13:33:23','p1','001070','','1'),(263,250,'94',2,'3',1,'2017-04-06','2017-04-06 13:34:02','p1','001071','','1'),(264,200,'78',2,'3',1,'2017-04-06','2017-04-06 13:35:22','p1','001072','','1'),(265,50,'433',2,'3',1,'2017-04-06','2017-04-06 13:46:45','p1','001073','','1'),(266,100,'449',2,'3',1,'2017-04-06','2017-04-06 15:42:46','p1','001075','','1'),(267,350,'38',2,'3',1,'2017-04-06','2017-04-06 15:43:54','p1','001075','','1'),(268,450,'232',2,'3',1,'2017-04-06','2017-04-06 17:50:54','p1','001076','','1'),(269,300,'456',2,'3',1,'2017-04-07','2017-04-07 11:11:03','p1','001077','','1'),(270,400,'150',2,'3',1,'2017-04-07','2017-04-07 11:11:43','p1','001078','','1'),(271,250,'371',2,'3',1,'2017-04-07','2017-04-07 17:17:49','p1','001079','','1'),(272,300,'466',2,'3',1,'2017-04-08','2017-04-11 14:04:12','p1','001080','','1'),(273,200,'175',2,'3',1,'2017-04-08','2017-04-11 14:04:58','p1','001081','','1'),(274,200,'42',2,'3',1,'2017-04-08','2017-04-11 14:05:38','p1','001082','','1'),(275,300,'469',2,'3',1,'2017-04-09','2017-04-11 14:06:29','p1','001083','','1'),(276,350,'219',2,'3',1,'2017-04-09','2017-04-11 14:07:27','p1','001084','','1'),(277,450,'191',2,'3',1,'2017-04-09','2017-04-11 14:08:42','p1','001085','','1'),(278,150,'468',2,'3',1,'2017-04-09','2017-04-11 14:09:33','p1','001086','','1'),(279,100,'134',2,'3',1,'2017-04-11','2017-04-11 14:10:23','p1','001087','','1'),(280,450,'245',2,'3',1,'2017-04-11','2017-04-11 14:11:18','p1','001088','','1'),(281,150,'425',2,'3',1,'2017-04-11','2017-04-11 16:38:59','p1','001089','','1'),(282,650,'56',2,'3',1,'2017-04-11','2017-04-11 16:39:49','p1','001090','','1'),(283,350,'471',2,'3',1,'2017-04-11','2017-04-11 16:40:38','p1','001091','','1'),(284,200,'66',2,'3',1,'2017-04-11','2017-04-11 16:41:38','p1','001092','','1'),(285,200,'63',2,'3',1,'2017-04-11','2017-04-11 16:42:27','p1','001093','','1'),(286,150,'473',2,'3',1,'2017-04-11','2017-04-11 16:46:03','p1','001094','','1'),(287,200,'472',2,'3',1,'2017-04-11','2017-04-11 16:46:46','p1','001095','','1'),(288,100,'470',2,'3',1,'2017-04-11','2017-04-11 16:47:25','p1','001096','','1'),(289,150,'173',2,'3',1,'2017-04-11','2017-04-11 16:59:24','p1','001097','','1'),(290,150,'58',2,'3',1,'2017-04-11','2017-04-11 17:00:02','p1','001098','','1'),(291,150,'55',2,'3',1,'2017-04-11','2017-04-12 15:35:45','p1','001099','','1'),(292,200,'429',2,'3',1,'2017-04-11','2017-04-12 15:37:06','p1','001100','','1'),(293,150,'23',2,'3',1,'2017-04-12','2017-04-12 15:37:54','p1','001101','','1'),(294,490,'376',2,'3',1,'2017-04-12','2017-04-12 15:38:42','p1','001102','','1'),(295,200,'100',2,'3',1,'2017-04-12','2017-04-12 15:39:59','p1','001103','','1'),(296,650,'474',2,'3',1,'2017-04-12','2017-04-13 16:23:41','p1','001104','','1'),(297,350,'1',2,'3',1,'2017-04-12','2017-04-13 16:24:54','p1','001105','','1'),(298,300,'418',2,'3',1,'2017-04-12','2017-04-13 16:25:31','p1','001106','','1'),(299,450,'43',2,'3',1,'2017-04-12','2017-04-13 16:26:11','p1','001107','','1'),(300,200,'37',2,'3',1,'2017-04-12','2017-04-13 16:26:45','p1','001108','','1'),(301,300,'193',2,'3',1,'2017-04-12','2017-04-13 16:27:48','p1','001109','','1'),(302,150,'156',2,'3',1,'2017-04-12','2017-04-13 16:28:36','p1','001110','','1'),(303,200,'300',2,'3',1,'2017-04-12','2017-04-13 16:42:29','p1','001111','','1'),(304,200,'353',2,'3',1,'2017-04-12','2017-04-13 16:43:41','p1','001112','','1'),(305,650,'278',2,'5',1,'2017-04-12','2017-04-13 16:44:54','p1','001113','','1'),(306,350,'198',2,'3',1,'2017-04-13','2017-04-13 16:45:35','p1','001114','','1'),(307,500,'417',2,'3',1,'2017-04-13','2017-04-13 16:46:21','p1','001115','','1'),(308,200,'476',2,'3',1,'2017-04-13','2017-04-15 16:19:29','p1','001116','','1'),(309,350,'45',2,'3',1,'2017-04-13','2017-04-15 16:20:27','p1','001117','','1'),(310,450,'276',2,'3',1,'2017-04-13','2017-04-15 16:21:32','p1','001118','','1'),(311,100,'199',2,'3',1,'2017-04-13','2017-04-15 16:22:33','p1','001119','','1'),(312,400,'117',2,'3',1,'2017-04-14','2017-04-15 16:23:26','p1','001120','','1'),(313,200,'8',2,'3',1,'2017-04-14','2017-04-15 16:24:23','p1','001121','','1'),(314,250,'88',2,'3',1,'2017-04-14','2017-04-15 16:25:13','p1','001122','','1'),(315,350,'386',2,'3',1,'2017-04-14','2017-04-15 16:26:02','p1','001123','','1'),(316,150,'475',2,'3',1,'2017-04-14','2017-04-15 16:29:38','p1','001124','','1'),(317,150,'18',2,'3',1,'2017-04-14','2017-04-15 16:30:35','p1','001125','','1'),(318,100,'161',2,'3',1,'2017-04-15','2017-04-15 16:31:27','p1','001126','','1'),(319,200,'477',2,'3',1,'2017-04-15','2017-04-15 16:32:43','p1','001127','','1'),(320,300,'221',2,'3',1,'2017-04-15','2017-04-15 16:33:34','p1','001128','','1'),(321,400,'408',2,'3',1,'2017-04-15','2017-04-15 16:34:46','p1','001129','','1'),(322,450,'402',2,'3',1,'2017-04-15','2017-04-15 16:35:26','p1','001130','','1'),(323,450,'396',2,'3',1,'2017-04-15','2017-04-15 16:36:17','p1','001131','','1'),(324,250,'110',2,'3',1,'2017-04-15','2017-04-15 16:37:07','p1','001132','','1'),(325,200,'478',2,'3',1,'2017-04-15','2017-04-15 16:42:40','p1','001133','','1'),(326,400,'91',2,'3',1,'2017-04-15','2017-04-16 16:41:08','p1','001134','','1'),(327,350,'35',2,'3',1,'2017-04-15','2017-04-16 16:41:59','p1','001135','','1'),(328,200,'420',2,'3',1,'2017-04-15','2017-04-16 16:42:36','p1','001136','','1'),(329,450,'129',2,'3',1,'2017-04-15','2017-04-16 16:43:23','p1','001137','','1'),(330,200,'33',2,'1',1,'2017-04-15','2017-04-16 16:44:07','p1','001138','','1'),(331,250,'30',2,'3',1,'2017-04-16','2017-04-16 16:44:51','p1','001139','','1'),(332,250,'21',2,'3',1,'2017-04-16','2017-04-16 16:45:48','p1','001140','','1'),(333,150,'160',2,'3',1,'2017-04-16','2017-04-16 16:46:53','p1','001141','','1'),(334,-155,'3',1,'3',1,'2017-02-18','2017-04-18 15:05:02','m4','0301','تصوير خارج سنتر  لاسلام','2'),(335,-130,'3',1,'3',1,'2017-02-19','2017-04-18 15:06:13','m4','0302','تصوير خارج سنتر ل اسلام وحسام','2'),(336,-30,'3',1,'3',1,'2017-02-19','2017-04-18 15:07:47','m4','0303','تصوير لعبده خارج سنتر','2'),(337,-15,'3',1,'1',1,'2017-02-19','2017-04-18 15:09:01','m5','0304','طباعة عاصم واسلام','2'),(338,-15,'3',1,'2',1,'2017-02-19','2017-04-18 15:10:51','m5','0305','طباعة ايجه','2'),(339,-20,'3',1,'4',1,'2017-02-19','2017-04-18 16:37:40','m5','0306','طباعه عملة 3 لاسلام وعمارة 2 لحسام','2'),(340,-100,'3',1,'3',1,'2017-02-21','2017-04-18 16:44:32','m2','0307','شحن موبايل','2'),(341,-10,'3',1,'4',1,'2017-02-22','2017-04-18 16:53:14','m5','0308','طباعة اساطير فن','2'),(342,200,'475',2,'3',1,'2017-04-18','2017-04-19 17:03:52','p1','001142','','1'),(343,300,'205',2,'3',1,'2017-04-19','2017-04-19 17:04:32','p1','001143','','1'),(344,200,'273',2,'3',1,'2017-04-19','2017-04-19 17:05:11','p1','001144','','1'),(345,200,'426',2,'3',1,'2017-04-19','2017-04-19 17:05:47','p1','001145','','1'),(346,300,'42',2,'3',1,'2017-04-19','2017-04-19 17:06:18','p1','001146','','1'),(347,350,'430',2,'3',1,'2017-04-19','2017-04-19 17:06:53','p1','001147','','1'),(348,200,'28',2,'3',1,'2017-04-19','2017-04-19 17:07:30','p1','001148','','1'),(349,400,'391',2,'3',1,'2017-04-19','2017-04-19 17:08:15','p1','001149','','1'),(350,350,'414',2,'3',1,'2017-04-19','2017-04-19 17:09:27','p1','001150','','1'),(351,200,'393',2,'3',1,'2017-04-19','2017-04-19 17:10:34','p1','001151','','1'),(352,450,'321',2,'3',1,'2017-04-19','2017-04-19 17:11:39','p1','001152','','1'),(353,400,'27',2,'3',1,'2017-04-19','2017-04-19 17:12:50','p1','001153','','1'),(355,150,'410',2,'3',1,'2017-04-19','2017-04-19 17:14:55','p1','001154','','1'),(356,350,'295',2,'3',1,'2017-04-19','2017-04-19 17:15:40','p1','001155','','1'),(357,300,'81',2,'3',1,'2017-04-19','2017-04-19 17:16:16','p1','001156','','1'),(358,250,'173',2,'3',1,'2017-04-19','2017-04-19 17:16:48','p1','001157','','1'),(359,500,'480',2,'3',1,'2017-04-19','2017-04-19 17:59:31','p1','001158','','1'),(360,-150,'3',1,'3',1,'2017-03-01','2017-04-19 18:03:07','m9','0309','استرداد  نهال عبدالواحد','2'),(361,-150,'3',1,'3',1,'2017-03-04','2017-04-19 18:04:26','m9','0310','استرداد  نغم الحلواني','2'),(362,-90,'3',1,'3',1,'2017-03-06','2017-04-19 18:05:47','m2','0311','شحن موبايل','2'),(363,-250,'3',1,'3',1,'2017-03-08','2017-04-19 18:07:11','m9','0312','استرداد  منه الله هلالي','2'),(364,-250,'3',1,'3',1,'2017-03-08','2017-04-19 18:08:21','m9','0313','استرداد   هدى خالد','2'),(365,-300,'3',1,'3',1,'2017-03-13','2017-04-19 18:09:26','m9','0314','استرداد      مي طارق','2'),(366,-200,'3',1,'3',1,'2017-02-23','2017-04-20 11:21:43','m8','0315','مكافاة شهر  2','2'),(367,-200,'3',1,'4',1,'2017-02-23','2017-04-20 11:22:41','m8','0316','مكافاه شهر 2','2'),(368,-200,'3',1,'2',1,'2017-02-23','2017-04-20 11:23:57','m8','0317','مكافاه شهر 2','2'),(369,-200,'3',1,'1',1,'2017-02-23','2017-04-20 11:24:57','m8','0318','مكافاه شهر 2','2'),(370,-200,'3',1,'5',1,'2017-02-23','2017-04-20 11:25:54','m8','0319','مكافاه شهر 2','2'),(371,-40,'3',1,'3',1,'2017-02-25','2017-04-20 11:26:56','m4','0320','تصوير خارج السنتر ','2'),(372,-20,'3',1,'2',1,'2017-02-26','2017-04-20 11:33:49','m5','0321','طباعه','2'),(373,-1750,'3',1,'2',1,'2017-04-25','2017-04-20 11:49:40','m3','0322','مرتب شهر 2','2'),(374,-1750,'3',1,'4',1,'2017-02-25','2017-04-20 11:51:14','m3','0323','مرتب شهر 2','2'),(375,-1250,'3',1,'1',1,'2017-02-25','2017-04-20 11:55:34','m3','0324','مرتب شهر 2','2'),(376,-1750,'3',1,'5',1,'2017-02-25','2017-04-20 11:57:20','m3','0325','مرتب شهر 2','2'),(377,-1750,'3',1,'3',1,'2017-03-25','2017-04-20 12:03:36','m3','0326','مرتب شهر 2','2'),(378,-150,'3',1,'3',1,'2017-03-02','2017-04-20 12:05:26','m9','0327','عيد ميلاد القصري','2'),(379,-10,'3',1,'3',1,'2017-03-05','2017-04-20 12:13:33','m9','0328','فخ كرتون ولصق للرحلة','2'),(380,-5,'3',1,'3',1,'2017-03-05','2017-04-20 12:14:20','m5','0329','طباعه وطن عربي','2'),(381,-100,'3',1,'4',1,'2017-03-06','2017-04-20 12:15:30','m3','0330','سلفه مرتب شهر 3','2'),(382,-3000,'3',1,'4',1,'2017-03-06','2017-04-20 12:16:33','m1','0331','سلفه من المكافاه','2'),(383,-10,'3',1,'2',1,'2017-03-07','2017-04-20 12:17:22','m5','0332','طباعه','2'),(384,-25,'3',1,'4',1,'2017-03-07','2017-04-20 12:18:22','m10','0333','رزمه ورق','2'),(385,-15,'3',1,'4',1,'2017-03-07','2017-04-20 12:19:11','m5','0334','طباعه ل اسلام وعاصم','2'),(386,-100,'3',1,'2',1,'2017-03-09','2017-04-20 12:20:43','m3','0335','سلفه مرتب شهر3','2'),(387,-25,'3',1,'3',1,'2017-03-08','2017-04-20 12:22:07','m6','0336','مواصلات للمنشيه لباقي الكفرات ','2'),(388,-5,'3',1,'3',1,'2017-03-12','2017-04-20 12:23:14','m5','0337','طباعه وطن عربي','2'),(389,-1010,'3',1,'1',1,'2017-03-13','2017-04-20 12:25:16','m9','0338','(فرح الحويطي (عاصم واسلام والله الي دفعو','2'),(390,0,'3',1,'3',1,'2017-03-13','2017-04-20 12:28:16','m9','0339','وصل مكرر بعد كدا','2'),(391,-105,'3',1,'3',1,'2017-03-20','2017-04-20 12:29:44','m2','0340','شحن موبايل','2'),(392,-605,'3',1,'3',1,'2017-03-11','2017-04-20 12:33:50','m9','0341','مصاريف الرحلة','2'),(393,-200,'3',1,'5',1,'2017-03-11','2017-04-20 12:34:48','m9','0342','خياطه معتز','2'),(394,-100,'3',1,'4',1,'2017-03-11','2017-04-20 12:36:17','m9','0343','توصيل الطلبة يوم الرحلة وادوات مكتبية','2'),(395,-300,'3',1,'3',1,'2017-03-21','2017-04-20 12:37:33','m8','0344','مكافاه لعيد الام','2'),(396,-300,'3',1,'1',1,'2017-03-21','2017-04-20 12:38:19','m8','0345','مكافاه لعيد الام','2'),(397,-300,'3',1,'2',1,'2017-03-21','2017-04-20 12:39:48','m8','0346','مكافاه لعيد الام','2'),(398,-300,'3',1,'4',1,'2017-03-21','2017-04-20 12:40:40','m8','0347','مكافاه لعيد الام','2'),(399,-300,'3',1,'5',1,'2017-03-21','2017-04-20 12:41:27','m8','0348','مكافاه لعيد الام','2'),(400,-10,'3',1,'2',1,'2017-04-22','2017-04-20 12:42:35','m5','0349','طباعة','2'),(401,-10,'3',1,'4',1,'2017-03-22','2017-04-20 12:43:22','m5','0350','طباعة','2'),(402,-60,'3',1,'4',1,'2017-03-25','2017-04-20 12:44:39','m9','0351','هارد ','2'),(403,-10,'3',1,'2',1,'2017-03-25','2017-04-20 12:45:37','m5','0352','طباعة','2'),(404,-55,'3',1,'3',1,'2017-03-25','2017-04-20 12:47:38','m10','0353','(كتابة مواد( نها','2'),(405,-50,'3',1,'5',1,'2017-03-25','2017-04-20 12:48:42','m10','0354','رزمه ورق','2'),(406,-50,'3',1,'1',1,'2017-03-25','2017-04-20 12:49:58','m7','0355','(ضيافه لطلبة (دعايه','2'),(407,-1250,'3',1,'1',1,'2017-03-25','2017-04-20 12:50:46','m3','0356','مرتب شهر 3','2'),(408,-1750,'3',1,'5',1,'2017-03-25','2017-04-20 12:51:28','m3','0357','مرتب شهر 3','2'),(409,-1750,'3',1,'3',1,'2017-03-25','2017-04-20 12:52:39','m3','0358','مرتب شهر 3','2'),(410,-1650,'3',1,'4',1,'2017-03-25','2017-04-20 12:54:15','m3','0359','مرتب شهر 3','2'),(411,-1650,'3',1,'2',1,'2017-03-25','2017-04-20 12:54:56','m3','0360','مرتب شهر 3','2'),(412,-15,'3',1,'1',1,'2017-03-25','2017-04-20 12:55:52','m5','0361','طباعه عاصم واسلام','2'),(413,-70,'3',1,'3',1,'2017-04-26','2017-04-20 12:59:19','m4','0362','تصوير خارج السنتر ','2'),(414,-100,'3',1,'6',1,'2017-04-02','2017-04-20 13:01:25','m10','0363','كتابه عبده وحويطي','2'),(415,-5,'3',1,'3',1,'2017-04-03','2017-04-20 13:02:18','m5','0364','طباعه','2'),(416,-15,'3',1,'3',1,'2017-04-03','2017-04-20 13:03:43','m7','0365',' ضيافه طلبة  دعاية','2'),(417,-10,'3',1,'2',1,'2017-04-03','2017-04-20 13:04:34','m5','0366','طباعه','2'),(418,-1000,'3',1,'5',1,'2017-04-03','2017-04-20 13:05:32','m1','0367','سلفه من المكافاه','2'),(419,-10,'3',1,'2',1,'2017-04-05','2017-04-20 13:06:17','m5','0368','طباعه','2'),(420,-5,'3',1,'3',1,'2017-04-05','2017-04-20 13:07:05','m5','0369','طباعه','2'),(421,-50,'3',1,'2',1,'2017-04-05','2017-04-20 13:08:20','m3','0370','سلفه مرتب شهر 4','2'),(422,100,'481',2,'3',1,'2017-04-20','2017-04-20 13:49:22','p1','001159','','1'),(423,-100,'3',1,'3',1,'2017-04-05','2017-04-20 13:50:33','m9','0371','للمرشد','2'),(424,-100,'3',1,'3',1,'2017-04-05','2017-04-20 13:52:13','m2','0372','شحن موبايل','2'),(425,-1500,'3',1,'4',1,'2017-04-06','2017-04-20 13:53:07','m1','0373','سلفه من المكافاه','2'),(426,-60,'3',1,'5',1,'2017-04-06','2017-04-20 14:12:39','m9','0374','كتاب سنه اولى لعبده','2'),(427,-90,'3',1,'5',1,'2017-04-06','2017-04-20 14:13:55','m10','0375','كتاب فرعوني سنه تانيه لعبده','2'),(428,-165,'3',1,'5',1,'2017-04-06','2017-04-20 14:14:50','m9','0376','اكل يوم الاتحاد السكندري','2'),(429,-400,'3',1,'3',1,'2017-04-08','2017-04-20 14:15:43','m9','0377','خروجه المسمط','2'),(430,-100,'3',1,'1',1,'2017-04-08','2017-04-20 14:16:59','m9','0378','بعد خروجه المسمط100 جنيه لعاصم','2'),(431,-25,'3',1,'4',1,'2017-04-08','2017-04-20 14:17:41','m5','0379','طباعه','2'),(432,-25,'3',1,'2',1,'2017-04-08','2017-04-20 14:18:19','m5','0380','طباعه','2'),(433,-4141,'3',1,'3',1,'2017-04-11','2017-04-20 14:19:20','m4','0381','تصوير شهر 3 ونص شهر 2','2'),(434,-192,'3',1,'3',1,'2017-04-11','2017-04-20 14:22:17','m5','0382','(بروجكتور 110(82طباعه)','2'),(435,-200,'3',1,'3',1,'2017-04-11','2017-04-20 14:28:45','m9','0383','سينما في اول الترم','2'),(436,-100,'3',1,'3',1,'2017-04-11','2017-04-20 14:30:36','m9','0384','عيد ميلاد اسلام ','2'),(437,-50,'3',1,'3',1,'2017-04-11','2017-04-20 14:31:52','m10','0385','50 جنيه باقي حساب الكفرات لمطبعة المنشيه','2'),(438,-5,'3',1,'3',1,'2017-04-11','2017-04-20 14:32:41','m5','0386','طباعه وطن العربي\r\n','2'),(439,-200,'3',1,'3',1,'2017-04-15','2017-04-20 14:34:07','m8','0387','مكافاه شهر 4','2'),(440,-200,'3',1,'1',1,'2017-04-15','2017-04-20 14:34:50','m8','0388','مكافاه شهر 4','2'),(441,-200,'3',1,'5',1,'2017-04-15','2017-04-20 14:35:38','m8','0389','مكافاه شهر 4','2'),(442,-200,'3',1,'2',1,'2017-04-15','2017-04-20 14:36:23','m8','0390','مكافاه شهر 4','2'),(443,-200,'3',1,'4',1,'2017-04-15','2017-04-20 14:37:18','m8','0391','مكافاه شهر 4','2'),(444,-200,'3',1,'4',1,'2017-04-15','2017-04-20 14:38:13','m3','0392','سلفه من مرتب شهر 4','2'),(445,-100,'3',1,'2',1,'2017-04-16','2017-04-20 14:39:15','m8','0393','(مكافاه شم النسيم (رنجه','2'),(446,-100,'3',1,'3',1,'2017-04-16','2017-04-20 14:39:58','m8','0394','(مكافاه شم النسيم (رنجه','2'),(447,-100,'3',1,'1',1,'2017-04-16','2017-04-20 14:40:40','m8','0395','(مكافاه شم النسيم (رنجه','2'),(448,-100,'3',1,'4',1,'2017-04-16','2017-04-20 14:41:19','m8','0396','(مكافاه شم النسيم (رنجه','2'),(449,-100,'3',1,'5',1,'2017-04-16','2017-04-20 14:42:06','m8','0397','(مكافاه شم النسيم (رنجه','2'),(450,-200,'3',1,'5',1,'2017-04-20','2017-04-20 14:50:11','m7','0398','مكافاه لطلبه اولى الناجحين','2'),(451,150,'173',2,'3',1,'2017-04-20','2017-04-20 15:03:37','p1','001160','','1'),(452,450,'390',2,'3',1,'2017-04-21','2017-04-21 11:28:40','p1','001161','','1'),(453,250,'142',2,'3',1,'2017-04-21','2017-04-21 11:30:53','p1','001162','','1'),(454,-20,'3',1,'2',1,'2017-04-20','2017-04-21 11:33:15','m5','0399','طباعه','2'),(455,-500,'3',1,'4',1,'2017-04-20','2017-04-21 11:33:54','m1','0400','سلفه من المكافاه','2'),(456,-200,'3',1,'4',1,'2017-04-20','2017-04-21 12:13:14','m8','0401','مكافاه شهر 4  تاني  مره','2'),(457,-200,'3',1,'2',1,'2017-04-20','2017-04-21 12:13:55','m8','0402','مكافاه شهر 4  تاني  مره','2'),(458,-200,'3',1,'1',1,'2017-04-20','2017-04-21 12:14:35','m8','0403','مكافاه شهر 4  تاني  مره','2'),(459,-200,'3',1,'5',1,'2017-04-20','2017-04-21 12:15:19','m8','0404','مكافاه شهر 4  تاني  مره','2'),(460,-200,'3',1,'3',1,'2017-04-20','2017-04-21 12:16:04','m8','0405','مكافاه شهر 4  تاني  مره','2'),(461,200,'176',2,'3',1,'2017-04-21','2017-04-23 11:51:07','p1','001163','','1'),(462,300,'118',2,'3',1,'2017-04-23','2017-04-23 11:51:58','p1','001164','','1'),(463,200,'482',2,'3',1,'2017-04-23','2017-04-23 11:56:38','p1','001165','','1'),(464,150,'382',2,'3',1,'2017-04-23','2017-04-23 11:57:18','p1','001166','','1'),(465,250,'44',2,'3',1,'2017-04-23','2017-04-23 14:36:19','p1','001167','','1'),(466,650,'413',2,'3',1,'2017-04-24','2017-04-25 15:09:55','p1','001168','','1'),(467,500,'302',2,'3',1,'2017-04-24','2017-04-25 15:10:58','p1','001169','','1'),(468,200,'483',2,'3',1,'2017-04-24','2017-04-25 15:11:47','p1','001170','','1'),(469,400,'92',2,'3',1,'2017-04-24','2017-04-25 15:12:26','p1','001171','','1'),(470,350,'107',2,'3',1,'2017-04-24','2017-04-25 15:13:03','p1','001172','','1'),(471,350,'51',2,'3',1,'2017-04-24','2017-04-25 15:13:47','p1','001173','','1'),(472,250,'80',2,'3',1,'2017-04-24','2017-04-25 15:14:24','p1','001174','','1'),(473,200,'46',2,'3',1,'2017-04-25','2017-04-25 15:15:08','p1','001175','','1'),(474,200,'63',2,'3',1,'2017-04-25','2017-04-25 15:15:50','p1','001176','','1'),(475,200,'66',2,'3',1,'2017-04-25','2017-04-25 15:16:28','p1','001177','','1'),(476,200,'428',2,'3',1,'2017-04-25','2017-04-25 15:17:07','p1','001178','','1'),(477,300,'48',2,'3',1,'2017-04-25','2017-04-26 18:22:19','p1','001179','','1'),(478,250,'116',2,'3',1,'2017-04-25','2017-04-26 18:23:58','p1','001180','','1'),(479,200,'484',2,'3',1,'2017-04-25','2017-04-26 18:27:14','p1','001181','','1'),(480,500,'421',2,'3',1,'2017-04-26','2017-04-26 18:33:53','p1','001182','','1'),(481,450,'19',2,'3',1,'2017-04-26','2017-04-26 18:34:29','p1','001183','','1'),(482,250,'420',2,'3',1,'2017-04-26','2017-04-26 18:35:08','p1','001184','','1'),(483,450,'22',2,'3',1,'2017-04-26','2017-04-26 18:35:47','p1','001185','','1'),(484,200,'130',2,'3',1,'2017-04-26','2017-04-26 18:39:27','p1','001186','','1'),(485,400,'131',2,'3',1,'2017-04-26','2017-04-26 18:40:06','p1','001187','','1'),(486,50,'45',2,'3',1,'2017-04-26','2017-04-26 18:40:44','p1','001188','','1'),(487,200,'79',2,'3',1,'2017-04-26','2017-04-26 18:41:31','p1','001189','','1'),(488,200,'28',2,'3',1,'2017-04-26','2017-04-26 18:43:54','p1','001189','','1'),(489,250,'16',2,'3',1,'2017-04-26','2017-04-26 18:44:38','p1','001190','','1'),(490,400,'15',2,'3',1,'2017-04-26','2017-04-26 19:05:34','p1','001191','','1'),(491,200,'37',2,'3',1,'2017-04-26','2017-04-26 19:06:41','p1','001192','','1'),(492,200,'164',2,'3',1,'2017-04-26','2017-04-26 19:07:30','p1','001193','','1'),(493,150,'144',2,'3',1,'2017-04-26','2017-04-26 19:08:15','p1','001194','','1'),(494,500,'96',2,'3',1,'2017-04-26','2017-04-26 19:08:56','p1','001195','','1'),(495,650,'181',2,'3',1,'2017-04-26','2017-04-26 19:09:48','p1','001196','','1'),(496,350,'288',2,'3',1,'2017-04-26','2017-04-26 19:10:36','p1','001197','','1'),(497,250,'145',2,'3',1,'2017-04-26','2017-04-26 19:11:20','p1','001198','','1'),(498,450,'12',2,'3',1,'2017-04-26','2017-04-26 19:12:14','p1','001199','','1'),(499,350,'235',2,'3',1,'2017-04-26','2017-04-26 19:12:54','p1','001200','','1'),(500,100,'201',2,'3',1,'2017-04-26','2017-04-26 19:14:03','p1','001201','','1'),(501,450,'485',2,'3',1,'2017-04-26','2017-04-26 19:18:07','p1','001202','','1'),(502,400,'65',2,'5',1,'2017-04-28','2017-04-29 19:43:57','p1','001203','','1'),(503,300,'61',2,'5',1,'2017-04-28','2017-04-29 19:45:09','p1','001204','','1'),(504,150,'360',2,'3',1,'2017-04-29','2017-04-29 19:47:20','p1','001205','','1'),(505,650,'266',2,'3',1,'2017-04-29','2017-05-01 15:16:57','p1','001206','','1'),(506,150,'205',2,'3',1,'2017-04-29','2017-05-01 15:18:33','p1','001207','','1'),(507,300,'165',2,'3',1,'2017-04-29','2017-05-01 15:20:16','p1','001208','','1'),(508,300,'378',2,'3',1,'2017-04-29','2017-05-01 15:22:56','p1','001209','','1'),(509,100,'458',2,'3',1,'2017-04-29','2017-05-01 15:25:03','p1','001210','','1'),(510,100,'475',2,'3',1,'2017-04-30','2017-05-01 15:26:24','p1','001211','','1'),(511,450,'479',2,'3',1,'2017-04-30','2017-05-01 15:27:14','p1','001212','','1'),(512,250,'225',2,'3',1,'2017-04-30','2017-05-01 15:27:56','p1','001213','','1'),(513,200,'475',2,'3',1,'2017-05-01','2017-05-01 18:10:47','p1','001214','','1'),(514,200,'106',2,'3',1,'2017-05-01','2017-05-01 18:11:20','p1','001215','','1'),(515,300,'451',2,'3',1,'2017-05-01','2017-05-01 18:14:37','p1','001216','','1'),(516,150,'450',2,'3',1,'2017-05-01','2017-05-01 18:15:26','p1','001217','','1'),(517,200,'104',2,'3',1,'2017-05-01','2017-05-01 18:16:03','p1','001218','','1'),(518,200,'458',2,'3',1,'2017-04-12','2017-05-01 18:20:27','p1','001111','','1'),(519,100,'145',2,'3',1,'2017-05-01','2017-05-01 18:50:00','p1','001219','','1'),(520,200,'130',2,'3',1,'2017-05-01','2017-05-02 18:25:57','p1','001220','','1'),(521,400,'89',2,'3',1,'2017-05-02','2017-05-02 18:27:07','p1','001221','','1'),(522,400,'86',2,'3',1,'2017-05-02','2017-05-02 18:28:03','p1','001222','','1'),(523,450,'87',2,'3',1,'2017-05-02','2017-05-02 18:28:46','p1','001223','','1'),(524,500,'445',2,'3',1,'2017-05-02','2017-05-02 18:29:33','p1','001224','','1'),(525,300,'73',2,'3',1,'2017-05-02','2017-05-02 18:30:21','p1','001225','','1'),(526,350,'60',2,'3',1,'2017-05-02','2017-05-02 18:31:08','p1','001226','','1'),(527,300,'176',2,'3',1,'2017-05-02','2017-05-02 18:31:51','p1','001227','','1'),(528,150,'110',2,'3',1,'2017-05-03','2017-05-09 16:10:25','p1','001228','','1'),(529,200,'189',2,'3',1,'2017-05-04','2017-05-09 16:11:10','p1','001229','','1'),(530,100,'29',2,'3',1,'2017-05-04','2017-05-09 16:11:48','p1','001230','','1'),(531,300,'369',2,'3',1,'2017-05-04','2017-05-09 16:12:35','p1','001231','','1'),(532,100,'486',2,'3',1,'2017-05-07','2017-05-09 16:28:53','p1','001232','','1'),(533,350,'147',2,'3',1,'2017-05-07','2017-05-09 16:29:33','p1','001233','','1'),(534,150,'9',2,'3',1,'2017-05-07','2017-05-09 16:30:15','p1','001234','','1'),(535,200,'483',2,'3',1,'2017-05-07','2017-05-09 16:32:18','p1','001235','','1'),(536,150,'94',2,'3',1,'2017-05-08','2017-05-09 16:33:13','p1','001236','','1'),(537,250,'303',2,'3',1,'2017-05-08','2017-05-09 16:33:52','p1','001237','','1'),(538,650,'93',2,'3',1,'2017-05-08','2017-05-09 16:34:32','p1','001238','','1'),(539,350,'54',2,'3',1,'2017-05-08','2017-05-09 16:35:13','p1','001239','','1'),(540,200,'133',2,'3',1,'2017-05-08','2017-05-09 16:35:55','p1','001240','','1'),(541,250,'46',2,'3',1,'2017-05-08','2017-05-09 16:37:05','p1','001241','','1'),(542,150,'463',2,'3',1,'2017-05-08','2017-05-09 16:38:09','p1','001242','','1'),(543,350,'59',2,'3',1,'2017-05-08','2017-05-09 16:38:44','p1','001243','','1'),(544,450,'67',2,'3',1,'2017-05-09','2017-05-09 16:39:22','p1','001244','','1'),(545,100,'486',2,'3',1,'2017-04-15','2017-05-10 16:26:30','p1','001126','','1'),(546,200,'488',2,'3',1,'2017-05-09','2017-05-12 16:30:42','p1','001245','','1'),(547,100,'472',2,'3',1,'2017-05-09','2017-05-12 16:32:21','p1','001246','','1'),(548,150,'159',2,'3',1,'2017-05-09','2017-05-12 16:34:44','p1','001247','','1'),(549,300,'476',2,'3',1,'2017-05-09','2017-05-12 16:35:33','p1','001248','','1'),(550,350,'469',2,'3',1,'2017-05-09','2017-05-12 16:36:31','p1','001249','','1'),(551,200,'471',2,'3',1,'2017-05-10','2017-05-12 16:38:11','p1','001250','','1'),(552,200,'16',2,'3',1,'2017-05-10','2017-05-12 16:47:53','p1','001251','','1'),(553,200,'139',2,'5',1,'2017-05-10','2017-05-12 16:48:53','p1','001252','','1'),(554,200,'395',2,'5',1,'2017-05-10','2017-05-12 16:49:49','p1','001253','','1'),(555,150,'421',2,'3',1,'2017-05-10','2017-05-12 16:51:23','p1','001254','','1'),(556,500,'98',2,'3',1,'2017-05-10','2017-05-12 16:52:03','p1','001255','','1'),(557,300,'412',2,'3',1,'2017-05-10','2017-05-12 16:52:43','p1','001257','','1'),(558,100,'194',2,'3',1,'2017-05-11','2017-05-12 16:59:59','p1','001258','','1'),(559,100,'490',2,'3',1,'2017-05-10','2017-05-12 17:04:03','p1','001260','','1'),(560,350,'165',2,'3',1,'2017-05-10','2017-05-12 17:05:11','p1','001261','','1'),(561,400,'188',2,'3',1,'2017-05-10','2017-05-12 17:05:54','p1','001262','','1'),(562,100,'448',2,'3',1,'2017-05-10','2017-05-12 17:08:08','p1','001263','','1'),(563,200,'465',2,'3',1,'2017-05-10','2017-05-12 17:10:37','p1','001264','','1'),(564,300,'465',2,'3',1,'2017-04-15','2017-05-12 17:12:22','p1','001128','','1'),(565,200,'26',2,'3',1,'2017-05-10','2017-05-12 17:13:18','p1','001265','','1'),(566,250,'416',2,'3',1,'2017-05-11','2017-05-12 17:41:03','p1','001266','','1'),(567,350,'342',2,'3',1,'2017-05-11','2017-05-12 17:44:27','p1','001267','','1'),(568,350,'320',2,'3',1,'2017-05-11','2017-05-12 17:46:05','p1','001268','','1'),(569,200,'134',2,'3',1,'2017-05-11','2017-05-12 17:46:58','p1','001269','','1'),(570,100,'55',2,'3',1,'2017-05-11','2017-05-12 17:48:51','p1','001270','','1'),(571,350,'409',2,'3',1,'2017-05-11','2017-05-12 17:50:10','p1','001271','','1'),(572,200,'442',2,'3',1,'2017-05-11','2017-05-12 18:23:33','p1','001272','','1'),(573,200,'443',2,'3',1,'2017-05-11','2017-05-12 18:24:33','p1','001273','','1'),(574,150,'377',2,'1',1,'2017-05-11','2017-05-12 18:25:45','p2','001274','','1'),(575,50,'433',2,'3',1,'2017-05-11','2017-05-12 18:26:39','p1','001275','','1'),(576,250,'78',2,'3',1,'2017-05-11','2017-05-12 18:28:35','p1','001276','','1'),(577,250,'175',2,'3',1,'2017-05-11','2017-05-12 18:31:24','p1','001277','','1'),(578,150,'72',2,'3',1,'2017-05-11','2017-05-12 18:32:34','p1','001278','','1'),(579,450,'353',2,'3',1,'2017-05-11','2017-05-12 18:33:55','p1','001279','','1'),(580,550,'40',2,'3',1,'2017-05-11','2017-05-12 18:35:12','p1','001280','','1'),(581,150,'45',2,'3',1,'2017-05-12','2017-05-12 18:37:32','p1','001281','','1'),(582,200,'18',2,'3',1,'2017-05-12','2017-05-12 18:39:42','p1','001282','','1'),(583,150,'487',2,'3',1,'2017-05-09','2017-05-12 19:19:39','p1','001247','','1'),(584,350,'392',2,'3',1,'2017-05-13','2017-05-16 11:05:37','p1','001283','','1'),(585,200,'496',2,'3',1,'2017-05-13','2017-05-16 14:17:15','p1','001284','','1'),(586,50,'15',2,'3',1,'2017-05-13','2017-05-16 14:18:25','p1','001285','','1'),(587,300,'410',2,'3',1,'2017-05-13','2017-05-16 14:19:15','p1','001286','','1'),(588,250,'268',2,'3',1,'2017-05-13','2017-05-16 14:20:19','p1','001287','','1'),(589,350,'467',2,'3',1,'2017-05-13','2017-05-16 14:22:44','p1','001288','','1'),(590,350,'491',2,'3',1,'2017-05-13','2017-05-16 14:23:53','p1','001289','','1'),(591,100,'60',2,'3',1,'2017-05-13','2017-05-16 14:24:39','p1','001290','','1'),(592,200,'289',2,'3',1,'2017-05-13','2017-05-16 14:25:20','p1','001291','','1'),(593,250,'68',2,'3',1,'2017-05-14','2017-05-16 14:25:56','p1','001292','','1'),(594,100,'107',2,'1',1,'2017-05-14','2017-05-16 14:27:41','p1','001293','','1'),(595,250,'428',2,'3',1,'2017-05-14','2017-05-16 14:28:30','p1','001294','','1'),(596,350,'456',2,'3',1,'2017-05-14','2017-05-16 14:29:56','p1','001295','','1'),(597,400,'52',2,'3',1,'2017-05-14','2017-05-16 14:30:59','p1','001296','','1'),(598,100,'444',2,'3',1,'2017-05-14','2017-05-16 14:32:23','p1','001297','','1'),(599,500,'423',2,'3',1,'2017-05-14','2017-05-16 14:33:10','p1','001298','','1'),(600,250,'167',2,'3',1,'2017-05-14','2017-05-16 14:34:51','p1','001299','','1'),(601,250,'91',2,'3',1,'2017-05-14','2017-05-16 14:35:47','p1','001300','','1'),(602,200,'495',2,'3',1,'2017-05-14','2017-05-16 14:38:41','p1','001301','','1'),(603,150,'494',2,'3',1,'2017-05-14','2017-05-16 14:42:46','p1','001302','','1'),(604,250,'47',2,'3',1,'2017-05-14','2017-05-16 14:45:14','p1','001303','','1'),(605,350,'149',2,'3',1,'2017-05-14','2017-05-16 14:58:24','p1','001304','','1'),(606,200,'85',2,'3',1,'2017-05-14','2017-05-16 14:59:09','p1','001305','','1'),(607,250,'150',2,'3',1,'2017-05-14','2017-05-16 15:00:07','p1','001306','','1'),(608,300,'135',2,'3',1,'2017-05-14','2017-05-16 15:01:03','p1','001307','','1'),(609,150,'435',2,'3',1,'2017-05-14','2017-05-16 15:02:34','p1','001308','','1'),(610,100,'429',2,'3',1,'2017-05-14','2017-05-16 15:21:56','p1','001309','','1'),(611,50,'458',2,'3',1,'2017-05-14','2017-05-16 15:22:46','p1','001310','','1'),(612,150,'291',2,'3',1,'2017-05-14','2017-05-16 15:23:31','p1','001311','','1'),(613,100,'493',2,'3',1,'2017-05-14','2017-05-16 15:27:29','p1','001312','','1'),(614,200,'101',2,'3',1,'2017-05-14','2017-05-16 15:39:42','p1','001313','','1'),(615,600,'207',2,'3',1,'2017-05-15','2017-05-16 15:40:30','p1','001314','','1'),(616,200,'478',2,'3',1,'2017-05-15','2017-05-16 15:41:14','p1','001315','','1'),(617,150,'494',2,'5',1,'2017-05-15','2017-05-16 15:41:58','p1','001316','','1'),(618,150,'462',2,'3',1,'2017-05-15','2017-05-16 15:43:48','p1','001317','','1'),(619,50,'488',2,'3',1,'2017-05-16','2017-05-16 15:45:01','p1','001318','','1'),(620,200,'71',2,'3',1,'2017-05-16','2017-05-16 15:45:46','p1','001319','','1'),(621,200,'499',2,'3',1,'2017-05-16','2017-05-16 15:46:30','p1','001320','','1'),(622,500,'457',2,'3',1,'2017-04-24','2017-05-16 17:05:24','p1','001169','','1'),(623,200,'448',2,'3',1,'2017-05-05','2017-05-16 17:31:44','p1','001060','','1'),(624,200,'447',2,'3',1,'2017-04-05','2017-05-16 17:33:18','p1','001059','','1'),(625,450,'447',2,'3',1,'2017-04-13','2017-05-16 17:38:58','p1','001118','','1'),(626,100,'495',2,'3',1,'2017-05-16','2017-05-17 13:21:05','p1','001321','','1'),(627,50,'52',2,'3',1,'2017-05-17','2017-05-17 13:21:52','p1','001322','','1'),(628,150,'500',2,'3',1,'2017-05-17','2017-05-17 13:25:29','p1','001323','','1'),(629,-200,'3',1,'3',1,'2017-05-20','2017-05-17 13:30:44','m7','0406','حساب 2 طلبة ','2'),(630,-100,'3',1,'3',1,'2017-05-20','2017-05-17 13:32:38','m7','0407','حساب طالب','2'),(631,-100,'3',1,'1',1,'2017-04-23','2017-05-17 13:37:36','m2','0408','','2'),(632,100,'62',2,'3',1,'2017-05-17','2017-05-17 14:28:40','p1','001324','','1'),(633,200,'273',2,'3',1,'2017-05-17','2017-05-17 14:29:49','p1','001325','','1'),(634,-50,'3',1,'2',1,'2017-04-23','2017-05-17 20:37:11','m3','0409','سلفه مرتب شهر 5','2'),(635,-5,'3',1,'3',1,'2017-04-24','2017-05-17 20:38:05','m5','0410','طباعه وطن عربي','2'),(636,-250,'3',1,'6',1,'2017-04-26','2017-05-17 20:39:33','m9','0411','كتابه عاصم واسلام وعبده','2'),(637,-1250,'3',1,'1',1,'2017-04-25','2017-05-17 20:41:46','m3','0412','مرتب4','2'),(638,-350,'3',1,'1',1,'2017-04-25','2017-05-17 20:42:45','m8','0413','مكافاه شهر 4','2'),(639,-100,'3',1,'1',1,'2017-05-12','2017-05-17 20:43:40','m2','0414','شحن موبايل','2'),(640,-350,'3',1,'3',1,'2017-05-12','2017-05-17 20:45:00','m9','0415','استردادمصاريف عمر طارق جمال ','2'),(641,-50,'3',1,'1',1,'2017-05-12','2017-05-17 20:46:02','m4','0416','تصوير عاصم وطباعه خارج السنتر','2'),(642,-130,'3',1,'6',1,'2017-05-12','2017-05-17 21:17:01','m9','0417','كتابه عبده واسلام','2'),(643,-20,'3',1,'1',1,'2017-05-12','2017-05-17 21:18:00','m5','0418','طباعه','2'),(644,-1000,'3',1,'1',1,'2017-05-12','2017-05-17 21:19:04','m1','0419','سلفة من المكافاه','2'),(645,-1750,'3',1,'4',1,'2017-05-12','2017-05-17 21:20:20','m3','0420','مرتب شهر 4','2'),(646,-500,'3',1,'4',1,'2017-05-12','2017-05-17 21:21:34','m8','0421','مكافاه شهر 4','2'),(647,-1650,'3',1,'2',1,'2017-05-12','2017-05-17 21:22:32','m3','0422','مرتب شهر4','2'),(648,-500,'3',1,'2',1,'2017-05-12','2017-05-17 21:23:31','m8','0423','مكافاه شهر4','2'),(649,-1750,'3',1,'5',1,'2017-05-12','2017-05-17 21:24:28','m3','0424','مرتب شهر4','2'),(650,-500,'3',1,'5',1,'2017-05-12','2017-05-17 21:25:28','m8','0425','مكافاه شهر4','2'),(651,-1750,'3',1,'3',1,'2017-05-12','2017-05-17 21:26:25','m3','0426','مرتب شهر 4','2'),(652,-500,'3',1,'3',1,'2017-05-12','2017-05-17 21:27:57','m8','0427','مكافاه شهر4','2'),(653,-10,'3',1,'3',1,'2017-05-12','2017-05-17 21:29:16','m5','0428','طباعه وطن عربي','2'),(654,-200,'3',1,'2',1,'2017-05-13','2017-05-17 21:30:39','m3','0429','سلفه مرتب 5','2'),(655,-4660,'3',1,'3',1,'2017-05-13','2017-05-17 21:32:29','m4','0430','(تصوير) وطباعه وبروجكتور 160 (شهر 4)','2'),(656,100,'48',2,'3',1,'2017-05-17','2017-05-20 11:14:29','p1','001326','','1'),(657,250,'115',2,'3',1,'2017-05-17','2017-05-20 11:15:10','p1','001327','','1'),(658,50,'212',2,'3',1,'2017-05-18','2017-05-20 11:15:51','p1','001328','','1'),(659,-5,'3',1,'3',1,'2017-05-13','2017-05-20 11:16:53','m5','0431','طباعه وطن عربي','2'),(660,-150,'3',1,'3',1,'2017-05-13','2017-05-20 11:17:42','m6','0432','مواصلات اوبر الي قرطبه ','2'),(661,-50,'3',1,'3',1,'2017-05-13','2017-05-20 11:18:36','m6','0433','مواصلات من قرطبه)توشا)','2'),(662,-500,'3',1,'3',1,'2017-05-13','2017-05-20 11:19:21','m9','0434','اكل في قرطبه','2'),(663,-10,'3',1,'3',1,'2017-05-15','2017-05-20 11:19:55','m5','0435','','2'),(664,-500,'3',1,'4',1,'2017-05-15','2017-05-20 11:20:40','m3','0436','سلفه مرتب شهر 5','2'),(665,-20,'3',1,'4',1,'2017-05-15','2017-05-20 11:21:18','m5','0437','','2'),(666,-30,'3',1,'3',1,'2017-05-15','2017-05-20 11:22:08','m9','0438','يوم قهوه كيمو ','2'),(667,-30,'3',1,'2',1,'2017-05-15','2017-05-20 11:22:41','m5','0439','','2'),(668,-10,'3',1,'4',1,'2017-05-16','2017-05-20 11:23:15','m5','0440','','2'),(669,-100,'3',1,'4',1,'2017-05-16','2017-05-20 11:23:58','m3','0441','سلفه مرتب شهر 5','2'),(670,-1000,'3',1,'3',1,'2017-05-16','2017-05-20 11:24:46','m1','0442','سلفه من المكافاه','2'),(671,-100,'3',1,'4',1,'2017-05-19','2017-05-20 11:25:34','m3','0443','سلفه من مرتب شهر 5','2'),(672,300,'446',2,'3',1,'2017-04-05','2017-05-20 12:35:42','p1','001061','','1'),(673,100,'502',2,'3',1,'2017-05-18','2017-05-21 16:26:11','p1','001329','','1'),(674,200,'501',2,'3',1,'2017-05-21','2017-05-21 16:26:54','p1','001330','','1'),(675,50,'131',2,'3',1,'2017-05-21','2017-05-21 16:27:35','p1','001331','','1'),(676,50,'130',2,'3',1,'2017-05-21','2017-05-21 16:28:21','p1','001332','','1'),(677,100,'335',2,'3',1,'2017-05-21','2017-05-21 16:28:59','p1','001333','','1'),(678,200,'33',2,'3',1,'2017-05-21','2017-05-21 16:29:55','p1','001334','','1'),(679,100,'291',2,'3',1,'2017-05-21','2017-05-21 16:30:51','p1','001335','','1'),(680,200,'461',2,'3',1,'2017-05-21','2017-05-21 16:43:50','p1','001336','','1'),(681,350,'453',2,'3',1,'2017-05-21','2017-05-22 13:41:03','p1','001337','','1'),(682,100,'453',2,'3',1,'2017-05-21','2017-05-22 13:41:39','p1','001338','','1'),(683,-2150,'3',1,'3',1,'2017-05-19','2017-05-22 13:44:54','m9','0444','الشقه 1750و200سمسار و200يومين ايجار','2'),(684,-700,'3',1,'4',1,'2017-05-20','2017-05-22 13:45:53','m1','0445','سلفه من المكافاه','2'),(685,-120,'3',1,'3',1,'2017-05-20','2017-05-22 13:46:43','m2','0446','تصليح تليفون','2'),(686,-100,'3',1,'1',1,'2017-05-21','2017-05-22 13:47:28','m3','0447','سلفه مرتب شهر 5','2'),(687,-2000,'3',1,'3',1,'2017-05-21','2017-05-22 13:51:41','m1','0448','سلفه من مكافاه','2'),(688,200,'490',2,'3',1,'2017-05-22','2017-05-22 13:53:59','p1','001339','','1'),(689,200,'503',2,'3',1,'2017-05-22','2017-05-22 14:48:07','p1','001340','','1'),(690,200,'369',2,'3',1,'2017-05-22','2017-05-22 14:48:50','p1','001341','','1'),(691,50,'486',2,'3',1,'2017-05-23','2017-05-25 14:20:44','p1','001342','','1'),(692,100,'497',2,'3',1,'2017-05-23','2017-05-25 14:21:45','p1','001343','','1'),(693,100,'498',2,'3',1,'2017-05-23','2017-05-25 14:22:37','p1','001344','','1'),(694,150,'476',2,'3',1,'2017-05-23','2017-05-25 14:23:25','p1','001345','','1'),(695,150,'457',2,'3',1,'2017-05-24','2017-05-25 14:24:05','p1','001346','','1'),(696,150,'42',2,'3',1,'2017-05-24','2017-05-25 14:24:43','p1','001347','','1'),(697,100,'255',2,'3',1,'2017-05-25','2017-05-25 14:25:20','p1','001348','','1'),(698,50,'207',2,'3',1,'2017-05-25','2017-05-25 14:25:58','p1','001349','','1'),(699,50,'63',2,'3',1,'2017-05-25','2017-05-31 15:32:47','p1','001350','','1'),(700,200,'435',2,'3',1,'2017-05-25','2017-05-31 15:33:58','p1','001351','','1'),(701,200,'508',2,'3',1,'2017-05-25','2017-05-31 15:40:03','p1','001352','','1'),(702,300,'506',2,'3',1,'2017-05-25','2017-05-31 15:42:15','p1','001353','','1'),(703,50,'488',2,'3',1,'2017-05-25','2017-05-31 15:44:04','p1','001354','','1'),(704,500,'77',2,'3',1,'2017-05-26','2017-06-01 15:57:50','p1','001355','','1'),(705,100,'477',2,'3',1,'2017-05-26','2017-06-01 15:59:15','p1','001356','','1'),(706,100,'213',2,'3',1,'2017-05-26','2017-06-01 16:00:13','p1','001357','','1'),(707,100,'85',2,'3',1,'2017-05-26','2017-06-01 16:00:54','p1','001358','','1'),(708,150,'496',2,'3',1,'2017-05-26','2017-06-01 16:01:42','p1','001359','','1'),(709,200,'25',2,'3',1,'2017-05-26','2017-06-01 16:02:20','p1','001360','','1'),(710,190,'133',2,'3',1,'2017-06-27','2017-06-02 16:09:33','p1','001361','','1'),(711,400,'69',2,'3',1,'2017-06-27','2017-06-02 16:10:16','p1','001362','','1'),(712,250,'143',2,'3',1,'2017-05-27','2017-06-02 16:11:48','p1','001363','','1'),(713,150,'149',2,'3',1,'2017-05-27','2017-06-02 16:12:45','p1','001364','','1'),(714,50,'291',2,'3',1,'2017-05-27','2017-06-02 16:13:34','p1','001365','','1'),(715,100,'416',2,'3',1,'2017-05-27','2017-06-02 16:14:17','p1','001366','','1'),(716,200,'10',2,'3',1,'2017-05-27','2017-06-02 16:15:12','p1','001367','','1'),(717,50,'483',2,'3',1,'2017-05-27','2017-06-02 16:15:54','p1','001368','','1'),(718,100,'503',2,'3',1,'2017-05-28','2017-06-02 16:16:36','p1','001369','','1'),(719,250,'164',2,'3',1,'2017-05-28','2017-06-02 16:17:20','p1','001370','','1'),(720,100,'8',2,'3',1,'2017-05-28','2017-06-02 16:18:16','p1','001371','','1'),(721,450,'459',2,'3',1,'2017-05-28','2017-06-02 16:18:59','p1','001372','','1'),(722,200,'183',2,'3',1,'2017-05-30','2017-06-02 16:19:41','p1','001373','','1'),(723,350,'193',2,'3',1,'2017-05-30','2017-06-02 16:20:39','p1','001374','','1'),(724,100,'144',2,'3',1,'2017-05-30','2017-06-02 16:21:27','p1','001375','','1'),(725,200,'173',2,'3',1,'2017-06-30','2017-06-02 16:22:26','p1','001376','','1'),(726,150,'424',2,'3',1,'2017-05-30','2017-06-02 16:23:23','p1','001377','','1'),(727,150,'81',2,'3',1,'2017-05-30','2017-06-02 16:24:05','p1','001378','','1'),(728,150,'429',2,'3',1,'2017-05-30','2017-06-02 16:24:46','p1','001379','','1'),(729,100,'55',2,'3',1,'2017-05-30','2017-06-02 16:25:24','p1','001380','','1'),(730,150,'82',2,'3',1,'2017-05-30','2017-06-02 16:26:03','p1','001381','','1'),(731,150,'369',2,'3',1,'2017-05-31','2017-06-02 16:26:40','p1','001382','','1'),(732,350,'135',2,'3',1,'2017-05-31','2017-06-02 16:27:27','p1','001383','','1'),(733,200,'61',2,'3',1,'2017-05-31','2017-06-02 16:28:02','p1','001384','','1'),(734,100,'507',2,'3',1,'2017-05-31','2017-06-02 16:28:36','p1','001385','','1'),(735,100,'504',2,'3',1,'2017-05-31','2017-06-02 16:29:15','p1','001386','','1'),(736,100,'505',2,'3',1,'2017-05-31','2017-06-02 16:29:53','p1','001387','','1'),(737,50,'115',2,'3',1,'2017-05-31','2017-06-02 16:30:28','p1','001388','','1'),(738,150,'105',2,'3',1,'2017-05-31','2017-06-02 16:31:06','p1','001389','','1'),(739,150,'279',2,'3',1,'2017-05-31','2017-06-02 16:32:11','p1','001390','','1'),(740,50,'144',2,'3',1,'2017-06-01','2017-06-02 16:32:53','p1','001391','','1'),(741,300,'359',2,'3',1,'2017-06-01','2017-06-02 16:33:33','p1','001392','','1'),(742,150,'499',2,'3',1,'2017-06-01','2017-06-02 16:34:28','p1','001393','','1'),(743,100,'508',2,'3',1,'2017-06-01','2017-06-02 16:35:08','p1','001394','','1'),(744,450,'11',2,'3',1,'2017-06-01','2017-06-02 16:35:47','p1','001395','','1'),(745,100,'510',2,'3',1,'2017-06-01','2017-06-02 16:43:32','p1','001396','','1'),(746,100,'509',2,'3',1,'2017-06-01','2017-06-02 16:44:08','p1','001397','','1'),(747,200,'68',2,'3',1,'2017-06-02','2017-06-02 16:44:44','p1','001398','','1'),(748,100,'511',2,'3',1,'2017-06-02','2017-06-02 16:45:27','p1','001399','','1'),(749,200,'104',2,'3',1,'2017-06-02','2017-06-02 16:46:09','p1','001400','','1'),(750,50,'371',2,'3',1,'2017-06-02','2017-06-08 14:54:06','p1','001401','','1'),(751,200,'106',2,'3',1,'2017-06-02','2017-06-08 14:55:03','p1','001402','','1'),(752,200,'513',2,'3',1,'2017-06-03','2017-06-08 14:55:44','p1','001403','','1'),(753,100,'289',2,'3',1,'2017-06-03','2017-06-08 14:56:20','p1','001404','','1'),(754,100,'512',2,'3',1,'2017-06-03','2017-06-08 14:56:56','p1','001405','','1'),(755,100,'121',2,'3',1,'2017-06-03','2017-06-08 14:57:29','p1','001406','','1'),(756,50,'291',2,'3',1,'2017-06-03','2017-06-08 14:58:04','p1','001407','','1'),(757,250,'163',2,'3',1,'2017-06-04','2017-06-08 14:58:50','p1','001408','','1'),(758,400,'83',2,'3',1,'2017-06-04','2017-06-08 14:59:26','p1','001409','','1'),(759,300,'460',2,'3',1,'2017-06-04','2017-06-08 15:03:07','p1','001410','','1'),(760,250,'26',2,'3',1,'2017-06-05','2017-06-08 15:04:45','p1','001411','','1'),(761,200,'395',2,'3',1,'2017-06-05','2017-06-08 15:06:02','p1','001412','','1'),(762,100,'478',2,'3',1,'2017-06-05','2017-06-08 15:06:45','p1','001413','','1'),(763,150,'149',2,'3',1,'2017-06-06','2017-06-08 15:08:18','p1','001414','','1'),(764,200,'490',2,'3',1,'2017-06-06','2017-06-08 15:09:31','p1','001415','','1'),(765,100,'514',2,'3',1,'2017-06-06','2017-06-08 15:12:03','p1','001416','','1'),(766,150,'277',2,'3',1,'2017-06-07','2017-06-08 15:13:20','p1','001418','','1'),(767,150,'64',2,'3',1,'2017-06-07','2017-06-08 15:14:43','p1','001419','','1'),(768,50,'289',2,'3',1,'2017-06-07','2017-06-08 15:15:40','p1','001420','','1'),(769,200,'103',2,'3',1,'2017-06-08','2017-06-08 15:18:42','p1','001421','','1'),(770,100,'110',2,'3',1,'2017-06-08','2017-06-08 15:19:32','p1','001422','','1'),(771,150,'232',2,'3',1,'2017-06-08','2017-06-08 15:20:21','p1','001423','','1'),(772,200,'68',2,'3',1,'2017-06-08','2017-06-08 15:21:30','p1','001424','','1'),(773,50,'488',2,'3',1,'2017-06-08','2017-06-08 15:22:16','p1','001425','','1'),(774,50,'10',2,'3',1,'2017-06-08','2017-06-08 15:23:19','p1','001426','','1'),(775,150,'61',2,'3',1,'2017-06-08','2017-06-08 15:24:07','p1','001427','','1'),(776,-20,'3',1,'4',1,'2017-05-25','2017-06-09 10:38:48','m10','0449','رزمه ورق','2'),(777,-100,'2',1,'2',1,'2017-05-25','2017-06-09 10:39:53','m3','0450','سلفه مرتب 5','2'),(778,-85,'3',1,'3',1,'2017-05-25','2017-06-09 10:43:31','m9','0451','اكل في الشقه','2'),(779,-5,'3',1,'3',1,'2017-05-26','2017-06-09 10:44:21','m5','0452','طباعه','2'),(780,-200,'3',1,'3',1,'2017-05-26','2017-06-09 10:45:12','m9','0453','تامين للشقه','2'),(781,-110,'3',1,'3',1,'2017-05-31','2017-06-09 10:46:13','m2','0454','شحن','2'),(782,-1750,'3',1,'5',1,'2017-05-31','2017-06-09 10:47:10','m3','0455','مرتب 5','2'),(783,-1750,'3',1,'3',1,'2017-05-31','2017-06-09 10:49:00','m3','0456','مرتب5','2'),(784,-1150,'3',1,'1',1,'2017-05-31','2017-06-09 10:56:06','m3','0457','مرتب5','2'),(785,-50,'3',1,'1',1,'2017-05-31','2017-06-09 10:57:15','m10','0458','كتابه تاريخ','2'),(786,-1450,'3',1,'2',1,'2017-05-31','2017-06-09 10:58:08','m3','0459','مرتب5','2'),(787,-1050,'3',1,'4',1,'2017-05-31','2017-06-09 10:59:25','m3','0460','مرتب 5','2'),(788,-55,'3',1,'2',1,'2017-06-01','2017-06-09 11:02:08','m9','0461','تسويه العيش لفطار سنه 3','2'),(789,-250,'3',1,'1',1,'2017-06-01','2017-06-09 11:03:07','m9','0462','اكل لفطار سنه 3','2'),(790,-90,'3',1,'5',1,'2017-06-01','2017-06-09 11:05:20','m10','0463','رزمه ورق و 40مشروبات لسنه 2','2'),(791,-10,'3',1,'3',1,'2017-06-01','2017-06-09 11:26:34','m9','0464','ياسر اكرامي مواصلات ','2'),(792,-300,'3',1,'4',1,'2017-06-02','2017-06-09 11:28:19','m9','0465','(افطار (نبيه','2'),(793,-6900,'3',1,'3',1,'2017-06-02','2017-06-09 11:30:49','m9','0466','يوم ال اوبن داي','2'),(794,-2750,'3',1,'3',1,'2017-06-03','2017-06-09 11:32:19','m4','0467','تصوير شهر 5 و30بروجكتور','2'),(795,-50,'3',1,'5',1,'2017-06-03','2017-06-09 11:33:49','m9','0468','مشروبات ل اولي وثالثه','2'),(796,-500,'3',1,'5',1,'2017-06-03','2017-06-09 11:34:55','m8','0469','مكافاه شهر 5','2'),(797,-500,'3',1,'2',1,'2017-06-06','2017-06-09 11:35:50','m8','0470','مكافاه شهر5','2'),(798,-500,'3',1,'4',1,'2017-06-06','2017-06-09 11:36:56','m8','0471','مكافاه شهر 5','2'),(799,-20,'3',1,'3',1,'2017-06-03','2017-06-09 11:37:52','m2','0472','شاحن للموبايل','2'),(800,-350,'3',1,'1',1,'2017-06-06','2017-06-09 11:39:00','m8','0473','مكافاه 5','2'),(801,-500,'3',1,'3',1,'2017-06-06','2017-06-09 11:40:08','m8','0474','مكافاه شهر 5','2'),(802,-500,'3',1,'5',1,'2017-06-06','2017-06-09 11:42:14','m1','0475','سلفه من مكافاه الترم','2'),(803,-200,'3',1,'3',1,'2017-06-06','2017-06-09 11:43:43','m9','0476','استرداد مصاريف عمر مجدي','2'),(804,-200,'3',1,'3',1,'2017-06-08','2017-06-09 11:45:56','m9','0477','استرداد مصاريف شيرين محمد','2'),(805,-100,'3',1,'1',1,'2017-06-08','2017-06-09 11:46:45','m3','0478','سلفه مرتب 6','2'),(806,100,'29',2,'3',1,'2017-06-09','2017-06-09 11:49:20','p1','001428','','1'),(807,50,'37',2,'3',1,'2017-06-09','2017-06-09 11:51:54','p1','001429','','1'),(808,-100,'3',1,'3',1,'2017-06-09','2017-06-09 15:26:23','m9','0479','استرداد مصاريف تاريخ','2'),(809,50,'173',2,'3',1,'2017-06-10','2017-06-10 13:03:33','p1','001430','','1'),(810,200,'134',2,'3',1,'2017-06-12','2017-06-16 17:05:04','p1','1431','','1'),(811,50,'69',2,'3',1,'2017-06-12','2017-06-16 17:06:13','p1','1432','','1'),(812,250,'83',2,'3',1,'2017-06-12','2017-06-16 17:07:04','p1','1433','','1'),(813,50,'449',2,'3',1,'2017-06-12','2017-06-16 17:08:16','p1','1434','','1'),(814,50,'232',2,'3',1,'2017-06-12','2017-06-16 17:09:00','p1','1435','','1'),(815,150,'211',2,'3',1,'2017-06-14','2017-06-16 17:09:43','p1','1436','','1'),(816,150,'58',2,'3',1,'2017-06-14','2017-06-16 17:11:39','p1','1437','','1'),(817,650,'103',2,'3',1,'2017-06-15','2017-06-16 17:13:35','p1','1438','','1'),(818,50,'103',2,'3',1,'2017-06-15','2017-06-16 17:14:28','p1','1439','','1'),(825,-188,'2',1,'2',2,'0000-00-00','2017-09-25 22:07:52','m0','lkjklj','','25'),(829,0,'1',1,'5',2,'1900-12-23','2017-09-25 22:10:49','m0','kjlkjaaa','asd','50'),(839,-750,'4',1,'2',1,'0000-00-00','2017-09-25 22:20:08','m5','12','','2'),(840,-75011,'1',1,'3',1,'2017-06-30','2017-09-25 22:21:18','m5','121113','','2'),(842,750,'5',2,'3',1,'0000-00-00','2017-09-25 22:24:51','p1','12121212','','1'),(843,750,'1',2,'3',1,'0000-00-00','2017-09-25 22:26:27','p1','77','','1'),(844,750,'8',2,'5',1,'1900-12-17','2017-09-25 22:27:23','p1','12312142','','1');
/*!40000 ALTER TABLE `tickets` ENABLE KEYS */;
UNLOCK TABLES;

--
-- Final view structure for view `absall`
--

/*!50001 DROP VIEW IF EXISTS `absall`*/;
/*!50001 SET @saved_cs_client          = @@character_set_client */;
/*!50001 SET @saved_cs_results         = @@character_set_results */;
/*!50001 SET @saved_col_connection     = @@collation_connection */;
/*!50001 SET character_set_client      = utf8 */;
/*!50001 SET character_set_results     = utf8 */;
/*!50001 SET collation_connection      = utf8_general_ci */;
/*!50001 CREATE ALGORITHM=UNDEFINED */
/*!50013 DEFINER=`root`@`localhost` SQL SECURITY DEFINER */
/*!50001 VIEW `absall` AS select `students`.`stid` AS `stid`,`students`.`stname` AS `stname`,`students`.`stmob` AS `stmob`,`students`.`sttel` AS `sttel`,`students`.`stparenttype` AS `stparenttype`,`students`.`stparentname` AS `stparentname`,`students`.`stparentmob` AS `stparentmob`,`students`.`stemail` AS `stemail`,`students`.`staddress` AS `staddress`,`students`.`stnationalid` AS `stnationalid`,`students`.`styear` AS `styear`,`students`.`stterm` AS `stterm`,`students`.`stgroup` AS `stgroup`,`students`.`stbalance` AS `stbalance`,`material`.`matid` AS `matid`,`material`.`matname` AS `matname`,`material`.`matyear` AS `matyear`,`material`.`matterm` AS `matterm`,`absence`.`absid` AS `absid`,`absence`.`date` AS `date`,`absence`.`students_stid` AS `students_stid`,`absence`.`material_matid` AS `material_matid` from ((`absence` join `material` on((`material`.`matid` = `absence`.`material_matid`))) join `students` on((`absence`.`students_stid` = `students`.`stid`))) order by `absence`.`date` desc */;
/*!50001 SET character_set_client      = @saved_cs_client */;
/*!50001 SET character_set_results     = @saved_cs_results */;
/*!50001 SET collation_connection      = @saved_col_connection */;

--
-- Final view structure for view `prmatall`
--

/*!50001 DROP VIEW IF EXISTS `prmatall`*/;
/*!50001 SET @saved_cs_client          = @@character_set_client */;
/*!50001 SET @saved_cs_results         = @@character_set_results */;
/*!50001 SET @saved_col_connection     = @@collation_connection */;
/*!50001 SET character_set_client      = utf8 */;
/*!50001 SET character_set_results     = utf8 */;
/*!50001 SET collation_connection      = utf8_general_ci */;
/*!50001 CREATE ALGORITHM=UNDEFINED */
/*!50013 DEFINER=`root`@`localhost` SQL SECURITY DEFINER */
/*!50001 VIEW `prmatall` AS select `professors`.`prname` AS `prname`,`professors`.`prmob` AS `prmob`,`professors`.`prtel` AS `prtel`,`professors`.`prparentname` AS `prparentname`,`professors`.`premail` AS `premail`,`professors`.`prparentmob` AS `prparentmob`,`professors`.`prbalance` AS `prbalance`,`material`.`matyear` AS `matyear`,`material`.`matterm` AS `matterm`,`professors`.`prid` AS `prid`,`material`.`matid` AS `matid`,`material`.`matname` AS `matname` from ((`material` join `prmat` on((`material`.`matid` = `prmat`.`material_matid`))) join `professors` on((`prmat`.`professors_prid` = `professors`.`prid`))) */;
/*!50001 SET character_set_client      = @saved_cs_client */;
/*!50001 SET character_set_results     = @saved_cs_results */;
/*!50001 SET collation_connection      = @saved_col_connection */;

--
-- Final view structure for view `stmatall`
--

/*!50001 DROP VIEW IF EXISTS `stmatall`*/;
/*!50001 SET @saved_cs_client          = @@character_set_client */;
/*!50001 SET @saved_cs_results         = @@character_set_results */;
/*!50001 SET @saved_col_connection     = @@collation_connection */;
/*!50001 SET character_set_client      = utf8 */;
/*!50001 SET character_set_results     = utf8 */;
/*!50001 SET collation_connection      = utf8_general_ci */;
/*!50001 CREATE ALGORITHM=UNDEFINED */
/*!50013 DEFINER=`root`@`localhost` SQL SECURITY DEFINER */
/*!50001 VIEW `stmatall` AS select `students`.`stname` AS `stname`,`students`.`stmob` AS `stmob`,`students`.`styear` AS `styear`,`students`.`stterm` AS `stterm`,`students`.`stgroup` AS `stgroup`,`students`.`stbalance` AS `stbalance`,`material`.`matname` AS `matname`,`material`.`matid` AS `matid`,`material`.`matyear` AS `matyear`,`material`.`matterm` AS `matterm`,`students`.`sttel` AS `sttel`,`students`.`stparenttype` AS `stparenttype`,`students`.`stparentname` AS `stparentname`,`students`.`stparentmob` AS `stparentmob`,`students`.`stemail` AS `stemail`,`students`.`staddress` AS `staddress`,`students`.`stnationalid` AS `stnationalid`,`students`.`stid` AS `stid` from ((`students` join `stmat` on((`students`.`stid` = `stmat`.`students_stid`))) join `material` on((`material`.`matid` = `stmat`.`material_matid`))) where (`stmat`.`status` = 1) */;
/*!50001 SET character_set_client      = @saved_cs_client */;
/*!50001 SET character_set_results     = @saved_cs_results */;
/*!50001 SET collation_connection      = @saved_col_connection */;
/*!40103 SET TIME_ZONE=@OLD_TIME_ZONE */;

/*!40101 SET SQL_MODE=@OLD_SQL_MODE */;
/*!40014 SET FOREIGN_KEY_CHECKS=@OLD_FOREIGN_KEY_CHECKS */;
/*!40014 SET UNIQUE_CHECKS=@OLD_UNIQUE_CHECKS */;
/*!40101 SET CHARACTER_SET_CLIENT=@OLD_CHARACTER_SET_CLIENT */;
/*!40101 SET CHARACTER_SET_RESULTS=@OLD_CHARACTER_SET_RESULTS */;
/*!40101 SET COLLATION_CONNECTION=@OLD_COLLATION_CONNECTION */;
/*!40111 SET SQL_NOTES=@OLD_SQL_NOTES */;

-- Dump completed on 2017-09-26 17:46:56
